problem_id,arxiv_id,version,title,author,claim,H,tex_sha256,license
001,,,Serre criterion for affineness,The Stacks Project Authors,,H2,4cce9deb24a30e2f2d2059381c81589f1bf33186206bf949e97b611b994f14b9,
016,,,Chow lemma for separated finite-type morphisms over a Noetherian base,The Stacks Project Authors,,H2,5b63f6ca733daac5812ec06b4a6196c0941ddfbff2de5ab7a53094547c8868c8,
030,,,Cohen structure theorem,The Stacks Project Authors,,H2,bfedfa7fb896523ede06599c7c019e0e703fb8a66301eab62bbeb516a091cc8c,
037,,,Stein factorization with geometrically connected fibres,The Stacks Project Authors,,H2,a78917d096536de5c4462565226eec3adaf2acaa76f2da9c5bd535137eec3b36,
062,,,Skolem-Noether conjugacy theorem,The Stacks Project Authors,,H2,94467c4c2f523efab7eeaa2a84c496cdff791d4c986187a119300754568a7c6e,
065,,,Lazard characterization of flat modules,The Stacks Project Authors,,H2,f140d736cf273920f8e4490d2ae8b6ebdb05cbada5e6db9a8054456769eee243,
112,,,Miracle flatness,The Stacks Project Authors,,H2,4760340d5ae0806e19495986b03f5f0abe3a956c6f5a02e8589d9c02d6e881a5,
114,,,Openness of fibrewise exactness for finite free complexes over flat finite-type algebras over a Noetherian base with Cohen-Macaulay fibres of fixed dimension,The Stacks Project Authors,,H2,0789a95c5d4b410271d71831810a4c9ba50bc068d33c465036201dd17bafb9ad,
241,,,Decomposition and classification of injective modules over a Noetherian ring,The Stacks Project Authors,,H2,5afcdf159a0c757cfed0dc28ca6e65ca2520e8e3ad94ff22c0c644195219f0f0,
242,,,Explicit Cech construction of the right adjoint for derived torsion complexes,The Stacks Project Authors,,H2,7a68d7ffbb99306090f0a336d754927eb2a0aeca6e35dcfe85614991da3e9942,
243,,,Greenlees-May identities relating derived completion and local cohomology,The Stacks Project Authors,,H2,5dc379ac10c3dbb5edf1eb0a67af071a40b1f038b6bd4d5544f4bffedbfbf9b5,
244,,,The image of the unit under an A-linear coherent derived equivalence is invertible,The Stacks Project Authors,,H2,a2150e8fd90c40ae0563708b331f7d56f72869c012706080fba99bc266b72c75,
245,,,"Amplitude, support dimension and depth of duals of finite local modules",The Stacks Project Authors,,H2,0207ddc7284eee1ee2d0da605794360c5e72fc4a55ae1e87576f86e8ba099e95,
246,,,Support and Serre S2 property of the canonical module,The Stacks Project Authors,,H2,2dd7cf008e39461872b03d8b0e2a42d969d10cd62cd020548ef199f61c4a9193,
247,,,Gorenstein ascent and descent for flat local ring homomorphisms,The Stacks Project Authors,,H2,72c6c082a84882f22bfad0a60fd2f215ec52181dfa60b004934357a5b750363a,
248,,,Gorenstein formal fibres of a local ring with a dualizing complex,The Stacks Project Authors,,H2,ab86e02b7a599ece0c4943fe3f3813cb89368734248d63289389326913975ccc,
249,,,Identification of upper shriek with derived Hom for finite ring maps,The Stacks Project Authors,,H2,b9f927843be9478ae6a185cb005eb5a23b15e4860bb0dd89cd445949a2a69037,
250,,,Expression of algebraic upper shriek by dualizing biduality,The Stacks Project Authors,,H2,7c3cb1dd6cfde19d02c529015844664132cfed7a2673ee2deef9f69d39902434,
251,,,Fibre-dimension bounds and relative Tor amplitude of a flat relative dualizing complex,The Stacks Project Authors,,H2,fde28430edb4c9bb8f9e23dc8303206b400beee1837b58fdb643564e0ab5c0da,
252,,,Existence and arbitrary base change of relative dualizing complexes for flat finitely presented algebras,The Stacks Project Authors,,H2,82832ae248ab95e995941a53813189151a146293e3d9a2a9bc73768e8e60952f,
253,,,Localization on the base of the right adjoint for proper pushforward,The Stacks Project Authors,,H2,ce5fa8502322b1a7823e1b698317c5c1dcbb0e7966ff8c660749452c954aef8a,
254,,,Tor-independent base change for the right adjoint of proper pushforward,The Stacks Project Authors,,H2,b84bedab5db08de7e246af1b13675df62d85452aefa8e78d8cbd6ce76346aff6,
255,,,"Perfection, pushforward vanishing and self-duality of proper flat relative dualizing complexes",The Stacks Project Authors,,H2,f82e22a0564d1c429ea3cd5e38cac37c691a424d643991eb03e4dda8d47a7e4c,
256,,,The dualizing complex of an arbitrary projective bundle,The Stacks Project Authors,,H2,f59374e02ca7357aff170d81375fe12ec8583aa140872ebac877cad4528139ce,
257,,,Dualizing Ext for a Koszul-regular immersion and its normal determinant,The Stacks Project Authors,,H2,6c72c74091fcbc2f17acdb6663eec926af5baf6338dc731447eef4b916d0c8ac,
258,,,Compactification independence of the twisted inverse image functor,The Stacks Project Authors,,H2,09dd990aa57f2b0bc21cfe17a6d401c183cb2cc3fe73a6eee070ff93cfc12942,
259,,,Canonical transitivity of twisted inverse image for separated finite-type morphisms,The Stacks Project Authors,,H2,2bfcf537ff09b8324de642907dccbf93c0aeba969410b5b84362dd0cd34b1200,
260,,,Existence of normalized dualizing complexes on finite-type schemes,The Stacks Project Authors,,H2,2159f021c7cea46ad9a3c33b43dfd732ce2b0bdfa2396166cb2a902077265535,
261,,,Global existence of relative dualizing complexes for flat locally finitely presented morphisms,The Stacks Project Authors,,H2,085fd571aa3f19ac27cabd9c24ff42e1f81df28347f6a9cce2171501883b45f9,
262,,,Composition of rigidified relative dualizing complexes for flat morphisms,The Stacks Project Authors,,H2,5ed89f6e2f7683b390f2cf243fd1227641062a121003107e55111add072d5965,
263,,,Fundamental class of a local complete intersection and detection of smoothness,The Stacks Project Authors,,H2,00abe59e28510b57891e4947af4e1f9a5cbd24b28f0a37a8e32157c7a1cf981f,
264,,,Deligne systems represent derived Hom after restriction to an open subscheme,The Stacks Project Authors,,H2,9c0d0e565fa62b907e0ec9c6f5d789f562314555b72ee241bd7394d5aeda98ae,
265,,,Topological duality between coherent cohomology and compactly supported cohomology,The Stacks Project Authors,,H2,5056d28c6efd2bcb83d02e533fb700a290b07334846d17fb38d67cfc7338cd9a,
266,,,Nonvanishing of top coherent cohomology forces a variety to be proper,The Stacks Project Authors,,H2,001be059333ab1df4c159299efb99096bc89de0879f4ed8852ac09f988a86527,
267,,,Equidimensionality of catenary Noetherian local S2 rings,The Stacks Project Authors,,H2,28992f8e663cbd8f6deb46ee6ec8578267b86c83d4e381cfec2bb53296033b80,
268,,,Local-to-global finiteness of low local-cohomology modules,The Stacks Project Authors,,H2,526c1ee37428feb55ceb6de826d013519477c57249febde25d0c08fb66b576a1,
269,,,Associated-point criterion for coherence of pushforward from an open subscheme,The Stacks Project Authors,,H2,c6cb8303a32f47d3e15765c1da78111d70f54ea65ad4bdbec6b16e57af501db6,
270,,,Coherence across codimension-two boundaries on Nagata universally catenary schemes,The Stacks Project Authors,,H2,586fc560477eaface08eb9403941d658709daec6e52803dbac33365bc901dd1a,
271,,,Descent of etale sheaf sections along submersive morphisms with connected geometric fibres,The Stacks Project Authors,,H2,71f5b279a6238c1ec1b8012c71447ee5e62d1525e752667f98a5fb29756f2f6d,
272,,,Reconstruction of affine scheme morphisms from locally ringed etale topoi,The Stacks Project Authors,,H2,41dfc87bbd959d379b92126e8ceaf33cfce524f74aa1ce83e508a0242a40eb4c,
273,,,Full faithfulness of etale base change under universal homeomorphisms,The Stacks Project Authors,,H2,3a8df331ec5467c83ef85bb4090ac8c035509f75c6bb1360a3bbee81cf6da2bd,
274,,,Higher direct images commute with inverse limits of quasi-compact quasi-separated scheme morphisms,The Stacks Project Authors,,H2,245b180671c029bfc9777c71427e01f122e908a11e619d748b5db6e9438dc1bd,
275,,,Cohomological descent and its spectral sequence for surjective finite scheme morphisms,The Stacks Project Authors,,H2,340bee79462089aa261b67904c6f9966a817592e04d9314b43bf696278d3e1e7,
276,,,Every etale structure-sheaf module on a zero-dimensional local scheme is quasi-coherent,The Stacks Project Authors,,H1,007777da312a704bced0aa73074c17fa7ae0df44d937d6a9160047ef6472c155,
277,,,The Brauer class of a degree-d Azumaya algebra is annihilated by d,The Stacks Project Authors,,H2,9aeffa607a245815365a2cc4dd06150ee8527cb46f95c212923199ea4158537c,
278,,,Finite-dimensional top coherent cohomology of separated finite-type schemes over a field,The Stacks Project Authors,,H2,676a6d3ab3fd1b7e7a432512409884f48caa5001798d978463e40e4d32f277b1,
279,,,Tsen-Lang theorem for function fields of r-dimensional varieties over algebraically closed fields,The Stacks Project Authors,,H2,99d04b0754d63687a87bea0ac5d3bcd08b752c80fc73088ec2a41783435b6cdf,
280,,,Finite representable coequalizer presentations of constructible etale sheaves,The Stacks Project Authors,,H2,cf7688bbda8ea9363418e8ea6f950cae27bdf8a21e78cf46132fca9b10ec8ee4,
283,,,Global section rigidity for spectral spaces with connected specialization intersections,The Stacks Project Authors,,H2,9ed44fdddb7e96c259806adeee93b8fb63f2ebdb2e65bee7ff602fa3cb7265dc,
284,,,"Vanishing, finiteness, and algebraically closed base change for torsion etale cohomology of curves",The Stacks Project Authors,,H2,7d28e0e2ff7bd47bdf9ffe1e1171a0361cf8cb94b59d095d117334f3e95de3bc,
286,,,Proper base change for arbitrary torsion etale coefficients,The Stacks Project Authors,,H3,57bf78f19e794d0226645ca8fe3e871cb632ea8e188a20fa830cf9e9e83d2ffc,
287,,,Relative cohomological-dimension bound twice the fibre dimension for proper morphisms,The Stacks Project Authors,,H2,1be97ab32e287228b463250c144895b272cfbd51c923fcb6c6efef4839200e05,
288,,,Affine etale cohomological dimension is bounded by dimension plus the field cohomological dimension,The Stacks Project Authors,,H3,c58939c20a044fe244ca37e0b13dfa9e5659ce122ed586dc281b5df06970dd6c,
289,,,Product base change for open immersions with invertible torsion coefficients,The Stacks Project Authors,,H3,7cdd16b4f3549aaf5c7675ca0e09e2c7ae0a5cee4827c5fc5afbebf7559119a0,
290,,,Universal punctual base change for etale cohomology over a field,The Stacks Project Authors,,H2,6b68ef9e3097267e34cfab032a9832a209b6637101df2e2b696be9928494a7a2,
291,,,Unbounded quasi-coherent complexes satisfy affine fppf cohomological descent,The Stacks Project Authors,,H2,376b8d862ecc69c5c58d4860fc4403c9cc315261778491b9e39935600f25601e,
293,,,Beck monadicity,Wen-Wei Li,,H2,94c210f88d21aa109001e2b7f1a8f1f3b9adc23757d616d42ae95581a22369d5,
294,,,Morita equivalence classification,Wen-Wei Li,,H2,069baeadadf6aae02ca86cccfa84364b300c6d0519d4f643d87305fa569dcf3a,
295,,,Gabriel compact-projective-generator theorem,Wen-Wei Li,,H2,7d031af4ba70316e6555f348c5fe720fa9c12053e633ec68c066ec2199c91bc8,
296,,,Classification of Galois categories by finite continuous automorphism-group sets,The Stacks Project Authors,,H2,9a1d240a0d505f3fbff56b7ad6eeb6bac10bd74764f4d80d3c3219fc879b9e50,
297,,,Finite etale covers of proper schemes over henselian local rings are determined by the closed fibre,The Stacks Project Authors,,H3,aeb7c20d687cfe7590c83520077ce397f5402a422f0f614a7e096f2ff8bc35ef,
298,,,Fundamental-group exact sequence for a punctured local spectrum and its strict henselization,The Stacks Project Authors,,H2,239c516623733b1f5c45682d95251073de24bd86964fa8e53d57db5f51250cdb,
299,,,Etaleness of inertia invariants for finite group actions on arbitrary rings,The Stacks Project Authors,,H2,c57e33c73b4acc88c9a8678ad2fd2bc740856638298c6d2a29cbe11effd40424,
300,,,Arithmetic fundamental-group exact sequence for geometrically connected schemes over a field,The Stacks Project Authors,,H2,4fff3bc89d96d890ae59f5394e8ac2e6440ccd630ef60c2c68a4bf2923df0dfb,
301,,,Homotopy exact sequence for proper flat families with geometrically connected reduced fibres,The Stacks Project Authors,,H2,b9e026ad74e8a8478884f36e0b0d3150564e9ff5946982ee3887f881d9c71fbf,
304,,,Stability of exact complexes under Artin-Rees controlled perturbation,The Stacks Project Authors,,H1,e3dcbc057baee112e2d3e037466ce99fb45df435e9e3280f9d48e63fd9b23dac,
305,,,Patching equivalence for flat modules over a fibre product,The Stacks Project Authors,,H2,c70694e190b2470eef50ef76ebce106c406b76d12ff03aba5a50b15c1718ba8d,
306,,,Principal Fitting ideals and projective-dimension-one decomposition,The Stacks Project Authors,,H2,11ba8749a1afb5a8f7286d3369c3b0aee1f54b02b6b2ac86e92be22b5eb68dfe,
307,,,Etale-local lifting of sections of smooth algebras,The Stacks Project Authors,,H2,538973b8ecf668956cf8761887d8a95b4c14c92ab6ffe784e6f219052c71630b,
308,,,Construction and universal property of henselization of pairs,The Stacks Project Authors,,H2,2597e8266ce89c7607762af56b0acd829cb250150e752c7ed44fb73e242dc97d,
309,,,Finiteness of the next Serre-depth defect locus,The Stacks Project Authors,,H2,851484d6c9709af09015ccd7dfb982d57444b6683c8e79d326bbde61261ac5f1,
310,,,Faltings annihilator theorem for local cohomology,The Stacks Project Authors,,H3,5d2af1bab9408ac9c7a12a38196efc5591f51f301ce7b2f04c586d949f3bd6b0,
311,,,Completion inequalities for the depth-codimension finiteness cutoff,The Stacks Project Authors,,H2,8b8cf865eac3e3c7c79f09cdf4b6ffe3a9641d3cd26e25a6ad4bacd5d7c8f053,
312,,,Hartshorne-Lichtenbaum top local-cohomology vanishing,The Stacks Project Authors,,H3,b6d2eadcadee9858054eabe46bf43603c7d28bfea00d4eb5b43c1abb9d79ccea,
313,,,Injectivity of residue-supported modules with characteristic-zero derivation operators,The Stacks Project Authors,,H2,fd3ddcc18a74962962b01737a05b0edff5d5c88b815a5afa0d0f3c7125e501b6,
314,,,Injectivity of residue-supported Frobenius-stable modules over regular local rings,The Stacks Project Authors,,H2,50121d1a352d486841054927b3464c7e929004b8aa622a5279398cd790569e1f,
315,,,Uniform annihilation of high Tor against every ideal-power quotient,The Stacks Project Authors,,H2,6cef6076164b2575de6ad8c1f678a15b82516bfb8a379a0bd91a66fc72e3d8b8,
316,,,Verdier multiplicative systems associated to triangulated subcategories,The Stacks Project Authors,,H2,cf75bace09c0ec87ea5176f0603889679bb0682cfdda0cfd6c0a9bbbf74e3b36,
317,,,Essential surjectivity of the derived functor to a Serre quotient,The Stacks Project Authors,,H2,90384a963eaf3c3cc9507991b43fab20991c8cc05b5f874d02b841501942c16b,
318,,,Existence of unbounded left derived functors under exact sequential colimits,The Stacks Project Authors,,H2,f573edc429621b9f9279dacf4348572fa7a36e5ecc3407ec4c1f38c6aba575b3,
319,,,K-injective limits of truncation resolutions and derived completeness,The Stacks Project Authors,,H2,f666326f792998b7c4490560e9a54c97ad5e22df0d675dc16263937f78e38efb,
320,,,Existence and isomorphism of Postnikov systems under Hom vanishing,The Stacks Project Authors,,H2,2e02711f330cac6a738d1ef77b8f697d14840878cfa9c39f72b8440166f8c84e,
321,,,Finite etale covers of normal punctured spectra are equivalent to finite normal algebras,The Stacks Project Authors,,H2,535dd52e228e7a5171ba6554b095c7bff9b0a3bcc0c1434be606f542553ce3e1,
322,,,Purity of finite etale covers of regular local punctured spectra,The Stacks Project Authors,,H2,4fcd195cafd83a5a2e8ce4fd0dbba7acb11b5f9d101824fe711a0a2194a403fd,
323,,,Unique reflexive finite extension of etale covers across depth-two complements,The Stacks Project Authors,,H2,c6f30f19e1d00f8d4330a2396e86b7f550c327438aa341ff62cbcbbadd7ee897,
325,,,Effective exceptional canonical divisors characterize rational surface singularities,The Stacks Project Authors,,H2,1594d356175b36205e196658858715645c23d6e0c339c971609414b9ed2962ca,
326,,,Purity of the ramification locus for finite-type maps from normal schemes to regular schemes,The Stacks Project Authors,,H3,dd2847cdf996fd20f9b9d7bfbc9b1691fe61738a1026a3c063f13b501e83b85c,
327,,,Affineness of the maximal etale locus over excellent regular schemes,The Stacks Project Authors,,H3,3b92eff647353df63b4e6a8d48fdde02b0847926e904bfcd24ae0d04f55df9b4,
328,,,Characteristic-p coordinate modification decreases the nonfinite invariant of an etale algebra lift,The Stacks Project Authors,,H2,e56cc7b84361fa97ba2f889ffc3f0008467fd878e1e6c55683b4b22b89cbbfa7,
329,,,Existence of relative divided power envelopes for arbitrary ring-ideal maps,The Stacks Project Authors,,H1,490d46741a413e5d96d8299bf136864009e645c4a11e1394b4bfef4bce68e1f5,
330,,,Divided power envelopes commute with Tor-controlled flat base change,The Stacks Project Authors,,H2,ecabc9e06b0320ab2b9ad26935bcb46de4820ce3ada467a45fb97fa601dd72c1,
331,,,Every crystalline module crystal carries a canonical integrable connection,The Stacks Project Authors,,H2,f35566f8f56aeac86d2053b6bafc57295eb0a203720296d01b7b051223304c3e,
332,,,Crystals on affine crystalline sites yield complete modules with topologically quasi-nilpotent integrable connections,The Stacks Project Authors,,H2,cc7afee2a522b744f2eff2cb5b5cb78c944c45ce9b1ae581cfcdfb701b667f9b,
333,,,Crystalline cohomology of affine crystals is computed by the completed divided-power de Rham complex,The Stacks Project Authors,,H2,edc8745a90c408f009480a8ff0ebaa08acc8f8e8e3459be64ed061372e8a1158,
334,,,A p-power divided-power extension admits a de Rham homotopy inverse up to multiplication by p,The Stacks Project Authors,,H3,2554c1c2b58771bfe58d515927d8893984c88389f9674a5e8842be011cff6a64,
335,,,Finite etale algebras over a henselian pair,The Stacks Project Authors,,H2,1761bf239a6d9c9f70e1a68b7e8ea69bf33e24baf345e8f75aba69b1031c84fe,
336,,,Descent of projectivity through finite injective ring extensions,The Stacks Project Authors,,H2,425d8ded197fe62d8d4de0e1bf689127157e0f6d5661b75c4b15c52bd75bf5ff,
337,,,Reflexive modules and codimension-one intersections,The Stacks Project Authors,,H2,d9e87c16d8038feb1436416e16f816d3add86f18625cd1dec604012049ca6264,
338,,,Blowing up a finite module to make its strict transform locally free,The Stacks Project Authors,,H2,a0a5232be7d85e26d6ae178ac34961cf8ae27d6aadec06ee5d754d9a7aab8971,
339,,,Universal injectivity of a completed direct sum into a product,The Stacks Project Authors,,H2,355e9b5e8421e6c6c99d2d131690ea248a0f3e80620ad0ef1693efa67115a156,
340,,,First Koszul homology regularity implies quasi-regularity,The Stacks Project Authors,,H2,2a7542259a9a1d0b199282de1c5bcd026b2b0f5a22fa1f9b751c62df13068986,
341,,,Independence of polynomial presentation for Koszul-regular kernels,The Stacks Project Authors,,H2,637be0ee11aa174eec5a680619e1b1ee6724d0d05f4194f3845639cf9dd63184,
343,,,Continuous lifting through closed topologically nilpotent ideals,The Stacks Project Authors,,H2,fb65e9e3fa590ddb3883c3ba00377b93eaf8cdc74a162a939f8fcf8109188dc9,
344,,,Testing formal smoothness by small Artinian extensions,The Stacks Project Authors,,H2,e5e90b06538a1b71fdbbca2da34376c683a27798decb5d105e01b6127048ed95,
345,,,Filtered subfield intersections and characteristic-p differentials,The Stacks Project Authors,,H2,3ae824f4d4d39706568ee1f25af2edf01d0ed50c8935ff0a69ecf9ce822c84e5,
346,,,A derivation detecting a non-pth-power in a finite-type domain,The Stacks Project Authors,,H2,e5df4b7aefdb7892215a7f41a7ecd788cd9bfc8293fdb73e65402bb9f5a1088c,
347,,,Regularity of flat complete local maps with geometrically regular closed fibre,The Stacks Project Authors,,H2,5139d685f457d468bc1db6308b50f918116df5053bd9c94e73f3d8457185b8ff,
348,,,Henselization preserves the G-ring property,The Stacks Project Authors,,H2,4881d901e55a6ca32a050f3ee2f607068689d41a0d83afb6274b4c36d681af85,
349,,,Essentially finite-type algebras over G-rings remain G-rings,The Stacks Project Authors,,H2,4d0a2a0f19be0aacae767a90055e3c2b2a36b85e13f7028f08e4681d16fb46aa,
350,,,Nagata local rings and geometrically reduced formal fibres,The Stacks Project Authors,,H2,190acf6d7ece0fa1f6ab76e0818ae0255c9aa2335ac429cfbe4529eedab8de11,
351,,,Restriction of scalars detects pseudo-coherence,The Stacks Project Authors,,H2,68b3484e9ab2ca7d2d4e2990bc66ac9852e9153ec8381a45cebe9cb7183917ee,
353,,,Lifting a prescribed projective complex across an ideal,The Stacks Project Authors,,H2,d2dd9b383220083edfed551ee0173d18b095689ee279e5f1c652bc511ff95f3a,
354,,,Perfect complexes are exactly compact derived objects,The Stacks Project Authors,,H2,e7242035addd23d8638024270a5140724b55602246c6353cde71d1dcf42ce4f5,
355,,,Gluing perfectness across two quotient ideals,The Stacks Project Authors,,H2,4c72adf3764521a30b6db9184b9d193bd7e206aa24db4a0025abd828adc74155,
356,,,Strong generation by the ring forces finite-dimensional regularity,The Stacks Project Authors,,H2,2306bc0b53c0837efa7a79f6a9d8340199f8426643fde4d1994337692a5ea99b,
357,,,Kunz flat-Frobenius criterion for regularity,The Stacks Project Authors,,H3,d4510a126cae4cdd8bc4b0181940eda12444dab1cd85783f2b8cd38f2647038a,
358,,,Uniform twist vanishing for almost-projective modules on a blowup,The Stacks Project Authors,,H2,aedbabee1bfc4466c60ebc7c4c70c1d513cd5e466a9c0b9221edee0a950700a6,
359,,,The nine-triangle diagram in a triangulated category,The Stacks Project Authors,,H2,d222c21334b1e9bf0336fd53daf475dd2001280c7b8d40554f6438ed56f438d7,
360,,,Existence of strict filtered-injective resolutions of bounded-below filtered complexes,The Stacks Project Authors,,H2,26d9d616ecf7789f8f409dbb861ed7488a1ee3ecdc5562ea08c51c1d7e312e7c,
361,,,Unbounded right derived functors with finite cohomological dimension,The Stacks Project Authors,,H2,6016c617e4fc19fdb8f46faa82bf9358e1fe833fbc052802d10f0abea83c876a,
362,,,Finite-stage descent of flatness along a filtered colimit,The Stacks Project Authors,,H2,af24e6bd9a19afe5a850721858a87cf0cb3cd9e217408fd836eb55ab1ef4f553,
363,,,Quasi-coherence and uniform universal vanishing of higher direct images for qcqs morphisms,The Stacks Project Authors,,H1,117f92d6ae7272c9b3986a7e9048fd1e5f841cb903c671eff36fe5ebd908f433,
364,,,Flat base change for quasi-coherent cohomology of arbitrary qcqs schemes,The Stacks Project Authors,,H1,a421fa05b40596ed8f905abb4507c14fb09c63e68afc72744d6425752ffd4b1b,
365,,,Flat coefficient base change and projection for higher quasi-coherent direct images,The Stacks Project Authors,,H2,ea8f95827cb9cdda91961e6188544e5078d5f21eea46472e46002d84c57d7477,
366,,,Extension of coherent sheaf morphisms after modifying their domain off an open subset,The Stacks Project Authors,,H1,ef3685a82a64928a2de177d7fb2a576afa7b19ab7745db3e1194522d89af2acf,
367,,,Coherent sheaves admit filtrations by ideal sheaves on integral closed subschemes,The Stacks Project Authors,,H1,dccf232c6bbfe9028a3f4285967c98d2ded1d97d4262d3464c8bde2523448cfc,
368,,,Affineness descends under finite surjective morphisms to Noetherian schemes,The Stacks Project Authors,,H2,ccf9236e6138bb400e367f78252432c54288aaeedeede0eb83c602fdff91074c,
369,,,"Serre finiteness, twisting vanishing and graded-section finiteness on projective space",The Stacks Project Authors,,H1,91a69a5cd739dbebff4e670fb1ada1511a920e21c0675a9fe999a1b20c9b5b15,
370,,,Ampleness descends through finite surjective maps of proper Noetherian schemes,The Stacks Project Authors,,H2,95095a1a4ca8ac889cfba4d85d7071bc05ef63457a996da68af426d2a9302cab,
371,,,Ampleness is invariant under Noetherian nilpotent thickenings,The Stacks Project Authors,,H2,31444378ce8bea8e3d1d8b05ccc78a4c789670f1cf0e9166400e839b3ec33dc3,
372,,,Proper pushforward preserves coherent cohomology over locally Noetherian bases,The Stacks Project Authors,,H2,c762c3a0235f2497b60dc93a10d8bd45064f17812ad6b1d2e37ba64cd9de538d,
373,,,Ideal-power cohomology and ideal powers of cohomology are pro-isomorphic under properness,The Stacks Project Authors,,H2,30d53e419eb1ebd878e8a817bb608ce7696b3ec8e070d72754052b69cd463350,
374,,,Fibrewise ampleness yields uniform local twisted-cohomology vanishing and section lifting,The Stacks Project Authors,,H2,d5770ece86cf03ca86ce6b9f3a21319901d13f57ec98ae987d151000a57aa298,
375,,,Proper flat coherent cohomology is perfect and obeys arbitrary derived base change,The Stacks Project Authors,,H2,b47a1903111a15feba500e8388dbbc59d51a57605f98c228a77d86dab7a8b779,
376,,,Algebraization of coherent formal systems on projective schemes over complete Noetherian rings,The Stacks Project Authors,,H2,7e2b18c404d637f3e8962bd4a1e01eabaa6ba2affc093ee1d3081ff6f2125d54,
377,,,Grothendieck algebraization of proper formal schemes with a compatible ample line bundle,The Stacks Project Authors,,H3,01e4913354b479eea96297a99dc4e2550a18778f53e88d813ac23a87ae144794,
378,,,Uniform derived cohomological-dimension bounds for unbounded quasi-coherent complexes,The Stacks Project Authors,,H2,468039568dbf9fd0bd960f4645707594a20a123293073374c74226d21cc26a98,
379,,,Local derived pushforward compatibility implies global quasi-coherent derived-category equivalence,The Stacks Project Authors,,H2,0980f6315138a9486ced501c838b7df381f6495ec5e1fb60876d4d8a1f97fef7,
380,,,Derived quasi-coherent pushforward agrees with sheaf-theoretic pushforward on affine-diagonal schemes,The Stacks Project Authors,,H2,187f02c1af06e27157cdc6e22f9e39f03399eb6a3114396bd29b06a681877973,
381,,,Finite-level pseudo-coherence descends under fppf coverings,The Stacks Project Authors,,H1,4bebb4b863f8fdd12d62aaaca1996b707ab7d884caff134174392c8504bffcdd,
382,,,Closed immersion pushforward detects finite-level pseudo-coherence,The Stacks Project Authors,,H1,2a7e96df76818cdfd2c1c345a112f0700f9f43c79c42fa3707b7f1d9afd1f40a,
383,,,Perfect complexes on affine opens extend stably by a shifted vector bundle,The Stacks Project Authors,,H2,79eeaff27a1d1571ae4ce78c1b64b8cb2ed580e3ca1f6962357fbccd37286bd4,
384,,,Perfect approximation glues across an affine open and a quasi-compact open,The Stacks Project Authors,,H2,90112997f82af4546978fe705abf47ad94d3ecf9049f46625456e2f8eb70ff6b,
385,,,Pseudo-coherent complexes are controlled homotopy colimits of perfect approximations,The Stacks Project Authors,,H2,0ca271c0b38b18361ee3f090d90415cf0a069735713aee1535ac479a08f14160,
386,,,Relative Ext with proper flat coherent coefficients is represented by pseudo-coherent complexes,The Stacks Project Authors,,H3,df0a313e4aac3ef046b5113f682e3bc14366865a5afb25b5a42a8d3cd6190936,
387,,,Perfect derived complexes descend through directed inverse limits of qcqs schemes,The Stacks Project Authors,,H2,4b09561eb7e667989ebe2951bd6ff33bc0aa038fba6bd6f187079912498cda75,
388,,,Derived Stein splitting near geometrically reduced fibres of proper flat families,The Stacks Project Authors,,H2,176388788d89418517daa8e18b401e89c29eebff072ac79bb48faeefdd86f1e7,
389,,,A finite family of boundary ideals detects the resolution property,The Stacks Project Authors,,H2,f08cb847a7b0ab4c24e7773b63c7bb0c53ba6d9de8f6545b46cd327c17fdd8a2,
390,,,Nisnevich induction principle for quasi-compact quasi-separated algebraic spaces,The Stacks Project Authors,,H2,51b29c6f03630e4b16ea57737554a04cc45d3e74428a7a1c322f3518293b20d4,
391,,,Derived objects and compatible morphisms glue across elementary distinguished squares,The Stacks Project Authors,,H2,8a1c649a37244d24cb846ca3044cd4f990e3872f703ae55593d6137000d12a9d,
392,,,Derived quasi-coherent comparison equivalence from affine etale pushforward compatibility,The Stacks Project Authors,,H3,e121ed80ee98c278fc708e59e636d37b92faed19a84ba9a548806df305c00c70,
393,,,Finite polynomial simplicial resolutions of finite-type algebras,The Stacks Project Authors,,H2,aa92509e4365e58a128849559c8cf587cd3c6f6a2a92249ffd6d33c42c0c10ad,
394,,,The first Tor defect of the cotangent complex of a tensor product,The Stacks Project Authors,,H2,d47d52d7eaa872fe207b4203d085eac316d8e76e82f5ef3a4640eb8fa5b550af,
395,,,The transitivity triangle for cotangent complexes of sheaves of rings,The Stacks Project Authors,,H2,66249c54a2f59f9b369c9d1d4a29d9318b505c62cc1775bb071e3f2bb2554c91,
396,,,Essential Artinian surjections characterized by cotangent differentials,The Stacks Project Authors,,H2,8fb2642519005b681445036f50593a76444f9a740bfa2ff4d7568a20b3f1dd07,
397,,,Smooth morphisms of prorepresentable functors are power-series extensions,The Stacks Project Authors,,H2,b5f271161cdb82f9f1009adc9c32125dc6444f7f40bf2d45c61c65e5623b63e6,
398,,,Existence of a smooth complete local base with prescribed cotangent sequence,The Stacks Project Authors,,H2,094fcf41d930433e170b12f1fb6b6c7ab57b585a30e5104e1d66c73d39b54e84,
399,,,Existence of versal formal objects under Schlessinger conditions,The Stacks Project Authors,,H2,9673dd4cefe434e9baa8a2402a39acedb3e2876419853fa933abb1e000d2e65a,
400,,,Power-series splitting of a versal object over its minimal descent ring,The Stacks Project Authors,,H2,b90722946efb0418eb936bd18bd917ddbcb83b5cd28c0536ec6b35e90a100102,
401,,,Minimal versal tangent maps are bijective modulo residue-field derivations,The Stacks Project Authors,,H2,fcacc3232716bc88f9a725c5d3755f6039a446bded7b1c887d870dcceb222c87,
402,,,Rim gluing for quotients of smooth groupoids in functors,The Stacks Project Authors,,H2,f5ddce918eda0a4187c9a4726b4693cd2ab5785ccf74743456aff59cc08a402c,
403,,,Versal formal objects after a finite extension of the residue field,The Stacks Project Authors,,H2,27b2d95659136235ee396986ff4f7ceaec8f6fb51614b0ed8fe4ef56becdc612,
404,,,Relative perfectness and finite complexes of flat modules,The Stacks Project Authors,,H2,25dccd1c63abb72087d99aa3624971c0355fb087dc581fd5043530b3ffb5b8bb,
405,,,Power annihilation of Ext and local projectivity of a two-term derived object,The Stacks Project Authors,,H2,0b4d43bc542c22de166bdea384b512d5ab33b64e14a4f68622fd56293aa4c26c,
406,,,Pro-isomorphisms preserve inverse limits and their first derived functors,The Stacks Project Authors,,H2,066ca7ed92dbf33f3f21bb954d828c6490667d8e4354783c8909225b56e78e17,
407,,,Emmanouil criterion for Mittag-Leffler inverse systems,The Stacks Project Authors,,H2,9f94346526818270dbf225c5889c2dbcb0d09fc8a2c181943447f1b418bbb3dc,
408,,,Strictification of inverse systems of derived objects,The Stacks Project Authors,,H2,5c77e0581f548a6b507d163ee1c20ddd9714ce7c755704585f822c87c2912aa6,
409,,,Exact recovery complex for modules under flat neighbourhood gluing,The Stacks Project Authors,,H2,ea1ab8fa83bedeb63f5e43c28bad69aa66a18b9fb9855229679aab647935b29f,
410,,,Beauville-Laszlo gluing equivalence for modules,The Stacks Project Authors,,H3,f1daca04bef10d288f021e8cb3308e67c7bedf45007d761f3474a67145537688,
411,,,Construction of derived completion as a reflective subcategory,The Stacks Project Authors,,H2,18e2565553e2e62423ebdf35dcd9eacf87390d5dbb68113fd811da9c5782df8e,
412,,,Derived complete power-torsion modules have bounded torsion,The Stacks Project Authors,,H3,2d26587345af43d1b29cbd53fa889e67adf9da5c089012077023acb3815bc05c,
413,,,Controlled Ext factorizations for powers of an ideal,The Stacks Project Authors,,H2,454f3f23b987b347574b67c4c950d59d317a247cdee9d2edd3b959ff52ddd305,
414,,,Weak dimension one and local valuation-ring structure,The Stacks Project Authors,,H2,8e4ee494eef8231c3084db490ba9f5f3360e0786b5a4bb8e4fdc0d325c4ab45d,
415,,,Olivier rigidity theorem for weakly etale local maps,The Stacks Project Authors,,H3,0074df5d50e4f0937bacb0c4001b9998b660e21ab24ea5fbea1aa2834b3c12f5,
416,,,Smooth local maps preserve numbers of geometric branches,The Stacks Project Authors,,H2,c7f6900432773d42831eb589a97791b738f2623bc6915ba5185f6ef1bd48774a,
417,,,Disconnected punctured spectra of completions and henselizations,The Stacks Project Authors,,H2,f71022d04ad19fc8b59113799f1b632d9476b11eed3010916557bf2c3dc06d44,
418,,,Failure of formal catenarity obstructs universal catenarity,The Stacks Project Authors,,H2,3c12a71c38d649dd9209a0a7a644551032bd9c4881562fe22ddfdc7196d07704,
419,,,Galois action on primes and residue automorphisms in infinite extensions,The Stacks Project Authors,,H2,e0e582a0afb9f548b6e775b19737f3f8f65c405b80f6308e9686500989264269,
420,,,Wild inertia and the tame inertia character,The Stacks Project Authors,,H2,8b0497a9e91ab0759879f17bc0abb2cb96101980bf606ab159043597be51265c,
421,,,Abhyankar lemma for tame extensions of discrete valuation rings,The Stacks Project Authors,,H3,2188a6de92aa97839e2e994a166c22a964709aaaad6805553839fbfe5887c302,
422,,,Tame ramification is preserved under normal closure and compositum,The Stacks Project Authors,,H2,73ea05ed354656c4002d730e393a73be9c9769cb07665426133e111643c732cf,
423,,,Elimination of ramification for essentially finite-type valuation-ring extensions,The Stacks Project Authors,,H3,17a3af7c0942615021dd1a8137bbe06fc1b2948b43daca31f88f05eeb476b814,
424,,,Unique factorization in regular local rings,The Stacks Project Authors,,H2,9d5e77b3db4eb3d50218af9fff84054878b5884bf094f1047afb24e56bb4a051,
425,,,Descent of roots up to units through codimension-one unramified maps,The Stacks Project Authors,,H2,f72cb550de06329e9a7b7d9d6db34e34e866661245422e668aee94990b248859,
426,,,Etale local extensions of valuation rings are weakly unramified,The Stacks Project Authors,,H2,4cc60a306158d51099c1607220d49c04b62bb2c57ea28e68d3b8b864e0a78d6f,
427,,,Finitely presented modules over generalized valuation rings,The Stacks Project Authors,,H2,2faae921ce6fdb913601926107122bfc73ecd142818381a4ec449689f09a1d03,
428,,,Reduced hypersurfaces through prescribed divisors of a normal surface,The Stacks Project Authors,,H3,2c02dfcb6ddf8a97a978ffd1c27ccc41f1ca642c25eca06a7e79d9c9fbb4f1d9,
429,,,Prescribed sections with controlled codimension of degeneracy,The Stacks Project Authors,,H2,399b62271f56f9214635c4f9d1c1c1783ad20d4ab329c74e81a32f00f87c3c91,
430,,,Bass freeness theorem for countably generated infinite-rank projectives,The Stacks Project Authors,,H3,4769a033e71324745ae71c3e500de4cdba0f9266b6e01859f9ab1e16eda57b31,
431,,,Etale acyclicity of absolutely integrally closed rings for finite constant coefficients,The Stacks Project Authors,,H3,8a18ffc43976843c5ba6fe09e9518f76aa477875c8554dc27e530b110a7d53ad,
432,,,Smooth base change for prime-to-characteristic torsion etale cohomology,The Stacks Project Authors,,H3,a23963cc0902fef4c1a7eb29f53938f73e618d8fcfcb2731af3b497e33790dfc,
445,,,Two-dimensional tame-symbol reciprocity for nonzerodivisors in Noetherian local rings,The Stacks Project Authors,,H3,c1e094f8153828494ab3b8e8110e27529c24575de7157cc7cc08e3337002fb6a,
446,,,Chow homology descent exact sequence for proper completely decomposed envelopes,The Stacks Project Authors,,H2,39f3db0d7ee90c7ef6d6bf1c00842f946ff1ddf4ef58d60a7507357d9a9cda74,
447,,,Dimension-filtered coherent Grothendieck groups identify with cycle groups,The Stacks Project Authors,,H2,6eed6a863b6537afde90d7bd470c0ff851a6b2659800a9bec9981a6e58932138,
448,,,Rational-equivalence cycle classes vanish in the adjacent coherent Grothendieck quotient,The Stacks Project Authors,,H1,d325e0868c2f0ab280d1651b320caf560896027dbb601cee1dcd5c7fe30c7142,
449,,,Gysin pullbacks for line-bundle sections commute on Chow homology,The Stacks Project Authors,,H2,8c9c514c2ea80c8c50056d919431f9870db0715b4157ff7c373f601648f92f27,
450,,,Chow pullback is surjective for Zariski-locally trivial affine-space bundles,The Stacks Project Authors,,H2,7b562b13d4fc9c4f017b586fd70235a4565a57e5a8515e6754b91cfbe48f4be1,
451,,,Projective bundle formula for Chow homology of finite locally free modules,The Stacks Project Authors,,H2,137e9ff085d8e4d2c823507b2bc450c19102298f7bcd1dc3804178d79a6d7d70,
452,,,Top Chern class equals the zero-cycle class for sections with expected dimension and generic regularity,The Stacks Project Authors,,H2,9b37dc86e185b13697314ea5211940a3c188728f30450e3adbd0b2b64a249a60,
453,,,Chern invariants of locally bounded vector-bundle complexes depend only on their derived object,The Stacks Project Authors,,H2,07224671a6acb151303a7cc9424062135d7c9c4382e39a1975d723d4d7295315,
454,,,Localized Chern classes satisfy triangle additivity under rank and representability hypotheses,The Stacks Project Authors,,H3,707f77469b6895e297a7d5a72c0adc19ebea8c239c8eb4e4743d3b699469bb28,
455,,,Gysin classes compose for compatible exact sequences of virtual normal sheaves,The Stacks Project Authors,,H3,1678b3e28dfa183c940af11936104b8576e52f357ad55574b306a0cb13319c37,
456,,,Rational coherent K theory agrees with Chow homology for schemes embedded in regular quasi-compact schemes,The Stacks Project Authors,,H2,4dfa1a578b2c2b2a6d807589f5d6e9922ab53b43c4bc908442ecbfb5de448152,
457,,,Smooth targets identify bivariant Chow groups with degree-shifted bivariant groups,The Stacks Project Authors,,H2,cf6c6da2385e3697adf65a0a06ad2c3b535e68b673e9bbb1ad5690c54794a13f,
458,,,Periodic Euler lengths equal orders of generic periodic determinants on one-dimensional support,The Stacks Project Authors,,H3,27d8924f21556cd3994be47778f421602d1fb5e6974058d9b5d39ae3f2f06ff3,
459,,,Tensoring a coherent sheaf by a line bundle realizes first-Chern cap in the filtered K quotient,The Stacks Project Authors,,H2,5f1b02414e9558b0873d9e0fe7cb0a0661eb2d268f5e7ef622d6beb111978acb,
460,,,Cycle-level projection formula for flat proper maps of nonsingular varieties,The Stacks Project Authors,,H2,60991f8515cd0f5f066ed1446edd44d081cff5eb1d3738e94c4ea800e5c3ce22,
461,,,General projective projections are locally immersions or etale at a fixed nonsingular point,The Stacks Project Authors,,H1,490f3e58d491eae1589d0c11be1eec77a5f75539994eb793c46ca9387a0d8f50,
462,,,Intersection of properly meeting cycles on nonsingular projective varieties respects rational equivalence,The Stacks Project Authors,,H2,e818859f88dfd733bc4a93fdafd929f7407fb4014d4fd69c21efb127b9b8b407,
463,,,Uniform projective reconstruction for flat proper finite-presentation thickenings with an ample lift,The Stacks Project Authors,,H2,856d886b0dfbd807625e1f690855aa5c69fb30871edd458e5c3372f9339e64cd,
464,,,Smooth morphisms are exactly locally finitely presented formally smooth morphisms,The Stacks Project Authors,,H1,7a2c0c5fa6b18d13d206033d7b0f96d25e1ca1a9acbeceb5486a1fcde1748822,
465,,,Pushouts of scheme thickenings along affine morphisms exist as schemes,The Stacks Project Authors,,H2,2814933addd061b84b2bbce919bf79df6be4696c60a1740b29eb90f79a489163,
466,,,Closed immersions between smooth schemes are etale-locally standard coordinate embeddings,The Stacks Project Authors,,H1,48a0a2c64557c88c23c55747b69f339d7ce8f602a256a57625b250bafb3b08dd,
467,,,Relative associated points specialize with constant component dimension under flatness,The Stacks Project Authors,,H2,717236d39fa4b3d96f20b6bd173f7340662ed5c8abc3f0b898b220e6c8f7b56a,
468,,,Fibrewise nonzerodivisors extend to flat relative Cartier slices for flat finitely presented morphisms,The Stacks Project Authors,,H1,094e8eeaf409fc6c25ab07c75c01f336eeda7110f5476ee79e46b1c1280a23c3,
469,,,Scheme-theoretic density in a generic fibre spreads over an open subset of an irreducible base,The Stacks Project Authors,,H1,b5700549a71bf529b9816961351a5388105d063ad7011496b35c28f092b8de3c,
470,,,Relative associated points persist generically along their closures for finite-type morphisms,The Stacks Project Authors,,H1,3e296e24d72cea710796e7ff43b42ad857823c987b825f10a4d0c4473c8f0fd0,
471,,,Geometric connectedness of the generic fibre spreads for finite-type morphisms over irreducible bases,The Stacks Project Authors,,H2,9fc3523edf5f0c9cd69b9d4df62d27b21ffaa57503d7055953b35161a0850f65,
472,,,The fibre component containing a section is locally a neighbourhood at a geometrically reduced fibre in flat finitely presented families,The Stacks Project Authors,,H2,f361898b72ab2f9fade434a0379644dc4a42ff2b7b3a86266cb8a76eadf650ab,
473,,,Weak relative Noether normalization by a quasi-finite polynomial-algebra map with the maximal fibre dimension,The Stacks Project Authors,,H2,cd24de129dfe6981de8b7637c0cd5867a8e502c8d63bb006cbe56114b06ec87d,
474,,,A generic linear combination preserves geometric irreducibility under the stated algebraic-independence hypotheses,The Stacks Project Authors,,H2,fddacf404ab08c21fe9ced44c7ff88991db3d5f4fe3b407075912ef9fab50b10,
475,,,Generic triviality of a line bundle extends over proper flat finitely presented valuation-ring families with integral closed fibre and one-dimensional generic global sections,The Stacks Project Authors,,H2,2cc4d28aeddaaf2a49d5e86ed2627f4afb0997148f58c6ef9d992e4173b5e74c,
476,,,Simultaneous étale approximation of relative completed local maps over a locally Noetherian G-ring base,The Stacks Project Authors,,H3,2ebff33d6993e92d3c3fce78d7a255786bdfd7f61c8ea61edbbb567c03840eb4,
477,,,Étale-local product splitting of integral algebras with finite fibres and finite separable residue extensions,The Stacks Project Authors,,H1,25915f1479c6e54ab41cf9bc3a9b44fa3aba20a43965d25ee0156fedc7f99b05,
478,,,The quasi-finite locus of a separated finite-type morphism is an open subscheme of its relative normalization,The Stacks Project Authors,,H2,afe1050582e714e329c3cb128bc2ac405dfb8f41210d5032b2846a0c1ffd3c95,
479,,,Every quasi-finite morphism becomes finite over a dense open of its target,The Stacks Project Authors,,H2,45516eee992fe3e9f72da9a24302399a889f62fdeadd1888de35030a8f5beee5,
480,,,Universal degree stratification for separated flat locally finitely presented quasi-finite morphisms with universally bounded fibres,The Stacks Project Authors,,H2,47331b794692ac3ad707f1b040092342890ceb306b0f41d393d79b96b21e99f1,
481,,,Étale covers of quasi-compact quasi-separated schemes admit finite finitely presented surjective refinements that factor locally through the cover,The Stacks Project Authors,,H2,37ff009dd9639466f723ea0b611578a08107d3e7c83d278e666a471caf364b70,
482,,,Vertical locally principal subschemes occupy fibre components under the irreducible dominant finite-type and nonincreasing fibre-dimension hypotheses,The Stacks Project Authors,,H2,d8b5b329742c9612e734ad26b7412e9b807b907becf70ea3e16d9f464bf01278,
483,,,Closed fibre points interpolating a specialization are dense for locally finite-type morphisms,The Stacks Project Authors,,H2,a94f2c035ef9399206b97fa7129a0ef02ec709b215e4393f8a44f124767770a6,
484,,,Proper open-and-closed fibre pieces lift as proper open-and-closed pieces over henselian pairs in separated finite-type families,The Stacks Project Authors,,H2,62f9644571280b3f088bf1bd838c613f98f9157e7910b8a749ea3b310ea3830b,
485,,,Cokernels of finite modules over two finite-type algebras become flat over a localized Noetherian domain,The Stacks Project Authors,,H2,b4451d1fd4a535c59f7eec02357a4ed617abac9260bc72ab4fd07a0d216ca1c6,
486,,,Finite-presentation scheme-theoretic images commute with arbitrary base change on a finite closed stratification after a finite-type thickening of the base,The Stacks Project Authors,,H2,cdb54f6abdf4cda041dd1d1c041214e37977fa213ee14401f14b0c6a24d804fa,
487,,,Finitely presented families over reduced bases admit smooth strata near a generic point after a finite locally free radicial cover,The Stacks Project Authors,,H2,e65be1c9eca761c0901ef1d7f5f9b207e9432948e1f583cee9d9002d6510eab3,
488,,,Separated finitely presented families of generic dimension at most one admit radicially altered smooth proper curve models with finite normalization maps,The Stacks Project Authors,,H2,88f1550789244b23d2ed1c9591600d2ed0590e956c45eeea7005ac854cd29c5f,
489,,,Separated locally quasi-finite scheme morphisms satisfy effective fppf descent,The Stacks Project Authors,,H2,7e3eda1c5bad8c19efd9dd27cdbb7c06e3cc2016196aa5c495a58e323c55fa73,
490,,,Pseudo-coherent morphisms are syntomic local on the source,The Stacks Project Authors,,H2,48b7789f50c42ed99a761183c096684ecec97cc2833a5182fb040e179681e33d,
491,,,Scheme pushouts along closed immersions and integral morphisms exist under the stated affine-neighbourhood compatibility hypothesis,The Stacks Project Authors,,H2,337d390793be79cd951f845aa1bf555b8617d26b21c715580599f26759be8b99,
492,,,Derived Chow lemma for separated finitely presented schemes over arbitrary rings,The Stacks Project Authors,,H2,690aca888d10f44f24fec3ecb4f7be1a14d14de245b4f689c17d926899443635,
493,,,Proper one-dimensional morphisms with fibrewise vanishing first cohomology and surjective structure-sheaf pushforward retain these properties universally near the fibre,The Stacks Project Authors,,H3,ee2d4a12ca1bdd500273fc39804fe13189b5441bc7ed4e85e84271831caca306,
494,,,Locally quasi-finite componentwise dominant morphisms to geometrically unibranch locally Noetherian schemes are universally open,The Stacks Project Authors,,H1,2eea2f4638bea36a651baa28b394fbf84e8e294ea03e39ed7d7833c32dfc6370,
495,,,Pushout descent of objects of an algebraic stack,The Stacks Project Authors,,H2,231bdd17665d4784d4eae5096af86943845b484487291c89213f69a68caaa249,
496,,,A single-point square-zero obstruction to versality,The Stacks Project Authors,,H2,a29efd788d2534a5a4e950c1637ffcc8822032c0dd63882134a25c54764cd452,
498,,,Construction of a universal dual obstruction class,The Stacks Project Authors,,H2,7f8cc98991316b6dcbbfffcf12ba61146517657950f250399638a1d7f6a5f441,
499,,,Lefschetz cohomology comparison through the punctured affine cone,The Stacks Project Authors,,H3,7dd320e04e5f2598658f93434efe6b4f9356013784bd23591ec9c2313b802101,
541,,,Formal canonical submanifold defining map,Samuel Blitz; Josef Šilhan,,H3,a95ba595ff56b58d17d214711d0ea3778f4cedfff2e1ea57561e6979da094983,
542,,,Second-order conformal defining-density obstructions,Samuel Blitz; Josef Šilhan,,H3,d09f40dc9ed93ca628f0a14644f4618a7fd2f62480614ba4be089b05269c8c7a,
546,,,Framed wild-bundle moduli and Ooguri–Vafa space,Iván Tulli,,H3,cb41b0065260a6d8b567ca3af6a3c7a07009a03d2b7638e40b4392bfb8800571,
548,,,Positive intermediate Ricci curvature by fiber scaling,Philipp Reiser; David J. Wraith,,H2,b9cf088e550ad271f9e23e35b083b0ab47b699e2ea6a0e01d24109a6736209db,
549,,,Twisted intermediate-Ricci-positive surgery metric,Philipp Reiser; David J. Wraith,,H2,f4495380b3f7c266e60f944879c183e26f4f5633586c9c1d11da5dee4c018a3e,
550,,,General numerator formula in graph-parametric integrals,Marc P. Bellon,,H2,a12078c5b9dd98e2f914f39eb55be8d57516510fe4198e5448b20f2f8ef3826a,
551,,,Grassmann-flop Fourier–Mukai analytic continuation,Nathan Priddis; Mark Shoemaker; Yaoxiong Wen,,H3,7449d81054053dd2aa0d4e3af8fa9cb47e56612695d3e2887f4a74c811d372c3,
552,,,Tangency intersection cycles and marked-point coalescence,Indranil Biswas; Apratim Choudhury; Ritwik Mukherjee; Anantadulal Paul,,H2,340a563cb9082a317f240d437e0847081bcd65da6c8c43214fdd048b30616057,
553,,,Uniform stationary phase with a moving critical point,Kouichi Taira; Hiroyoshi Tamori,,H2,08dc5de88b1678ed2f86e296a2601cfd32536fba185ab4e0cda2adaefe059c72,
554,,,Uniform symbol expansion of Gegenbauer polynomials,Kouichi Taira; Hiroyoshi Tamori,,H2,e9e52c27dc76bd3e50f8273eb8f54d3b3151aa6d1e560fb6c343eb52a31a4770,
555,,,Classification of invariant curve pencils in type A bow varieties,Alexander Foster; Yiyan Shou,,H2,75e25d516959afe4ada486ddbc62833fd7a03eda4adbe671159b82e0d4f82c1e,
556,,,Uniform shifted-binomial finite Bailey-pair transformation,Shashank Kanade; Jeremy Lovejoy,,H2,589d70171b02a9831c07b2ac01384174bb799e9e96df753cebd6fafb4e32bf1d,
557,,,Kirillov projector on arbitrary mirabolic Whittaker modules,Artem Kalmykov,,H3,034dbf1a0fcbd3cf251e9ebf3d4a39ef78b24bf1a683e9eda793cffdd5def647,
558,,,Uniform asymptotics of hook polynomials outside the unit annulus,Walter Bridges; William Craig; Amanda Folsom; Larry Rolen,,H2,b2df86cfc171f0669684d6aef9b1a9b154b1af5142ca8ddce6f8c669228e9f1d,
559,,,Local cell structure of the Thurston spine at a systole critical point,Ingrid Irmer,,H2,863bed6ce89834f80572e8889b73610e218c404ebad91a7df570cd7ac53eed05,
560,,,Bilateral Bailey lattice with independently varying parameters,Jehanne Dousse; Frédéric Jouhet; Isaac Konan,,H2,9f69c51306ecf0e5bef7ec22372ffed1f69a7776c5f2809b2cf8a114423a8226,
561,,,Kazama–Suzuki duality at level minus one,Dražen Adamović; Ana Kontrec,,H2,1e66dd980d3af7cbd28cd71fa2140968b3a820f5ef56605bf50a66d51dc64676,
562,,,Universal openness of finitely presented locally quasi-finite morphisms descends through affine inverse limits,The Stacks Project Authors,,H2,d7954c067f68e7e9b522e04ebf56d7053c8d2bbd909aa9efa72b143737f686b7,
563,,,Weightings of locally quasi-finite morphisms survive arbitrary base change,The Stacks Project Authors,,H1,5e57e703bf9bd0814171e1dc7c26faaad6d78c9bd0e205ed513c1f2c67609c96,
564,,,Generic separable degrees define weightings for locally quasi-finite morphisms over geometrically unibranch locally Noetherian bases,The Stacks Project Authors,,H2,c7b89980d7fea3b2497e1bb052f9681277382a0a6f1025b1c7e8d2e691ef968e,
565,,,Weightings on quasi-finite finitely presented affine morphisms descend through inverse limits,The Stacks Project Authors,,H2,3fa4107540239ab2aa1de415754fb424aafe8ed96de1e16a8374e3dc105673fa,
566,,,The maximal weighted-fibre locus of a quasi-finite finitely presented affine morphism with positive weighting is affine,The Stacks Project Authors,,H2,0e3e5c439c82bd005fc221c8646783b6c1e9bd14e5169e2b329853e8aef8c6d7,
567,,,Quasi-compact quasi-separated schemes admit proper finitely presented completely decomposed covers with ample families of line bundles,The Stacks Project Authors,,H2,bb1c854df0f0f3f09d11523663c7a5492966f2edb495ef72af47045ec27cdcee,
569,,,Riemann–Hurwitz multiplicities and the tame equality criterion for generically étale smooth proper curves with ground-field global functions,The Stacks Project Authors,,H2,880b0d2648b69d4f3d64c4d2ab4022675cd865bd4100d0fdaa3ad43de66b4516,
570,,,Smooth proper curves of genus at least two have separable closed points of degree at most twice the genus minus two,The Stacks Project Authors,,H1,6a9a001f019acca2e5daf7722e11471abc7d31e10e7a013226edf26dea4bdb21,
571,,,Finite algebraic modifications over algebraically closed fields supported at finitely many points factor into point gluings and tangent-vector contractions,The Stacks Project Authors,,H1,1f3fae2f7433685b8a009b447b04ae0dd2432c39328d46d525cd8265fac397c3,
572,,,"Nodes on algebraic curves over arbitrary fields are characterized by quadratic completion, Fitting ideals and geometric branches with delta invariant one",The Stacks Project Authors,,H2,8d489ed882d3f6163b9e70c732d6c147dbb38a6404040b01636eaf7dc3b2ec12,
573,,,A flat finite-type family over a Noetherian local base has completed equation xy=h at a split node of its fibre,The Stacks Project Authors,,H2,30f94b5efd4dd36e36cdd2eb1b91b4593ccd12a891493af8bdd1f0bdf58b59bc,
574,,,Subcurve degree bounds imply global generation of line bundles on proper reduced connected curves,The Stacks Project Authors,,H2,157763c865c5cfc7057e05655f3f679a4d1457646f8e40edb3c3b0bd0049c771,
575,,,Tricanonical very ampleness and first-cohomology vanishing for proper nodal curves of genus at least two with ample dualizing sheaf and ground-field global functions,The Stacks Project Authors,,H1,624730f1e33d31b2ae952fcf5613bd54b9c35e91f63d634ecebccedebe5c5569,
576,,,Connected components map onto connected components under arbitrary field extension for arbitrary schemes,The Stacks Project Authors,,H3,68bf842b6b1779d895ab0fd65d4ce41c48527544b17b6f5655d8c78ad6ce20ec,
577,,,Existence of an ample line bundle descends from an arbitrary field extension,The Stacks Project Authors,,H1,10309cda5ff4b8e00798129156e85c123a760f94b08ef9f621ef5a080ef64a8c,
578,,,Proper birational morphisms with reduced source are isomorphisms near normal target points admitting a quasi-finite source point,The Stacks Project Authors,,H1,bc308dc8aa6e3e11bb9590bcd1d1c96a0f3743448ed2de8adbe6453bec422fd3,
579,,,Completed local presentations extend coefficient fields under dimension-preserving field base change with separable original residue field,The Stacks Project Authors,,H2,cd2e2bd007800aded8a7996cf2b4e4c05b8ef6b917e4aedca503662a69272bb7,
580,,,Normalization commutes with separable field extension and changes only by a universal homeomorphism under arbitrary field extension,The Stacks Project Authors,,H2,39a034bc2dd6bc2e50c701e6a964f0b2bbbeaad72548fb8b01f37d47e580c66e,
581,,,Reduced connected schemes locally of finite type over two fields have the same integral closure of their ground fields in global functions,The Stacks Project Authors,,H2,40d499fd837faf9b9d6de894949d15628a3034f10864057505b346b05a5e2e9d,
582,,,Uniform Castelnuovo–Mumford regularity bounds for kernels of fixed-rank trivial-sheaf quotients with fixed Hilbert polynomial,The Stacks Project Authors,,H2,2730f846ee2c10bd95903b1bf2f0a625079aa6221c85cf59189c870bbeeabe43,
583,,,Line bundles extend across discrete retrocompact complements with Noetherian local rings of dimension at most one,The Stacks Project Authors,,H1,0b35531ccee4d7bd4c904d5f6f877463062193773ea5df148bd556e374029e6f,
584,,,Every reduced separated Noetherian scheme of dimension one admits an ample line bundle,The Stacks Project Authors,,H2,3213bff27f2a43b6771f75fcec0b2608f0ca970ecb499cd18dcfac1f39238cbb,
585,,,"Integral closure of a reduced one-dimensional Nagata local ring commutes with henselization, strict henselization and completion",The Stacks Project Authors,,H1,1cc8664b3831f3c74fd6222c1545b8326c029dbd95c6d5aa96e2dcb272db89b8,
586,,,Every integral separated finite-type curve over a field is affine or projective,The Stacks Project Authors,,H1,7cba1c2b856d5776dcdaaf24fb4f975e62809c5d3236c45436824b707ace9b47,
587,,,Euler characteristics of coherent sheaves twisted by several line bundles on proper schemes are numerical polynomials bounded by support dimension,The Stacks Project Authors,,H2,bfc5c1dfb06e1273e3b4be6c84f6bc23c86400ec29faede6f3e154de7ede598a,
588,,,High powers of an ample line bundle embed the complement of a closed subscheme through sections vanishing on that subscheme,The Stacks Project Authors,,H1,0588ad0bc45c87f1d9d6653b2a6fd3c48f28f8c2881a815b37268a0fbc5f4cf4,
589,,,Sufficiently negative ample twists have no global sections for coherent sheaves without closed associated points on proper schemes,The Stacks Project Authors,,H2,4b5ca0cb152acb65fc5657e0836245e275ec64daac752646ab4171a710a44219,
607,,,Hive polytopes and strongly polynomial moment membership for n-complete bipartite quivers,"Chindris, Calin; Collins, Brett; Kline, Daniel",,H3,528780634f86e0787b061d166b23cc2495a8455cc2c6d4d5fd759504cfdd2f68,
609,,,Real-zero amalgamation forces polymatroid amalgamation,"Kummer, Mario; Sawall, David",,H3,4690704d90706994381dd89bbea6a313adf56c4e0eacc78c56bf8d2d72822e5e,
611,,,Associative polydendriform products on hypergraph constructs,"Curien, Pierre-Louis; Delcroix-Oger, Bérénice; Obradović, Jovana",,H3,bfe4fdea84ae80f9363771d593b372ad52a3055659d7c7c0c227e22060b5db5b,
615,,,Toric edge ring regularity equals tropical bounded dimension,"Almousa, Ayah; Dochtermann, Anton; Smith, Ben",,H3,2dc88f2a70e4a05ccee7290d41010f2252abd88b3c1b1315c448195cecbcd032,
616,,,Flag-accurate cones for generalized type-B Shi arrangements,"Tran, Tan N.; Tsujie, Shuhei",,H2,b66f76e30bc07b9eeb4dda8754dbed6a8f2cf5f81583a552897b5c3d26d54f5f,
617,,,Integer diagonal forms of general subset-intersection Laplacians,"Ducey, Joshua E.; Engelthaler, Lauren; Gathje, Jacob; Jones, Brant; Pfaff, Isabel; Plute, Jenna",,H3,4966367446db68fa06f3dbbdfe487df67d2a61aade6b434b0300699423a49314,
618,,,Tensor diagrams realize all r-jellyfish invariants for ordered set partitions,"Fraser, Chris; Patrias, Rebecca; Pechenik, Oliver; Striker, Jessica",,H2,f26dcc4664fd449cc43d03e739948d1b12f42609126d724dbf13ff9858675035,
619,,,The general two-power-r-plus-one-term Plucker recurrence for r-jellyfish invariants,"Fraser, Chris; Patrias, Rebecca; Pechenik, Oliver; Striker, Jessica",,H2,ec494fe074c6fee8c502ec0a1c08d947eed9bd188659fd9c4efb3504ec40bd65,
623,,,Canonical toric resolution of Gale-dual type-A polytopes is small,"Szenes, Andras; Trapeznikova, Olga",,H3,d8e9abe7466a91373a25465ea4e701540efef032b30fe31ac935cd8f9b0e5c29,
624,,,"Codimension-one Kunz fan faces, the unique inner Betti trade, and staircase chamber incidence",Cole Brower; Joseph McDonough; Christopher O'Neill,doi:10.5802/alco.425:theorem5.5-codimension1-Kunz-trade,H2,a78879624327319e742dc369765714a8ca16c07ce8ebfd526038342c89460273,
625,,,Quantum forest operators straighten to rows and columns,"Benedetti Velásquez, Carolina; Bergeron, Nantel; Colmenarejo, Laura; Saliola, Franco; Sottile, Frank",,H3,a8bc3cdffb31322e92078f41d7352c03c31f40ca77b740bed0366a61f2f6391e,
626,,,Weighted Bruhat paths characterize Schubert smoothness,"Mihalcea, Leonardo C.; Naruse, Hiroshi; Su, Changjian",,H2,b866d30fb22c64425f38f82c035e6f017fe72c2331ce924302b1648b933577d7,
627,,,Descent of module properties along pure ring maps,The Stacks Project Authors,,H2,67b11a068ce975543c6d39e7ef7881181dacadfebe8ea33d0f2c83f57cdb7dc7,
628,,,Finite presentation descends through a faithfully flat finitely presented algebra,The Stacks Project Authors,,H2,d5eeb3775bf9df98f7b8772e5cae097e5ab3242d23227b2ae0b3166222df952b,
629,,,The Jacobson property is fppf local,The Stacks Project Authors,,H1,94a1eb8875ecd7f15204cee6bfaca33f496bf7ce757cbec1cd84c5f6b24a1637,
631,,,Relative ampleness descends under fpqc coverings,The Stacks Project Authors,,H2,f9a004ca19094cf6ad9bcb0fdb6382684c5f966843148d8426d8dff6b128f8e2,
634,,,Separate etale locality yields source-and-target locality,The Stacks Project Authors,,H2,ddc946b001d76f72cb0d43d6b7c254d796fd54da5ff57463a0bfa9fe8876d193,
635,,,Invariant open subsets under elementary affine automorphisms,The Stacks Project Authors,,H2,03ffd4885974eba3e5042b51d3076fb1f5877e5f512bbc948b0075eabfba68dc,
637,,,Cech vanishing from surjectivity on unions of intersections,The Stacks Project Authors,,H2,4cb49135e7d527dae75f3f2c77e1ddbc178e424e33358fca0b970efd39ba046b,
638,,,Cech cohomology equals derived cohomology on compact Hausdorff spaces,The Stacks Project Authors,,H2,6beb196117e54b89568996a86310c3d50cdcd322d2ac461070f318c7dc890a7e,
639,,,Cohomology commutes with directed colimits on coherent topological spaces,The Stacks Project Authors,,H2,deaf409b77b3e0b93a7b87ba23b2c4e6f0ffeacaf90feee414eaf04dede3c252,
640,,,Grothendieck vanishing on Noetherian topological spaces,The Stacks Project Authors,,H2,d273f9f3565a5276c74694ccc6fb9ec6e7acc11ce6c487751ee1aa989fe546df,
641,,,Cohomological dimension bounds for spectral spaces,The Stacks Project Authors,,H3,dd2265593928d7cd446ead1adb401634baf637bcd207f5891161ef6235ff4db8,
645,,,Explicit minimal generators for the rational-function-evaluation vanishing ideal,"Ivan Hu, Dieter van Melkebeek, and Andrew Morgan",,H3,b64359b5f8a7d5b11ca7de5aeb8499f683b81921edee8d047b70fb70a8c11f9b,
646,,,Derivative and zero-substitution characterization of multilinear vanishing-ideal membership,"Ivan Hu, Dieter van Melkebeek, and Andrew Morgan",,H3,f8f39a2cca4d60f06f041ab9b0e881c17d0c392273e5f1c4f27808552dd9836c,
647,,,Shpilka–Volkovich hitting for low-width ROABPs with a low-degree monomial,"Ivan Hu, Dieter van Melkebeek, and Andrew Morgan",,H3,9236e5ce4e6c899b1255d50e9c3038c2bbdbc54a55a7185f29f847e196f73a9a,
648,,,Explicit span of set-multilinear polynomials vanishing under rational evaluation,"Ivan Hu, Dieter van Melkebeek, and Andrew Morgan",,H3,4e9f5b05a6e8723f350d7c08d6cab74f646966c23cf4008e6a744a3e6ecf0f39,
649,,,Boolean functions of fixed mean with no almost-forcing sub-half-size coalition,"Jean Bourgain, Jeff Kahn, and Gil Kalai",,H2,d1f1758048af7026cd97bacab22635a9aa30ab30ec4d8140ca57a29bff8fc2d3,
650,,,Low-density Boolean functions with exponentially weak sub-half-size coalition influence,"Jean Bourgain, Jeff Kahn, and Gil Kalai",,H3,581dd2a7dd56ca9e3baffd10e510f2603ffc217eaedeccf0d0c9d27c57f7cc90,
655,,,Global cohomology commutes with filtered colimits under compact generators,The Stacks Project Authors,,H2,4f3da6c7dd734833f6c46fb48d8090171bcba8d0d33169e38c07b85254b724d9,
656,,,K-flatness can be tested at points of a ringed site,The Stacks Project Authors,,H2,2e0ad8d30b56831cd0b416b9466e5308573407d6c2ed7d72f018c081b80a3e2e,
658,,,Eventually constant cohomology survives derived inverse limits,The Stacks Project Authors,,H2,ba03d55ae3aeabfa6db0dcb9b9a4009cbda4e1ade2d26a48d1c79728be27d345,
659,,,Sheaf pullback satisfies qc descent on locally compact Hausdorff spaces,The Stacks Project Authors,,H2,d5cc8cd74878c7bd504dd23b344aaf535c5c892a5c63d5dd58b3fac0fb783dd9,
660,,,Derived lower shriek exists for continuous cocontinuous site functors,The Stacks Project Authors,,H2,7c6b05557a5bf3aee7d8965d1e963c9c8af3c298fbbe1e0b553313187fde3088,
661,,,Cosimplicial resolutions compute derived colimits on chaotic sites,The Stacks Project Authors,,H2,559c22a38db26f67296a5846b0f2d69a382d43e5a1daf94f5f5d983df6da303e,
663,,,Compact derived objects are retracts of finite generator complexes,The Stacks Project Authors,,H2,6d03cab0fd12cfd06b02faad999abcdf97d68d9e7760314c336d651031e12620,
671,,,Optimal comparison-query lower bounds for cross inversions and the Mann–Whitney tree,"Ivan Hu, Dieter van Melkebeek, and Andrew Morgan",,H3,2679d2e09d6367da563c589f875f31242ac904367ecafd621eba442c84192a43,
675,,,Stacey–Roberts submersion for sigma-compact mapping sources and smoothly paracompact Banach targets,Peter Kristel; Alexander Schmeding,,H2,1f5859b08ca09e37b6d0f428b0726f99e15cbab94f02f9a06fc3849083ccff50,
676,,,Big CP2 quantum-cohomology LG coverings near the equianharmonic lattice,Guilherme F. Almeida,,H3,6c878637b3a3b2ed29a3f66b6593898dc9ddcad333d2d07376fe4200d996614e,
678,,,Hexagonal circular webs with a nonplanar smooth-conic-and-line polar curve,Sergey I. Agafonov,,H2,acdd64c1606b901c2e3481224e09d074039d1ed9271781e70384846cb9afc2b2,
679,,,Transverse tubular normal form for constant-real-rank complex Lie algebroids,Dan Aguero,,H2,8300b3ebb8ee1d6e9d7c51e439089070d2771c26573d6875ead48f0b035c36e5,
680,,,Local correlated genus-one Gromov–Witten invariants over an elliptic curve,Thomas Blomme; Francesca Carocci,,H2,bf42652d443e6a9d71bd3ac0b7eb2e7299845ba0a54f9ea776f92cebad4a38b7,
681,,,Strict Hamiltonian conservation for axially symmetric Kerr perturbations,Nishanth Gudapati,,H3,d58609d656b3f97f17a57439129da7637ac896fe8c3c6846f4dbacc7d397311e,
682,,,Free generators of S3 quasi-invariants in characteristic two,Frank Wang; Eric Yee,,H2,b2115cd45e0ecbd3c83460ac8a3f81ce8043628973fc8c61834b79091cd2c677,
683,,,Free generators of S3 quasi-invariants in characteristic three,Frank Wang; Eric Yee,,H2,79a93831f0c8164683c017b04706cf94299c290deaa12da66e37edabb93c0ac7,
684,,,Extended Toda tau-functions as KP tau-functions at fixed lattice and logarithmic-flow parameters,Di Yang; Jian Zhou,,H2,6d63857f467b6e22e3bfad4a6891bb5c81247187004239e016718f886f187698,
685,,,Multigraded Lefschetz for F2-homology spheres in characteristics zero and two,"Oba, Ryoshun",,H3,90c2bbd799e278b7c30d1d39e764ef38566e760c15a51362594c61ac5d94ae83,
686,,,Super-major-index multiplicities in free Lie superalgebra components,"Armon, Sam; Swanson, Joshua P.",,H2,3ff6e461ec39fcb78f5d680f7716eba67848f63bc877ff7c1a697bfb09bcf703,
687,,,Positive Grothendieck coefficients for vexillary 1243-avoiding permutations,"Dennin, Hugh",,H2,92fa669ae011bbf0dc9a9ea98a0eb68580a81b883bc373410ae81e380c21e01d,
689,,,Cosmological toric ideals have explicit good-order Gröbner bases,"Juhnke, Martina; Solus, Liam; Venturello, Lorenzo",,H3,0805ce8e96e58e3de8999fb3ac5a9ecd8ae755959ebf757527774aac038f928a,
690,,,Tree cosmological triangulation facets via blocking paths,"Juhnke, Martina; Solus, Liam; Venturello, Lorenzo",,H3,2710d25f0788648e4e318cf107721193ff644cfa9bec8a419daa5adeb439f504,
692,,,Cluster monomials form a basis of graph LP algebras,"Dantas e Moura, Guilherme Zeus; Telekicherla Kandalam, Ramanuja Charyulu; Woodruff, Dora",,H3,dc78d1ae80b97921f82f737fd2badb9542cfba0b1f4ecd1e66b150d31de20661,
693,,,Staircase quiver vectors are imaginary roots for d at least seven in the intermediate first-part range,"Letellier, Emmanuel; Nam, GyeongHyeon",,H3,20723e4cd59bd14170d8d6306a4d83103e55073da8de5607c6a661d4c30a1206,
696,,,Two-generator graph operad has assembly presentation,"Aval, Jean-Christophe; Samuele, Giraudo; Karaboghossian, Théo; Tanasa, Adrian",,H2,2131e0476158c923346739dcbb86a88bb38d02d63c1744acf56218af186bab55,
697,,,Periodic-graph Ehrhart strata are bounded-basis free monoid modules,"Inoue, Takuya; Nakamura, Yusuke",,H3,51fa435fc04f6bc63efae8689d8c002035ca43da8aab67cbc553cae0ca792e41,
699,,,Polymatroid combinatorial-flat lattices are semimodular and top-heavy,"Crowley, Colin; Simpson, Connor; Wang, Botong",,H2,27344eded33e06a938d59b5a5d7026a3267c32e49a5bd77e52c66662cb5736ae,
700,,,Characteristic-zero polymatroid-general Schubert orbit stratification,"Crowley, Colin; Simpson, Connor; Wang, Botong",,H2,57d1b44988e9ec2c18b269bff2ec64194fd244b1b89eae11d953c5c33950421e,
702,,,Intrinsic characterization of polymatroid combinatorial-flat lattices,"Crowley, Colin; Simpson, Connor; Wang, Botong",,H2,39f793bda2c2d31d66408c65d4d7b90dab913775b5a76dfb3a9a4d1f55edb300,
705,,,Finite-limit representability for finite eventually degenerate simplicial sets,The Stacks Project Authors,,H2,cd2a4ddb8766da62310f16c2095d51244eb1c7258666de9223bd2214dcf858a8,
706,,,Dold-Kan equivalence for an arbitrary abelian category,The Stacks Project Authors,,H2,f3a45ad96a12b98b266f2958997c9badb2b18cd3fb7cf6f291aac19fb8024c7f,
707,,,Chain homotopies lift to prescribed simplicial homotopies in abelian categories,The Stacks Project Authors,,H2,68d0fc2aadc97249da21001123c86273e3222b2b5815d8765494b172c41f51b7,
708,,,K-zero localization and cyclic-complex kernel for Serre quotients,The Stacks Project Authors,,H2,64fccd86570fcf427f164287702078e20b81c9dd81ae8d20cb77e7d444663e69,
709,,,Underlying simplicial-set homotopy equivalences induce abelian homology isomorphisms,The Stacks Project Authors,,H2,1d7eda123aa47b3278d81683ed940f90c6a02bcff8d9777c4ebc2549345c88d4,
710,,,Maps agreeing below degree n between n-coskeletal simplicial sets are homotopic,The Stacks Project Authors,,H2,020453c5c63d8987fbb1924b0eb8b3f14ca302eeb8fed5d76d5477224fb9af38,
711,,,Spectral convergence under filtered-cohomology vanishing and stabilization,The Stacks Project Authors,,H2,056eb081eb4437fe776ee09c1b81f75772a6c1bb56f4532d3bd565d6dee336fb,
712,,,Product totalization resolves complexes with exact cokernel resolutions,The Stacks Project Authors,,H2,b602e34d06d84f28cfb5cd117953805e3516ef14b3bd74d39bf6365a5b0dc194,
713,,,Acyclic inverse limits over ordinals under surjective matching maps,The Stacks Project Authors,,H2,ec1004e39149c803a8706731b49f65ae2fdb6bcdaeef0a0d12cb170bbcbfba5a,
720,,,Spectral-gap decomposition controlled by escape probability and projection gap,"Sarah Miracle, Amanda Pascoe Streib, and Noah Streib",,H3,2168837ddb1e27d7a9777239b654825587c29a50538063cb976d9067b312f515,
721,,,Non-authoritarian substitutions transfer resolution width to polynomial-calculus space,"Yuval Filmus, Massimo Lauria, Mladen Mikša, Jakob Nordström, and Marc Vinyals",,H2,c3a3387b8506768cc38df4a030cb86756bb55a42f930a03f36b2142f72f57d76,
722,,,Affine formal spaces arise from weakly admissible rings exactly when limit projections surject,The Stacks Project Authors,,H2,c6ded503209cf8b8da3a3290540f530890daa2097f5708132e73c331d2961932,
723,,,Countably indexed affine completions with countably many defining functions are adic-star,The Stacks Project Authors,,H3,604e98da538f8a9a245b95fecdf877361a8b219a0fefa87944eb5fc92440fa83,
724,,,Quasi-compact quasi-separated formal spaces are filtered colimits of thickenings,The Stacks Project Authors,,H2,5f8a13b50b2e9656ca5edb062df8afb1031e86c4ca69c36b624f9dd63a79a2e1,
725,,,Formal spectrum maps of weakly admissible rings are representable exactly when taut,The Stacks Project Authors,,H2,fcfc8ce530d5ca354da0009b99706df3bdbbee3ad87886f2cdca97ae1e51cf2c,
726,,,Finitely presented algebras admit retract extensions with free local conormals and differentials,The Stacks Project Authors,,H2,bfc771273b356b3ce27439b73dfa96d6c702f30cd08f731359e2e4847d8f0c9b,
727,,,Smooth and syntomic algebras lift along arbitrary ring surjections,The Stacks Project Authors,,H2,9ddedfc6f56df6764bcdfaee6d9c50086be0869ee79636147693b952971722e6,
728,,,Stable cotangent freeness and high powers yield strictly standard presentations,The Stacks Project Authors,,H2,61f3dd3f3afd166e4d882b20386beeb0250cd11e11773a66719a4442b6c1d766,
729,,,Generic smoothness over unramified DVR extensions with separable residue fields is resolved by Neron blowups,The Stacks Project Authors,,H3,1295d8331e517af7f634a420ee9567a73baeafcacf5842bee1ac9705164f1b62,
730,,,Mod-square algebra lifts preserving smooth loci under stable annihilators over Noetherian rings,The Stacks Project Authors,,H3,f8138213676287340410b95c6d0df90347a121c7e826e9e80b3ced8679786cf2,
731,,,Strictly standard Noetherian algebras with compatible mod-four sections admit desingularizing factorizations,The Stacks Project Authors,,H3,245c295bd47fc585f66c3121e7e84918d8f4ae9c21d5059c4230435532169399,
732,,,Smooth local resolutions delocalize at primes minimal over the singular ideal,The Stacks Project Authors,,H2,c409234688f563cb105b3306a2751182a86347ae0b61ec78ebb14c2961ccf573,
733,,,Artinian local algebras in characteristic p with finite cotangent H-one are unions of flat finite-type models,The Stacks Project Authors,,H3,5d4bc5f2e7f59c07455abe1ca8d251d55a0c8ae21bb372e15a6911e3312e5940,
734,,,Finite jets of geometrically regular characteristic-p algebras admit flat Artinian smooth models,The Stacks Project Authors,,H3,e119a4f2062dff7945065e6b6fd99e0c72ac3558d5f2ba0251f74b7263977109,
736,,,Pseudo-coherent derived triples glue across affine pushouts along thickenings,The Stacks Project Authors,,H3,2eb4e6165ec22e854347f11bcc95ef06e645c9ac170f42294d2dea7416098bbe,
737,,,Regular alterations of local Noetherian domains force normal completed normalization and regular generic formal fibre,The Stacks Project Authors,,H2,a39fcfdc6d69349931381af5b7651688f7db42f741028cda023b3e5bf07019d6,
742,,,Constant-factor equivalence of PC and PCR monomial space for totally weight-constrained formulas,"Yuval Filmus, Massimo Lauria, Mladen Mikša, Jakob Nordström, and Marc Vinyals",,H2,6d2c3c80ddc3b10e67da2f10a0454d029c1984f0546a2dfc02c7049dc420ce65,
744,,,Resolution width from narrow-clause threshold and simultaneous wide-clause count,"Nicola Galesi, Leszek A. Kolodziejczyk, and Neil Thapen",,H2,abe3b28e60f2cde7ae2924706a3d13f55ac0116f73f8d77464e5add3f729e5da,
745,,,Quadratic resolution-width simulation of PCR term space over any field,"Nicola Galesi, Leszek A. Kolodziejczyk, and Neil Thapen",,H3,0801bce92d869f7a7e2bfc4a10669c7f8e91f923fca7b5e908adc241605f906f,
746,,,YQP-star languages lie in APP through amplified quantum-advice verification,Justin Yirka,,H3,7e69631db0ceca4f518070fe6b1daad752d29f57c11476ea96c318237df13582,
748,,,Existence of multi-seed-protecting extractors against noncolluding entropy-preserving adversaries,"Gil Cohen, Dean Doron, and Shahar Samocha",,H3,c432d85658783c6361c2470703d1438ff68c8a3caea7749a992e840ec1f6b745,
749,,,Linear-size commutative semigroup circuits for complements of sparse Boolean matrices,"Alexander S. Kulikov, Ivan Mikhailin, Andrey Mokhov, and Vladimir V. Podolskii",,H3,90f83329bfca2337b8615c8679db1247ef2aaa9b08bdab5b8a3f54fc24df5bb8,
750,,,Inverse-Ackermann lower bound for two-zero-row noncommutative linear operators,"Alexander S. Kulikov, Ivan Mikhailin, Andrey Mokhov, and Vladimir V. Podolskii",,H3,5b94182cf0e74391ba1936e362b1b9d71764f3b30ccc3e32829af0807893118d,
759,,,Non-recurrence characterizes general transmission for rigidly marked genus-two graphs,"Pflueger, Nathan; Solomon, Noah",,H2,3690032ca44e222170fee5573724070bdb21e450ab464e187c633ecb803ed630,
760,,,Brill–Noether marked generality survives submodular vertex gluing above the torsion-genus bound,"Pflueger, Nathan; Solomon, Noah",,H2,2a6b0cdde4c1200f9195357b4f1c48c1b927ead01c498d803f2908de95655c4a,
761,,,Pairing-independent Göttsche–Schroeter invariants for h-transverse polygons in arbitrary genus,"Mével, Gurvan",,H3,61efa258630208df7450bf33a4582716fd47cf9327a6272dfc5da00572d28843,
762,,,Greedy Bruhat chains dominate supports of dual Schubert polynomials,"An, Serena; Tung, Katherine; Zhang, Yuchong",,H2,a81cafd95b246aebc6f5d2157e6c831f194b3b903b09bf545e5ba364c7677d5c,
763,,,Isotypical Heckman–Polychronakos eigenvalue sums with arbitrary multiplicities and positive or formal parameter,"Dunkl, Charles; Gorin, Vadim",,H3,7e34f4973bf7e900a3774520be712f717d2f6c29496d17711565128157835b5c,
764,,,Degree-two harmonic Abel–Prym maps for free covers with hyperelliptic 2-edge-connected source and base genus at least two,"Capobianco, Giusi; Len, Yoav",,H3,8f5d2971301feb3a769a27ee3ae47e4d48fe527d08f84e777ab5c70dc2260337,
765,,,Polarized Prym–Jacobian identification for hyperelliptic free double covers of metric graphs,"Capobianco, Giusi; Len, Yoav",,H3,1b796acbcc2bab6f287621fa28669510ba19e74c8799a7eaae50c61840af7fcf,
767,,,Degree-one Lefschetz injection for vertex-induced simplex triangulations in characteristics zero and two,"Larson, Matt; Stapledon, Alan",,H3,75631406525e6eb04d454fbe36c5bcb38d56092f401c773af987ddb4ba64130f,
768,,,Strong Lefschetz for regular-simplex local face modules in characteristic zero,"Larson, Matt; Stapledon, Alan",,H3,220ec22cc87fcad7137a282a1de28fd6a7bf650e6276ffb6b23baba278afca5c,
769,,,Classification or explicit valency bound for 1-homogeneous distance-regular graphs with diameter at least five and positive a1,"Koolen, Jack H.; Abdullah, Mamoon; Gebremichel, Brhane; Lee, Jae-Ho",,H3,81b27dbba0cd2ab49ecf02d28d78bc73949d693e5c7cf48f290d68201854e411,
770,,,Pointed partition posets have an explicit EW-labeling and a Whitney dual,"González D’León, Rafael S.; Hallam, Joshua; Quiceno D., Yeison A.",,H2,dafe711026b3b9b352c7fd77f856016569328e4ff218de15b8f0285b5226945e,
772,,,Corner-transfer-matrix oscillator operators satisfy the multispecies ASEP Zamolodchikov–Faddeev algebra,"Kuniba, Atsuo; Okado, Masato; Scrimshaw, Travis",,H3,1667a6e6cfc010cb541fc132dd806a09e2f0980180ef81789d47f5a7d746be37,
773,,,Charge monomial basis of the complex Garsia–Procesi ring for arbitrary partitions,"Hanada, Mitsuki",,H2,4add0f3da538528010ce7b1dae295206974b093bcd225e819f0bada3fb286ae8,
775,,,Type-BC zig-zag networks classify 3412- and 4231-avoiding hyperoctahedral permutations,"Skandera, Mark A.",,H2,a0a0de0b77458a480307d2f2c6fdbb4aae78bfa27ef14badce438d0eec65ce70,
792,,,Polynomial equivalence of Cutting Planes and Facelike Stabbing Planes,"Noah Fleming, Mika Goos, Russell Impagliazzo, Toniann Pitassi, Robert Robere, Li-Yang Tan, and Avi Wigderson",,H3,acea3502daa25862831f879eda28567ae519830ac2d8b92fc2efa84ac1fef2c7,
798,,,Weighted pseudorandom generators with improved error dependence for general ordered branching programs,Edward Pyne and Salil Vadhan,,H3,38b81f0421fc084ab7da40ce21cf59ca7606bf489ed2363d5351ff951b8ae4b1,
802,,,Sample-efficient proper PAC verification of unions of intervals,Saachi Mutreja and Jonathan Shafer,,H3,30a890f32e186eb1d3d2d624318db8f31ce2f1131033c91fdcd95d1aaf3c5a73,
804,,,Existential-real completeness of exact training for fully connected two-layer ReLU networks with two inputs and two outputs,"Daniel Bertschinger, Christoph Hertrich, Paul Jungeblut, Tillmann Miltzow, and Simon Weber",,H3,cc306a7f3a9c5a053e2e916f5a5e5e698e2e44bd39a3142e113fdfd3ecd891cf,
805,,,Null-flag prolongation of distributions of type F4 or split real F4,Goo Ishikawa; Yoshinori Machida,,H2,b638cf0731eb483d4b098991b93d532e6009a258e570ef2d158dd40a27be73e7,
806,,,Homogeneous spin reconstruction from geometrically realizable highly supersymmetric filtered subdeformations with closed isotropy,Andrew D.K. Beckett,,H2,bbd884233e4afdd339ba3f0b6fae1640a755eb7073c125820514b3d6af90a318,
807,,,Quasi-polynomial DAHA representation on a Weyl orbit with admissible orbit character,Jasper Stokman,,H2,23cca5809b4465fd190baeff1bc184adbe291e1d2db3d1816c1bbfe89229c551,
808,,,Chain and null-chain lifts of conformal geodesics for twistor CR manifolds over a conformal three-manifold,Taiji Marugame,,H2,0d78372b86bc9509112e5dc50fabf5afb3dd669784277934b01f9cbc6cbe39c6,
809,,,Equivariant Stolz R-group invariance under a 2-connected G-map in dimensions at least six,Massimiliano Puglisi; Thomas Schick; Vito Felice Zenobi,,H2,2f18ad4dca2d5e3012323a7d4c77444ab99f0a18f2939313cd23267d759bc736,
810,,,Good-range quasi-abelian cohomological restriction when K′ acts transitively on K/LK,Masatoshi Kitagawa,,H2,e3abc1fdefb17d8b2d4c0ad8f11cadc72dd7dfdad6c74025e4f10bae6cc897ec,
811,,,Equivariant quantum-K Toda presentation for a type-A partial flag variety,Kamyar Amini; Irit Huq-Kuruvilla; Leonardo C. Mihalcea; Daniel Orr; Weihong Xu,,H2,8774deb8f846122dec1a17991128df07c26bc196a6c8dba81d57b2c4eb4e66de,
812,,,Path connectivity of Dirac-minimal metrics on a closed connected spin manifold in dimension two or four,Bernd Ammann; Mattias Dahl,,H2,549cd2e956e654538df1c9e304eedecde36c64a60db8d6ea2665d94ea71e1202,
816,,,Ghost-field near-critical sharpness bound for Bernoulli percolation on connected locally finite vertex-transitive countably infinite graphs,Hugo Vanneuville,,H2,42f8d59dfcdd243583b106a36dad1b4fe354026484360c4be24ba86596d15e47,
817,,,Critical size-conditioned Bienaymé trees have superlogarithmic height and sublinear width without higher moment assumptions,Louigi Addario-Berry; Serte Donderwinkel; Igor Kortchemski,,H2,45baf3c6b7c975fd0c5e63293d44816b04ad5399a96be022130cfae0d159615b,
818,,,Single-model weighted Besov reconstruction for regularity-integrability structures under G-type semigroups,Masato Hoshino,,H3,e4840667abff8f74746bd0bd95e782b242ee5291506d0410f7da79f93774a999,
819,,,Single-model multilevel Schauder estimates for compatible regularity-integrability models and admissible regularizing kernels,Masato Hoshino,,H3,8954b970a8ac75cd806cd11e8573415dfd05daa6be7d42b1544e0bd4379c9cab,
820,,,Integer-order s=1 multilinear density Strichartz estimates for iterated Duhamel operators in Schatten–Sobolev classes,Sonae Hadama,,H3,09ec2fa62e97cfe8831db82e203c3a16540eb6a3798e24f5c62b9ef84a467a1b,
822,,,Sharp stretched-exponential Laplace asymptotics for inverse-integral subordinators under regular variation and strong non-lattice hypotheses,Bénédicte Haas; Bastien Mallein,,H3,2381df12ae867396918c10b50765de42cae8ba332eb498d6e78bc16cb2eaff65,
823,,,"Uniqueness of PSL(2,q)-symmetric line systems with n at least 2d greater than two and q greater than three congruent to three modulo four","Iverson, Joseph W.; Mixon, Dustin G.",,H3,342fe5c468d8cbd829742b32238eef5d59bafadcb68120860901fd6dc95bc580,
824,,,Hermitian-unitary roux and doubly transitive equiangular frames for prime powers q greater than two,"Iverson, Joseph W.; Mixon, Dustin G.",,H3,9313deff71dbb97c08c25967eb57b6b8c417142a404a113f119dacd437f30d74,
825,,,Universal quasi-tree resolutions of powers of square-free monomial ideals,"Cooper, Susan M.; El Khoury, Sabine; Faridi, Sara; Mayes-Tang, Sarah; Morey, Susan; Şega, Liana M.; Spiroff, Sandra",,H3,789e150b996bda401147767f81bc86bd0fdbe0604a8d9b78b1b7f55e1336c430,
826,,,Rajcode classification of top-degree Lascoux polynomials for weak compositions,"Pan, Jianping; Yu, Tianyi",,H3,2a95e83b7b06caf2c0a8ddf98411d0acc01561d098861d7b06ea27b3217f3ad6,
827,,,Every component of tropical hypersurface intersections meets a nonempty stable intersection,"Ren, Yue",,H2,a1ddc4f065fa4c3f778415ac23fdb11c5afb6ff2f6db50fa92cd954445d0d0a6,
828,,,Faithfulness of the essential-circle quotient annular glN web functor at q equals one over C,"Queffelec, Hoel; Wedrich, Paul",,H3,684922f6a4257cfd1e2de86eb26ccfad46dc9a383f57ba9b4ec8ddcc77b2d29d,
831,,,E8-root orthogonality graph and the complement of the folded-halved-cube clique graph are quantum isomorphic but not isomorphic,"Schmidt, Simon",,H2,a15cb14e0416d36959d6f8a85c86e167dcdb3faa14a271f34b0a2fd79cc77c4f,
834,,,Positive-real evaluation classifies monotone Schur-semiring homomorphisms with trivial kernel,"Fritz, Tobias",,H2,733500928b88713327ca80737dd1eb18686e11ced6d73e033f1047680d68eaf7,
835,,,Tropical homomorphisms of the Schur-positive semiring are Newton-polytope support evaluations,"Fritz, Tobias",,H2,bac4cf901eecb99665ba49f818df07c188975a92e2b0c74e4c3afe944ed333d8,
836,,,Path-homology excision over arbitrary rings for pushouts along projecting digraph cofibrations,"Carranza, Daniel; Doherty, Brandon; Kapulkin, Krzysztof; Opie, Morgan; Sarazola, Maru; Wong, Liang Ze",,H3,54130f7eab55d0b494e8af296af2e4b1f4587608bd39689b2ce7ef79f681a796,
837,,,Fundamental-weight products form an integral cohomology basis of the complex type-A Peterson variety,"Abe, Hiraku; Horiguchi, Tatsuya; Kuwata, Hideya; Zeng, Haozhi",,H2,38429c09c5a7ad6b98820df9176adf8e2271fee4d1b90d252b36825180a35792,
838,,,"Fixed-point-free permutation links agree with reduced plabic and Richardson links, including concave Coxeter realizations","Galashin, Pavel; Lam, Thomas",,H2,a806a0d9cd055e1eb45ec549eae5ccc570eedfdcbefb6613be768af064ff907e,
839,,,Recurrent-leaf strata of really-full-rank cluster varieties split as an affine line times a rank-reduced variety over any field,"Galashin, Pavel; Lam, Thomas",,H2,1ee0aeccb8b7c8d7ce720bbb39be34afb6c5a19296c7ab5c46704db8e7509397,
840,,,Reduced exchange matrices of plabic graphs are torsion-free,"Galashin, Pavel; Lam, Thomas",,H2,9e818222abcdf12e432c567257708d50bef91ad6e23b6dc0b71eff4d15d4b1c3,
842,,,Explicit norm-quotient Fitting ideals of Jacobian groups for finite connected abelian Galois graph covers,"Kataoka, Takenori",,H3,a95127fb92cf8d3a29646f35faec8c77b63867b074216bbee3ba540fe8ff49b5,
869,,,Uniform depth-four AC0 functions with nearly cubic De Morgan formula size,"Yuval Filmus, Or Meir, and Avishay Tal",,H3,2ebaf39475810a589e98b198e6863488d7cf8c773256201dcfe0918d923f30b0,
870,,,A superconstant gap between optimal BST cost and the strong Wilber-1 bound on permutations,"Parinya Chalermsook, Julia Chuzhoy, and Thatchaphol Saranurak",,H3,adf2507b61520a866a6f7f6c749df4106e7354ae8d960d9e1e4c170d0a67f38d,
874,,,Direct-sum lower bound for independent modular Sum-Equal instances,"Elbert Du, Michael Mitzenmacher, David Woodruff, and Guang Yang",,H3,bfb2ea7602747ff4cabc947a774f9814ac6db58df47dd9c0d2b98980c0d72f65,
884,,,Polynomial-time choice of a greedy matching order guaranteeing 22/43 against every arrival order,"Alon Eden, Uriel Feige, and Michal Feldman",,H3,4736acbb7824301320e207546dfd4555ea366540ba5d49882506d675706b8d56,
887,,,Linear-condition-number relaxation time of fixed-step ideal Hamiltonian Monte Carlo,Zongchen Chen and Santosh S. Vempala,,H2,a933d24141f46af555477f20da62f75c8548348e34b647d5dfe9958fa9e82943,
888,,,Nearly quadratic-stretch pseudorandom generators for randomized Turing machines,Emanuele Viola,,H3,476025ac5aaea797013213d1ec499aef7ef029712297874e90f245f90563aae0,
889,,,Superlinear randomized Turing-machine time lower bounds in linear-time Sigma3,Emanuele Viola,,H3,bab539f5a6abe8a4db6fab65426cbb018977e54bd94b7880a0e93e707b8a4e86,
896,,,Explicit logarithmic-depth majority formulas using only three-input majority gates and variables,Alexander Kozachinskiy and Vladimir V. Podolskii,,H3,90a4b162ce67556dfd4527562f7b1be4805de81140aa9fa9e36c2ae86b0ba6c2,
897,,,Common-zero communication complexity and constant-free Q_k circuit depth for C≤f,Alexander Kozachinskiy and Vladimir V. Podolskii,,H3,71e365d6773e6277d3bcbe2e0d96815c9b31406bb4a26dd34c46c2075b0becdc,
898,,,Geodesic entropy second variation along generalized Ricci flow with dilaton and differential-form coupling,Eva Kopfer; Jeffrey Streets,,H2,229404d977ebd36f3670a216fdca2b4cdf8da8fab5ca2e5c5cda663380260d3d,
899,,,"Recurrence-coefficient asymptotics for the logarithmic weight log(2/(1-x)) on (-1,1)",Percy Deift; Mateusz Piorkowski,,H2,d2c56247e8159c65ade90a3aa979068d3b43f542d45fdc349f860e77dca9626c,
900,,,Autonomous Weierstrass equation for the genus-one outer approximation to algebraic Painlevé-III(D7) solutions,Robert J. Buckingham; Peter D. Miller,,H2,1a95b5f0e983e7ef070260dc77d315fcd83dc533d84fcdb2e89b0ec47c086446,
901,,,A derived Zinbiel algebra without a differential Zinbiel embedding in characteristic different from two and three,Pavel Kolesnikov; Farukh Mashurov; Bauyrzhan Sartayev,,H1,294515c0b9b0fc09f2ae103620d5df4bc24d475042f1238b02d14f8cab731f54,
902,,,Generic-monodromy Painlevé-III D6 to D8 confluence of even and odd Bäcklund iterates,Ahmad Barhoumi; Oleg Lisovyy; Peter D. Miller; Andrei Prokhorov,,H2,07cc4ce330c6484bf4422b44e0353687f157e8fd14e80d21b62fe4e0818237fb,
903,,,Transgressed Pontryagin and Stiefel–Whitney classes of the Clifford algebra bundle on an oriented loop space in dimension at least five,Matthias Ludewig,,H2,d9c277f336eab90d4eef10559acad5f2209b01b1f0c2664c870fb47db3bac8d3,
904,,,Uniform optimally truncated two-scale large-argument expansion of the Lerch transcendent,Adri B. Olde Daalhuis,,H2,aa344b279de8b5e5254156011f88742ba24b7cc6c4d92c5d844866813d439d57,
905,,,Parity-separated inverse-factorial resurgence of incomplete-gamma transition coefficients,Gergő Nemes,,H2,57efe60267d1e4817a68345f8256d440a4cd0cbcfbc850ccf0d915b8d97d4d94,
907,,,Developing-subvariety abelian fibration for a non-uniruled smooth projective variety with flat algebraic-model Cartan geometry,Indranil Biswas; Benjamin McKay,,H2,fb8dbda3b9a42ddaaa7e5a6a3e53b84a071c22de370f6a4c192800126bea4f58,
908,,,Scalar-mean curvature rigidity of a strictly log-concave spherical warped band for a nonzero-degree Lipschitz spin map,Christian Bär; Simon Brendle; Bernhard Hanke; Yipeng Wang,,H2,19674ff61df83c219e9b1d19c6235f80afe5c03a35c725c66f110f5f171c7100,
909,,,Discrete Isozaki–Kitada commutator expansion for prescribed long-range eikonal phases on general lattices,Yukihide Tadano,,H3,03e5b9ea4bc65f252f0143e9e67128f1638d20b56caa29681ca8f1413be6ea3b,
910,,,Cellular Poincaré–Lefschetz duality for finite-dimensional locally finite regular CW cosheaves with one-degree local homology,Jules Chenal,,H3,4bd77fbaf97705856045d97d78f09501aa417afe9cdfcd9be158802fd934d61c,
915,,,Global convergence of Morse-potential diffusion on compact Riemannian manifolds of dimension at least two under the Hessian drift threshold,Laurent Miclo,doi:10.5802/ahl.242:theorem1.1-dimension-atleast2,H2,169294f5e2b40be619fe91c197009f5bde71436fcbdca0f8f97fe146217dbf73,
916,,,A zero-one freezing law for the infinite-bin model with non-increasing reproduction probabilities,"Bastien Mallein, Sanjay Ramassamy and Arvind Singh",doi:10.5802/ahl.244:theorem1.3,H2,973e597794f6c99dcf9f9b4301c1fcfafc795005c3d9a43466e1b4e2231339df,
917,,,Regular-variation tail-power criterion for the deterministic freezing type of the infinite-bin model,"Bastien Mallein, Sanjay Ramassamy and Arvind Singh",doi:10.5802/ahl.244:theorem1.7,H2,43cf3038044c7c1a0abc93fd51543546d66129882f75b55e3a02e8a7677f6044,
919,,,Even associative Quillen cohomology for exterior-algebra diagrams with injective odd coefficient diagrams,Geoffroy Horel,doi:10.5802/ahl.246:proposition5.2,H2,b4ac0445a67ba8c94ca27ef5b88269c8842e88f300aa021b4b40b94392534c35,
924,,,"Existence, restriction identity and extremal one-sided Lagrangian minimizers for the forced inviscid periodic Burgers equation, simultaneously for all means",Alexander Dunlap,doi:10.5802/ahl.250:theorem1.4-one-sided-minimizers-exist,H2,e4e2319b93d4699e2d892e63152761b7fb96f1fcd56b5a9d2e6960b759b18557,
925,,,Sharp Laplacian bound for Brenier potentials from full-support log-subharmonic sources to strongly log-concave targets,Guido De Philippis; Yair Shenfeld,doi:10.5802/ahl.251:theorem2.1-Brenier-Laplacian,H3,48da30cd4a3c8cd9feed2f716538277eb10ed05dc30a4813e7708e763bde0e54,
926,,,Robustly faithful representations of a finitely generated non-abelian free group into SL2(R) are Anosov,León Carvajales; Pablo Lessa; Rafael Potrie,doi:10.5802/ahl.252:proposition2.2-robustly-faithful-SL2-is-Anosov,H2,77b0de1a4397d1776e44c0989132ba641fbbf12683630eb6d9fe6a571995e764,
927,,,A criterion for non-robust quasi-isometry in SL3(R): free-group representations with a repeated-eigenvalue word and an aligned loxodromic plane admit arbitrarily small unipotent-word deformations,León Carvajales; Pablo Lessa; Rafael Potrie,doi:10.5802/ahl.252:proposition3.4-criterion-non-robust-quasi-isometry,H2,5edb7f923403412eab59da3ab21efaa8074f53092ce198b3cba03db8d253b69d,
928,,,Sharp unattained systolic ratio one-half for invariant tight contact forms on circle bundles over S2 with Euler number greater than two,Simon Vialaret,doi:10.5802/ahl.253:theorem1.2-euler-number-greater-than-two,H3,a0a30833e273f7a7e2674e841a6df7a7a93b22567edab07867c0da20fb291214,
929,,,Every nonnegative discrete distribution with zero in its support is an iid-distance law on a complete separable measured metric space,Renan Gross,doi:10.5802/ahl.254:theorem1.1-discrete-distributions,H2,d70d5dfd179a81f38b0c04bb2a30bc24d1e202961368d902ae3884fb4ffee5db,
930,,,Equiaffine immersions of closed oriented volume-preserving three-manifolds produce flat SL4/SL3 extensions and vanishing Chern–Simons invariants,Andreas Čap; Keegan J. Flood; Thomas Mettler,doi:10.5802/ahl.255:theorem6.10-equiaffine-flat-extension,H2,0526b5ed7d4e03ae4685d0ea36bda09b521d5818543d92fd57a20fdf8d0880e4,
931,,,Twisted Patterson--Sullivan partial-shadow bounds for symmetric finitely supported admissible walks on non-elementary relatively hyperbolic groups,Matthieu Dussaule; Longmin Wang; Wenyuan Yang,doi:10.5802/ahl.256:lemma-4.14,H2,b4f5f099768b1a866315f2719c8420ed60cf3f7de438bc13fbe8d5438beecbe1,
932,,,Closures of higher-rank Voronoi cells for admissible discrete sets decompose into almost-orthogonal scalar Voronoi polyhedra,Omid Amini; Noema Nicolussi,doi:10.5802/ahl.257:theorem-4.1,H2,b0a173460d7004e42c6d18e93fdf9606f30c7b6e0841f719560b063d08321fa1,
933,,,Uniform finite nearest-site reduction for weakly tame higher-rank metric degenerations and admissible discrete sites,Omid Amini; Noema Nicolussi,doi:10.5802/ahl.257:lemma6.1-finiteness,H3,fc8c64a319c3eb3a64a44f65785e23e38cdc904e938b5eb33cb7453c5e47251a,
934,,,Generators-and-relations presentation of the gravity reconnectad over a characteristic-zero field,"Dotsenko, Vladimir; Keilthy, Adam; Lyskov, Denis",,H3,49d824b5c880aa27783433edb149834959578606f452f4ac64e2c1638ae3486d,
935,,,Homology of complex graphical wonderful models is the hypercommutative reconnectad,"Dotsenko, Vladimir; Keilthy, Adam; Lyskov, Denis",,H3,9beeb66fbe42751b04c28e0dbfd6cbad0261ce3194109d0bf67106fcc272ba4f,
936,,,Rational equivariant modular cohomology law for type-one triples of regular-semisimple Hessenberg twin manifolds,"Kiem, Young-Hoon; Lee, Donggun",,H3,75dac4fc25b524d0d0c7ac1109ff1243de3812c2189418c2c45c50226798e2ad,
937,,,Sparse-statistic criterion for two-row Schur positivity of finite sets,"Marmor, Avichai",,H2,ab1b734cb3b53eff769330043854deaaf2e3a2a8d0acb2637cfb310cf347d752,
938,,,Banff quivers coincide with the source-or-sink-recursive mutation class B prime,"Ervin, Tucker J.; Jackson, Blake",,H2,d2ad90cc7fdc89d6a4b988392c4b07f1a5a7da1a8a63617cf28b185b04f7520b,
939,,,Four-generated numerical semigroups realizing presentation cardinality eta at least six when four m is at least eta minus two squared,Ceyhun Elmacioglu; Kieran Hilmer; Christopher O’Neill; Melin Okandan; Hannah Park-Kaufmann,doi:10.5802/alco.354:theorem6.3-embdim4-eta-realization,H2,8932f7d1ded2a3432aecf41452157e95f7d536b5e885b694b96b006f1c4d9fae,
941,,,Leading monomials above minimal degree of Grothendieck polynomials for term orders with ascending variables,Matt Dreyer; Karola Mészáros; Avery St. Dizier,doi:10.5802/alco.358:theorem11.3-leading-monomials-above-minimal-degree,H3,a54ef5f0aaedf7281d7405d7531d5e9c897ebfb1a3a8829c98724eefcf773de5,
942,,,Generic Grassmannian torus-orbit coefficients count one-strip-less semistandard tableaux,"Lian, Carl",,H3,ca888613c85252218802a8aa765301ccbda9703537e2ee3f8e1f772acfdaea5e,
943,,,Odd single-part peak elements freely generate the K-theoretic peak algebra over Z beta,"Marberg, Eric",,H2,ebdaa0c668a96025185b7f6c392a526215b7df7e0e6db637835d2a65d1b07e08,
945,,,"Plethystic formulas for ordinary, surjective and stable complex symmetric-group restriction coefficients and their inverses","Lee, Mitchell",,H2,d6d20722dad24f8f8e573c50d69bde5b58c0fd74572e0491db8d44776019bfd3,
946,,,Characteristic ideal equals the voltage Laplacian determinant for connected leafless Zp-to-the-l graph covers with l at least two,"Kleine, Sören; Müller, Katharina",,H3,dff5f6c3784d82e13509faee2e3bffb9ff579cc8897f08c1900a6a1b8ad151cb,
947,,,Quasipolynomial cumulative growth for strongly connected periodic graphs with C1 plus C2 less than one,"Inoue, Takuya; Nakamura, Yusuke",doi:10.5802/alco.367:theorem3.4-1-2-quasipolynomial-cumulative-growth,H3,5404165aaabc128625555284a46d5a3d126c050239b1648cba07f66e4144c15b,
948,,,Rational growth series and reciprocity for strongly connected well-arranged undirected periodic graphs,"Inoue, Takuya; Nakamura, Yusuke",doi:10.5802/alco.367:theorem4.9-well-arranged-rational-growth-reciprocity,H3,0670957a2941684275ae6fdd02409111c664b3d9812821dcfd89061997eb5566,
949,,,Twisted double Hurwitz numbers equal their tropical involutive-cover counts for equal-size partitions,"Hahn, Marvin Anas; Markwig, Hannah",,H3,a6ee493e86e1bd64dbd29b8d684bc17b095bd7e08626542f62a51d42570b4294,
950,,,Piecewise polynomiality and degree of labelled twisted double Hurwitz numbers in resonance chambers,"Hahn, Marvin Anas; Markwig, Hannah",,H3,19e7251dca532abe6b97e07ffa006639c8473a1367c9340747d715275a177fc6,
951,,,Exact minimum base size for symmetric actions on r-subsets and the corresponding alternating action when n is at least two r,"del Valle, Coen; Roney-Dougal, Colva M.",doi:10.5802/alco.370:theorem1.1-minimum-base-size,H2,3989c4f099452d9c2661b56d20362e1a1a493b98d4c781f38072b4c11ca6609a,
952,,,Fullness of maximal exceptional line-bundle sequences on nontrivial smooth projective toric bundles of Picard rank two over an algebraically closed field,"Altmann, Klaus; Witt, Frederik",,H3,831d8ae68b78d8a6edc2beef59d4b208fae0d7d9cf635a07975ca1985e0fa03d,
953,,,Vertical orderability of maximal exceptional line-bundle sequences on nontrivial smooth projective toric bundles of Picard rank two over an algebraically closed field,"Altmann, Klaus; Witt, Frederik",,H3,4fbe92bfa89ad88f76a026c8120b7a5b9a40a2182f3d1e65f4210d6c634eb4f0,
964,,,Amortized tensor-network execution bound for Kronecker powers of multilinear maps,"Per Austrin, Petteri Kaski, and Kaie Kubjas",,H3,5d0457dff36f583b834b8ff5e429dd876cfab4a2a56b5db431559c3399f899af,
966,,,Boolean functions of sign-rank three with exponentially small discrepancy,"Kaave Hosseini, Hamed Hatami, and Shachar Lovett",,H3,6caf4534566045f2e55ab59074b1182460d5580221d4fbc5970f81c21e3d3626,
968,,,Conditional deterministic small-space acceptance-probability estimation from hitting sets for wider branching programs,Kuan Cheng and William M. Hoza,,H3,e4467f690b2689077927c5c9234f4d475c457aadce61f77ff7ca5c555a763b5f,
970,,,Linear lower bounds for generalized orthogonality dimension of Kneser graphs,Alexander Golovnev and Ishay Haviv,,H3,befe04f61ae095db0d67b022f08ffdb9fd6d485991e79a39bbb9cd9465157df3,
971,,,Fine competitiveness of the discrete multiscale conditional-entropy metrical-task algorithm,Christian Coester and James R. Lee,,H3,3be8b2a197e5ad3b718002b79a34afc766d71249141f40a0cf0101b993e6e6e8,
974,,,SETH lower bound for sparse undirected node-capacitated all-pairs maximum flow,"Amir Abboud, Robert Krauthgamer, and Ohad Trabelsi",,H3,70ead9534acfdb0575af90dd3ea6a0cda60b54b8669c5c5e922940c5717e4ccb,
975,,,Near-linear nondeterministic construction of a unit-edge-capacity cut-equivalent tree,"Amir Abboud, Robert Krauthgamer, and Ohad Trabelsi",,H3,c712e4a8ee46cf03dbdfa896c9d4f0312757f96d67e8ac2117b5d29c35c119c1,
979,,,Discrepancy lower bounds for small-advantage layered Arthur–Merlin communication,Dmitry Gavinsky,,H3,c6111f9bca26ee7c83e0e4b081282c9d151489a34491dc5eb54af5b8beb5909c,
983,,,General-weight relative Moser–Trudinger estimate for positive-mass model potentials in a big class on a compact Kähler manifold,Eleonora Di Nezza; Stefano Trapani; Antonio Trusiani,,H3,a20460a4b8da9f63630778a93bd31e4380df116cda44d4f1d156fabe425c135a,
984,,,Multiplicity count and algebraic-degree bound for co-axial spherical metrics with three positive noninteger angles and one integer angle of matching parity,Zhijie Chen; Chang-Shou Lin; Yifan Yang,,H3,00b577d9e8e7737402098bc0a032d91d3b1cbf769445e5c87406065fef8e3f44,
985,,,"Classification of finite-dimensional irreducible projective unitary representations of the triangle group (3,3,3) with primitive commutator parameter",Danylo Yakymenko,,H2,00bd1180605ce793268f77946bd54c53898cbcda0ec082ddd8d616ae61811f2c,
986,,,"Unitary su(1,1) symmetries of consistent continuum particle Markov semigroups reversible for a finite-intensity Pascal law",Simone Floreani; Sabine Jansen; Stefan Wagner,,H2,f80a2a1ac4c95aecdf9ffc4fa0565fb9e27df4b3929b80f8d6fe6616b65a3087,
987,,,"Left and right Noetherianity of genus-zero quantum graph algebras for complex semisimple Lie algebras, their Laurent integral forms and nonzero specializations",Stéphane Baseilhac; Philippe Roche,,H3,3de050fd7558abdb684d84936aaf29a5d1aeb82494b353864354153c795dd34c,
988,,,Regularized Pfaffian formula for even-dimensional Kontsevich Hermitian matrix integrals with a positive external matrix and a continuous all-moments potential,Gaëtan Borot; Raimar Wulkenhaar,,H2,166ea9be36a94606127b4b2d1dba0065c27f50ad807f344b5c032e682bde8a06,
989,,,Universal coefficient denominator bound for alpha-zero knot perturbative series defined by formal Gaussian integrals at nontrivial representations,Stavros Garoufalidis; Don Zagier,,H3,b702b4313b9cdc8db7003b55f00103a3da6bea1e50b160d765e561f475e0be39,
990,,,The two Rogers–Ramanujan series-product identities for complex q with absolute value less than one,Hjalmar Rosengren,,H2,ccc37cb984fc55c927933e067a698d1e44e877d46b965735529a3f2ce1c3481a,
991,,,Restricted first-row Cauchy-sum identity for q-Whittaker and skew Schur polynomials with 0 < q < 1,Takashi Imamura; Matteo Mucciconi; Tomohiro Sasamoto,,H3,77ea66438a565029fb05de408abcf964eaf790333c0911a5dd9356d76600fdc3,
993,,,Diagram-like corner algebra and multiset partition algebra are explicitly isomorphic over C(x),"Wilson, Alexander N.",,H3,69591f72efa1de25ddef1bc3a9056a3d4c57b08a5994c011c8ec0ed0543d378c,
994,,,Exact minimum size of finite posets with a specified finite cyclic automorphism group,"Barmak, Jonathan Ariel; Barreto, Agustín Nicolás",doi:10.5802/alco.372:corollary4.2-minimum-poset-size,H3,80e10c9b735e7a55aba826a15f809f98ce26c22137d6a84f816cf76b5cfea7e9,
995,,,Multivariate weighted alternating-sign matrices have a totally-symmetric-plane-partition Schur expansion,"Fischer, Ilse; Schreier-Aigner, Florian",,H3,32974c53cbc52d8b97072cb9237095eb7d418fd20b9da681131d50561bf8da28,
997,,,Triple-dimer web formulas for twists of the four specified cubic Gr three eight and Gr three nine expressions,"Elkin, Moriah; Musiker, Gregg; Wright, Kayla",,H3,e803220a7161ad5065cf798ae3d74da421f8aa34f524db9c760a4de66c3547ff,
999,,,Root-free scatteredness criterion for the explicit four-coordinate finite-field family in the small-Frobenius-exponent regime,"Bartoli, Daniele; Marino, Giuseppe; Neri, Alessandro; Vicino, Lara",,H3,73e1cb69995373cf4455e91094df4d28d83eef35d0c57ae65b93c70fb8b0f6f3,
1000,,,Pretty good fractional revival on single orbits of diamond-decorated cycles after transcendental diagonal perturbation,"Drazen, Whitney; Kempton, Mark; Lippner, Gabor",,H3,586b139dc0fc371dd5eb52a877ccb16a85d05583a6fbbcb569d1dd913e5382d6,
1001,,,Flat-filled increasing binary trees expand products of matroidal hypersimplex classes in the integral matroid Chow ring,"Katz, Eric; Kutler, Max",doi:10.5802/alco.382:theorem5.2-postnikov-tree-expansion,H2,5b6371d4a407cfc2c56d13242fdfd716a2835672fabf44849c2405ad1a81a56f,
1002,,,Expected core size in irreducible Cartan types B and C when b is coprime to the Coxeter number,"Stucky, Eric Nathan; Thiel, Marko; Williams, Nathan",doi:10.5802/alco.383:theorem7.1-typesB-C,H3,9be77296ef589971be7ddf6c87582cae1a792f17ab4b4f82e64d533a73b8d77d,
1004,,,Network partition functions and the octahedron recurrence explicitly describe positive birational rowmotion on rectangles,"Johnson, Joseph; Liu, Ricky Ini",,H3,c93b070317c9ab840793d29e51bbb0798f13472f5e5906ca3aa0919601139b86,
1005,,,Degree-one symmetric-block Pieri formula for type-A partially symmetric Macdonald polynomials,"Goodberry, Ben",,H3,5c64035b9592caee435f49791d89244dac598040ad6a967badca8e872461e649,
1006,,,Spherical generic complex realization counts equal Euclidean counts after coning in one higher dimension,"Dewar, Sean; Grasegger, Georg",,H3,1ae3e879f51749ecff17dc92fbb863f6e99de542fb3bdd537f594dc2e294fb59,
1007,,,Stable graded harmonic multiplicities on complex cyclic quivers are weighted distinguished-tableau sums,"Frohmader, Andrew; Heaton, Alexander",,H2,3f9d3f1c541a426f5fdb5b94b5215d7348b91c978b17dcf074ea52dce2ed98b1,
1008,,,No digraph has the specified G m p group as its full automorphism group for m at least two and p equal to five seven or thirteen,"Bamberg, John; Giudici, Michael; Smith, Jacob P.",,H2,c2bd93e4ea9fb39692b0bdcd1ec3d747695e8ee0ddf04de29b1e4950777fed0b,
1009,,,Strong-Bruhat-minimal elements are exactly minimum-length representatives in involution-fixed parabolic Coxeter cosets,"Chapelier-Laget, Nathan; Gobet, Thomas",,H2,6e2c666fe348287fc86f648afccd4c329c85743dade4eafa488c04e87c7dd905,
1010,,,Higher Specht basis for hook Garsia–Haiman modules under the complex diagonal symmetric-group action,"Gillespie, Maria",,H3,febc2822265ff58d8300faa22be15c633a49fba28df48e655dc54a4dffb98b38,
1011,,,Weyl-module homomorphism stability under admissible p-power partition shifts over an infinite field of characteristic p,"Evangelou, Charalambos; Maliakas, Mihalis; Stergiopoulou, Dimitra-Dionysia",,H3,bd1c5ea24f8e33f5f47b4c6036712fff10606cf649352ff1911784ef26dffcaa,
1012,,,Shi-part minimum representatives form a Garside shadow in finitely generated Coxeter groups,"Przytyck, Piotr; Yau, Yeeka",,H2,bfad47ba53441986d873f33f94ac568a28d5a9ae7a272e64db54aa98519337d6,
1013,,,Integral canonical forms for one-differential-poset DU operators with surjective down maps strict two-step rank-increment growth and integral initial forms,"Shah, Syed Waqar Ali",,H3,a09dd08bd39112d8ec95b7d4fa8d51a71684dd13a1952a7d1e31b994a66841a1,
1014,,,"Stable-limit nonsymmetric Macdonald functions form a Cherednik weight basis of almost symmetric functions over Q(q,t)","Bechtloff Weising, Milo J.",,H3,9824d323eecbe051236b40362265bb1d4ead48553e5b26ed6c87a4ff198ddc9a,
1015,,,"A stable power-sum Macdonald operator gives simple joint spectrum with stable Cherednik operators over Q(q,t)","Bechtloff Weising, Milo J.",,H3,0ac694011567cd1ac4501c43d77963e25d691026b924841c149a93708030513a,
1046,,,Complete asymptotic expansion of 2F2 with an integer parameter tending to negative infinity and nonresonant denominator parameters,Peng-Cheng Hang; Min-Jie Luo,,H1,7501228371749e5635dfd431c1d959871a30cae8c51887993285d670389dc4b8,
1047,,,Existence and uniqueness of the even symplectic skew-orthogonal polynomial Riemann–Hilbert problem for a real even-degree positive-leading-coefficient potential,Alex Little,,H2,7ffbaa499d7f7567a39959c84a36b5f0309e295c48c87afd7eebad8a2577a67e,
1048,,,Laurentness and polynomiality under positive specialization of F-polynomials for generalized quantum cluster algebras,Changjian Fu; Liangang Peng; Huihui Ye,,H2,d434ea1440723bcf9367f6e9fc6471ab08b98e951a77476d6c5dfbe1494d0314,
1049,,,"Compact locally conformally Ricci-flat pseudo-Kähler examples on S1 times S(8n-1) with essential conformal transformations in signature (4n,4n)",Vicente Cortés; Thomas Leistner,,H2,9e8c1e60e04668037c9a3c201673866ab874ffb5ac3fb48bd084fbdb88a72b9b,
1050,,,Homotopy classification of faithful finite-group graded extensions of fusion 2-categories over an algebraically closed field of characteristic zero,Thibault Didier Décoppet,,H2,75cc51e56bf39a393fedff1411d6addc4ee6cef71900dea29c6ae24bccb4f27d,
1051,,,Explicit all-dimension remainder bounds for matrix Bingham normalization with symmetric parameters and sub-square-root Frobenius growth,Armine Bagyan; Donald Richards,,H2,f6dac55634203298c2f6544260aea7b87c607fdea36c9e4a8013fc894ce417df,
1052,,,Elliptic-fibration compactification of a maximally mutable complex Laurent polynomial whose Newton polygon is a T-polygon,Wendelin Lutz,,H2,1222a05badfc6283872acadf762a8d7e63cb0e7a9e728787e3180c76c43b556c,
1053,,,Parameterized tetrahedron-equation solution from a symmetric-butterfly quantum cluster quiver in the formal q-Weyl algebra for generic q,Rei Inoue; Atsuo Kuniba; Xiaoyue Sun; Yuji Terashima; Junya Yagi,,H2,2a693faebc1cf80863f59ae5c658bb1bb26c41329072c4040ad3e039ad65ee4e,
1054,,,"Holomorphic symplectic Grassmannian and coadjoint-orbit models of the hyperkähler U(m) quotient at (i Id_m,0,0) for m<=n",Philip Arathoon; Marine Fontaine,,H2,bf7dda66b1e86bdb0e88a311c8778e78fb494c78dca847d65053be176c9da12f,
1055,,,Sharp spherical product-moment bounds for nonzero complex linear forms with proportionality and orthogonality equality cases,"Frédéric Campana, Lionel Darondeau, Jean-Pierre Demailly and Erwan Rousseau",doi:10.5802/ahl.197:lemma6.5-chern-form-inequalities,H2,8be04cdd628fe6eb19875f602c6a98eda67729c15aaa75344bfbc9edff7446c0,
1058,,,"Absence of nondegenerate temporal limit laws for finite sawtooth-step sums with a nonzero jump, almost every circle rotation and every starting point",Lorenz Frühwirth and Manuel Hauke,doi:10.5802/ahl.200:theorem1.2-finite-sawtooth-step-sums,H2,391d8ba2035752da053c451f38a2bbb4e28d9a927de7d605407b69e8c96404f6,
1059,,,Maslov index of a Lagrangian arc with a generating function and vertically transverse endpoints equals its fiber-Hessian Morse-index difference,"Marie-Claude Arnaud, Anna Florio and Valentine Roos",doi:10.5802/ahl.202:theorem3.3-maslov-morse-index,H2,83a06737ca6c025b7f865cc14d6099a930f585377e93d67664df3f04659d0f35,
1060,,,Serre fibration and embedding-space quotient identification for unoriented decorated boundary sums in dimensions at least two other than four,Martin Palmer and Arthur Soulié,doi:10.5802/ahl.204:theorem1.55-unoriented-serre-fibration,H2,b3347c486d9b4f0e783a3430920e91d6602d84258bf599f60c64713a54002b95,
1061,,,Positive entropy of a compact-surface diffeomorphism is approximated by fundamental-group growth relative to a single hyperbolic periodic orbit,Marcelo R. R. Alves and Matthias Meiwes,doi:10.5802/ahl.205:theoremB.1-fundamental-group-growth,H3,9096c915849fd4e62ff9df0156bf1a3cf629cebbf3286268a9922fb0891be1d9,
1062,,,Nonnegativity of the fragmentation power-series solution for finite nonnegative daughter measures without endpoint atoms and compactly supported nonnegative initial measures,"Marie Doumic, Miguel Escobedo and Magali Tournus",doi:10.5802/ahl.207:theorem-2.6,H2,2d41def7c5ac824ea6df7072809f56d03d2bfdc6174452ab5a4ee899f9cc223d,
1063,,,Every positive braid closure other than an unlink has positive-convention signature at least one quarter of its first Betti number plus one half,Joshua Evan Greene and Livio Liechti,doi:10.5802/ahl.212:theorem-1.1,H2,ece83edbb48f23236adf0485d091c0ca3b068b38e71a2c6a27384406f827893f,
1064,,,Uniform curve-shortening width convergence near any irrational direction for geodesics of a Finsler two-torus without conjugate points,Elie Nakhlé and Stéphane Sabourau,doi:10.5802/ahl.217:theorem-5.1,H2,a922daac5b8e9d765c65b988f414a86d6b48a30b0863b0b36037a6f1144b9edb,
1065,,,Particle-number-uniform modified logarithmic Sobolev bounds for strictly separating generalized random transpositions,Pietro Caputo and Daniel Parisi,doi:10.5802/ahl.219:theorem1.8-particle-number-uniform-entropy-production,H2,21e3473e33ee1495a7ab37fd2a2b787215c5780814bb2c845a57422cabb67d07,
1089,,,Cubic twisted sections from nontrivial order-three Prym line bundles on a smooth quadratic spectral cover,Nigel J. Hitchin,,H2,1db6862ecaa15da9e133cfdd5079dd1799d1c6eecc13327a65135856695381bf,
1090,,,Spin-c refined two-variable series invariance for reduced plumbing trees with invertible linking matrix,Song Jin Ri,,H2,9b05430ca7936eb39161e58480b1b8fde093ddbf33de28a1d8349e92092c3399,
1091,,,Derived pure-spinor dg equivalence for strict-object multiplets of two-step super-Poincare-type algebras,Chris Elliott; Fabian Hahner; Ingmar Saberi,,H3,e2f7df732914368d14f593ebdfab853738dea2829e6de36bea48525cc8b06940,
1092,,,Torus restrictions of left-invariant SKT metrics on compact semisimple Samelson complex Lie groups,Anna Fino; Gueo Grantcharov,,H2,d8b231119e35bda4c1d6cb9b45af5dacce22b50134b5e8ddf051c611ac471f9b,
1093,,,Explicit fused symmetric-power central elements of generic Uq(gl(N+1)) in modified root-vector generators,Jeffrey Kuan; Keke Zhang,,H2,60eb230e78a0f5ac6af594f1802b7777a59ccbfd64823ebf8c86ab80ab740022,
1098,,,Orbit ranks dimensions and closure order for complex type-AIII Grassmannian-times-double-flag varieties,"Fresse, Lucas; Nishiyama, Kyo",,H3,0d558eae986b6d27e1b08ac0f402c16d6dd9c515443532fe24b8fc8bd3c6359a,
1099,,,Explicit Jordan and signed-Jordan types of the two generalized complex type-AIII Steinberg maps,"Fresse, Lucas; Nishiyama, Kyo",,H3,64388858a0e76f13f33fcb7c6720dfa7fd66d22c97419ae4ecb2ec6d2ed3fddc,
1100,,,Queue-inversion tableau formula for all modified Macdonald polynomials with formal q and t,"Ayyer, Arvind; Mandelshtam, Olya; Martin, James B",,H3,bc17183d22b66bd27438b6cafc76b650b4df5d141965b09adbfca8fbec5c9542,
1101,,,Disjoint up-down permutree avoidance is equivalent to simultaneous reduced-word automaton acceptance,"Pilaud, Vincent; Pons, Vivane; Tamayo Jimenez, Daniel",,H2,c22a7bee790d99b592afb58efe051af409023f7c0938e2021d40192c77ecff87,
1103,,,Refined Pfaffian Littlewood identity for spin Hall–Littlewood rational functions with nonzero gamma under uniform convergence bounds,"Gavrilova, Svetlana",,H3,04becb10b143ad582231b66102030e53b477d27663212594812ec8bf72588678,
1105,,,Cuspidal skew shapes for a fixed affine-type-A convex preorder are exactly canonical real and imaginary ribbons modulo e-similarity,Dina Abbasian; Lena Difulvio; Robert Muth; Gabrielle Pasternak; Isabella Sholtes; Frances Sinclair,,H3,2930760b514a1fe737fc506e2f4aaf9362250d72dfa4af4101063fce6efdc150,
1107,,,Weighted reflection-factorization generating functions for regular elements of irreducible finite complex reflection groups,Theo Douvropoulos,,H3,1f678101a869301aae485fba12710988035e9086899105046e13ef5b521eeb83,
1108,,,Alternating skew-plethysm recursion with a one-row inner partition and prescribed output length n minus k,Stacey Law; Yuji Okitani,,H3,7ddeb1e06dcffed76d5147ba8ee75db0df02a6d855aa049416db8785381869b6,
1110,,,Stable wreath-product centre algebra is the conjugacy-class-coloured symmetric-function algebra over its stated coefficient ring,Christopher Ryba,,H3,75122f8a6c0070cf9780b20424eed98973b31fc191bac3db833f0984e7d4662f,
1112,,,Classification of connected undirected McKay trees of finite-group representations over C,Avraham Aizenbud; Inna Entova-Aizenbud,,H3,fc2409d1cefc67a59d5715461b2fdc39d8b4db1f93a567b4867dde49464393cc,
1113,,,Primitive fusions of fixed Johnson-scheme tensor powers with sufficiently large ground-set parameter lie in the stated Johnson or Hamming intervals,Sean Eberhard; Mikhail Muzychuk,,H3,922b64234f8dd70ba1480a0485c63623eafb19ed1ab754c60152eeef32a997ec,
1114,,,P-partition quasisymmetric enumerators distinguish posets built by disjoint unions and uniformly weak or strict extremal adjoining,Jean-Christophe Aval; Karimatou Djenabou; Peter R. W. McNamara,,H3,21a5af31803b85614769bcc25e5b10bee2b0c5cdf3181cd0b09926fc112879e3,
1146,,,Type-B double-Fock Wick formula with crossing and negative-pair weights for real simple tensors,Marek Bozejko; Wiktor Ejsmont,,H1,75e125da8e66d619ddb44fdf85527f841907a1e6e3f014671e89310b5e0f774c,
1147,,,Absolutely continuous Laplace spectrum on negatively curved Hadamard manifolds asymptotically harmonic at one ideal point,Werner Ballmann; Mayukh Mukherjee; Panagiotis Polymerakis,,H2,4b34b12c6cafc7ca3f0aaf66daa4198a9354c6ca2c325d3662988f0984c5837b,
1148,,,Holomorphic compactly supported regularizing perturbations of Green-hyperbolic operators with discrete exceptional parameters,Christopher J. Fewster,,H3,171d414f4bbc22ef57be9f5283a17cb9314dbafe79d3cbd63f2b69508f51100e,
1149,,,Strictly convex Pfaff-Darboux representations adapted to a positive Legendrian foliation for a torsion-free affine connection,Robert L. Bryant,,H2,de1d41367c8c42398706457da53347e723ceb25501250a3812a468acf541999e,
1168,,,Compact-region nonhyperbolic deformations of Hn/Z^(n-2) preserving the hyperbolic scalar-curvature lower bound in every dimension n>=3,Tianze Hao; Yuhao Hu; Peng Liu; Yuguang Shi,,H2,0a47525383ff132bee209dba3619b35451c7ca07a0bf61ddb3503bc1d4b01c41,
1169,,,Euclidean boundary-immersion integral inequality and conditional flat-ball rigidity under nonnegative p-form curvature and positive (n+1-p)-curvature,Nicolas Ginoux; Georges Habib; Simon Raulot,,H2,7f28efce4fdfe43499c0be545e0689b3d0f8e9bfd023046297bbdecc94fcdef3,
1170,,,"Nonsharp p-isocapacitary Penrose inequality with a nonempty connected minimal boundary, vanishing relative H2 and the stated level-gradient decay",Luca Benatti; Mattia Fogagnolo; Lorenzo Mazzieri,,H3,d20f648a9b9cafbfc7b80fc545ad3dd0e899bf49ab36275e5c7c176d7f8b1c07,
1172,,,Analytic manifolds of compact-group Banach-Lie one-cocycles with split tangent spaces and locally analytic conjugacy sections,Alexandru Chirvasitu; Jun Peng,,H2,dfd2cad7e6c140443e19486ecb3a888b31d453c36423349a7540db586561f73d,
1177,,,Type B_n right Kazhdan–Lusztig cells of a-value two are unique-stub upper-star closures and weak-Bruhat filters under the stated boundedness assumption,R. M. Green; Tianyuan Xu,,H3,fa6753101e82cae68dfae46ebffa3476e41c9a9318180e4792bc728c5baafdc4,
1179,,,The explicit lower spectral endpoint for finite connected non-bipartite vertex-transitive graphs with at least four vertices,Arindam Biswas; Jyoti Prakash Saha,,H3,8766fe681c87873e5246e7c33bcd047d74722d1f245983a9976f7d7e65ded288,
1180,,,Triangulations of even-dimensional cyclic polytopes without interior (d+1)-simplices are exactly those with acyclic type-A cut quivers,Nicholas J. Williams,,H3,779d4e78581765ee8ba8259cefa5d1e7c89d2940129dbd61b5aaad635c4d4f5d,
1183,,,Regular-coefficient reconstruction for group-like noncommutative series over a characteristic-zero field,Hiroaki Nakamura,,H2,69c6fda0e2c47052a630c816097dbe9ee3e6295cd4372ce21ea350b817654ae4,
1187,,,Vanishing relative local h-vectors force U-pyramids for interior partitions with a part of size at most two,Matt Larson; Sam Payne; Alan Stapledon,,H2,44b9f84c370abee2a142ff9e59c2c8833f046ca1b778f0fbb1d4848d20143b15,
1188,,,Obstruction-free permutations have CDG generators forming a Groebner basis under every diagonal order,Patricia Klein,,H2,5546b20430531cbef6e7c6857e4f003a3e73c1b3ec56f845d9557518e27e7374,
1219,,,Origin scaling kernels for symplectic Mittag-Leffler ensembles with reciprocal-integer radial exponent and point charge c>-1,Gernot Akemann; Sung-Soo Byun; Nam-Gyu Kang,,H2,5ef50796df636c1af509f5a8295e2924c89cc60897f1cc7d2c5336f2c776125e,
1220,,,Equivariant lifting of fixed-point automorphisms for free compact-group C-star actions exactly when the twisted factor systems are conjugate,Kay Schwieger; Stefan Wagner,,H2,62e48921d1d7e96ee224904117cc2a940cb4297220c794c9b95f45b385cb7eb6,
1221,,,Global monodromy criterion and conditional symmetry uniqueness for generalized Maurer-Cartan primitives into a homogeneous space,Anthony D. Blaom,,H2,b38db53ee3407c5ad3cfab5b340e10acf9eb6bcf9a4507b051d732d7a3ad8f3f,
1222,,,Single-type-I zig deformations realize polygon mutations for reduced consistent torus dimers with an interior origin at edge height minus one,Akihiro Higashitani; Yusuke Nakajima,,H3,afe827583e499ab60131882b2a4ef68811ab039769c654b8b97d5370d39ffb77,
1223,,,WRT invariants as radial homological-block limits for negative-definite unimodular six-vertex H-plumbings with leaf weights at most minus two,Akihito Mori; Yuya Murakami,,H3,9de8ce5cee754fed47ffdce57d2272f62d7b3f92ae416d93271058d5ef7b1dfb,
1246,,,Generic-parameter stated skein algebras represent internal empty-object endomorphism comodule algebras for compact oriented surfaces with a distinguished boundary edge,Benjamin Haïoun,,H2,6f51d250eccfc9f66ede5d202dad5494adccc76bcbd81d0f5ef892d90f305647,
1247,,,Explicit invariant Hermitian forms for the Mellin-Barnes subgroup of real totally nonresonant A-hypergeometric systems admitting a Mellin-Barnes basis,Carlo Verschoor,,H2,e1452c21e16f7d63c18d1ec73a08bf74a0abce9fe6f49d7a454363e9bf1d3c6e,
1248,,,Countable mixed-identity-free groups embed in maximal discrete subgroups of their projective group-von-Neumann unitary groups in the trace topology,Vadim Alekseev; Andreas Thom,,H2,c791009a170331bcc93ba002fc39bd0522d24dd0a3b32e88198b8b82987e48af,
1249,,,Coherent-sheaf dg categories of blowups with the transformed divisor deleted are the stated homotopy pushouts for a smooth codimension-two center in a divisor,Benjamin Gammage; Ian Le,,H2,a3fd2559545521bccf7089bbde4ff5943fde108a6c03eb8ca9fdd28130227cc8,
1250,,,The canonical localization-algebra map is an equivariant E-theory K-homology isomorphism for proper cocompact isometric actions with separable coefficients,Christopher Wulff,,H2,da0eeceb1f07d7dd20e58c88935aa14a2911e201bc494452f66cfb61bc05a784,
1251,,,Big and nef tautological bundles from very ample line bundles on minimal general-type surfaces under the stated numerical and even-exponent conditions,Dragos Oprea,,H2,20e583fc090dc91a48ce1be87335f950ed60b929c80b0c645471a21a760d6e6a,
1252,,,Normal strongly continuous spatial Markov semigroups on bounded operators of separable Hilbert spaces admit weak Hudson-Parthasarathy dilations,Michael Skeide,,H2,850a7295c5a16b0b4bb916534749a82aaa7da39f77114d458a144fd2fb251dbf,
1256,,,Mixed-volume derivative identity and all-degree anisotropy in characteristic two,Kalle Karu; Elizabeth Xiao,,H2,0313dbd475cc888c833f8147b7d54ba6a445a5eacd6583e3f951edd6d37276a9,
1259,,,Two-variable mod-ten quadruple q-series factor into independent Rogers-Ramanujan sums,"Baker, Katherine; Kanade, Shashank; Russell, Matthew C.; Sadowski, Christopher",,H1,c1185d836a0bbd4d307a0ad648c3c463fa24201b5f82f5d9e25be571bf5711c9,
1264,,,MAT-free graphic arrangements over arbitrary fields are exactly the arrangements of finite simple strongly chordal graphs,"Tran, Tan N.; Tsujie, Shuhei",,H2,faf832a791cbe5d3397027c75d0dd474cd5b77022444177b90ecf8181ea06a17,
1265,,,Symmetric-group conjugacy classes admit cyclic descent extensions exactly outside rectangular cycle types with square-free cycle length,"Adin, Ron M.; Hegedüs, Pál; Roichman, Yuval",,H2,85113c296b1078071b7376df2c6c5887b07efbb71116c2b8b35fd729ae81f6aa,
1269,,,Edge-neighbourhood completion across a fixed edge cannot increase regularity of a finite simple graph edge ideal over any field,"Banerjee, Arindam; Nevo, Eran",,H2,e1594eebc93cc9ead007b0632d31becea072079e7485968c423dc97aafb832aa,
1270,,,Projective-dimension bounds persist under well-ordered module filtrations over an arbitrary ring,The Stacks Project Authors,,H1,1cdd7f1db12160683f814ac7c96c8b54f7978b0a7fd28eb92f447b5941ff1869,
1271,,,Tate's Japanese ascent for x-adically complete normal Noetherian domains with Japanese domain quotient,The Stacks Project Authors,,H2,bacead5f2d6854b99303b1499f4b65a2a77246a69d8604d43d0c215cccf5e86c,
1272,,,Derivations bound normalization in degree-p purely inseparable extensions of normal Noetherian domains,The Stacks Project Authors,,H1,11a352c7ca0eec1a617769688dc24c0dd277b7e669b0d5ae76699c3b0c5ec701,
1273,,,Kaplansky decomposition of direct summands of sums of countably generated modules over arbitrary rings,The Stacks Project Authors,,H2,f1548320c1e7e3d148e3369b2a75aabeb91f52081407c6c1e708b26237f10277,
1274,,,Pure short exact sequences over arbitrary rings are directed colimits of split sequences with finitely presented quotients,The Stacks Project Authors,,H1,0dcc126d6f7c4bf76514ad1c7597ffd4da780936e042d787b4971e77a2f8bc52,
1303,,,Multivariate monotone cumulants as moment sums over Schroder trees weighted by skeleton Murua coefficients,Octavio Arizmendi; Adrian Celestino,,H2,4d2e7285985aecc9fbb2666ddb99abbdd8c9d35f50d8e5ad47fceb333e089ed4,
1304,,,Mukai-Gram universality of normalized descendent and tangent-Chern integrals for fine proper stable-sheaf moduli on K3 surfaces of dimension greater than two,Georg Oberdieck,,H2,2e486f991a2996f7fdfa8cbf615f2577695a365be13decb9b2c1f4047eff2d7e,
1305,,,Normalization of the explicit absorbing-wall Macdonald noncolliding-walk kernel for real q and t between zero and one,Leonid Petrov,,H2,23640dcef49f40f517e2dc29d5e0a327a89f623bed8644687eeeebb239167b25,
1306,,,Existence and unique infinite-order jets of straight normal weighted ambient metrics for smooth metric measure spaces with positive noninteger dimension parameter,Jeffrey Case; Ayush Khaitan,,H2,4269712a45950dcd2fc3849b74d5b2e2aa2f2cf95d3ba792b49d37b7789e42aa,
1307,,,Rational minimal models of almost-complex-structure components on closed connected six-manifolds with vanishing first Betti number and nonzero c1c2-minus-c3 number,Gustavo Granja; Aleksandar Milivojević,,H2,7d55268f942e2816575b51a5a0d609f54f0506cff3da6bea7dee37e99e2168c8,
1308,,,Mittag-Leffler modules over arbitrary rings are exactly those whose tensor functor preserves product injections,The Stacks Project Authors,,H2,cf059e79aa6019ae116a2a3bfd87cb73544b5ce6353f274898262d44d1dc6abf,
1309,,,Countably generated flat Mittag-Leffler modules over arbitrary rings are projective,The Stacks Project Authors,,H1,f4ddcb1d18dd8ed4bfd04caf49be3058ea76b745a3477efd7d2e6f77eb7c2170,
1310,,,Buchsbaum-Eisenbud rank and regular-sequence criterion for exact finite free complexes over Noetherian local rings,The Stacks Project Authors,,H2,51d2cfb525826a1a6a143d2955947fbf8a4979732323c0f5fc5f578d7b0c1483,
1311,,,Countably generated Mittag-Leffler modules over henselian local rings split into finitely presented summands,The Stacks Project Authors,,H2,46e34c444dd1b5b36c36b306758c71367db0f79c5da0ea4737de1eba1a232d92,
1313,,,Degree and quotient-double-coset criterion for bi-anchored thin chains in standard complex table algebras,"Blau, Harvey I.",,H1,1c835a868bfb2c0a62f06a066d66a6f6949eccd69dda4bea7d89dd4a67cbf8db,
1317,,,Integral symmetric-group spanning of tensor-space partition-algebra centralizers over every commutative ring,"Bowman, Chris; Doty, Stephen; Martin, Stuart",,H2,a39720d4c4b872d7c6d763372cc883ae14fb34c1e57111c72f5c59f679ef0e88,
1322,,,Countable cohomology over a cohomologically countable differential graded algebra is equivalent to a sequential homotopy colimit of compact objects,The Stacks Project Authors,,H2,b9a59a3cf1d71eef5000f32836a493ba4e3f58792aad337d0f97fc6daec5d39f,
1323,,,Rickard tilting-object criterion for derived equivalence between an ordinary algebra and a differential graded algebra,The Stacks Project Authors,,H2,951d19da3dfa3f3e40c6e31f006829e36e44e2002f00e3796cbb608813a9b83e,
1324,,,Every extension of a local ring residue field lifts to a flat local extension with unchanged extended maximal ideal,The Stacks Project Authors,,H1,cf24ed21f60ec6adc1810595bbd67a10cbe4bcc44382c805d25589df44771c53,
1325,,,Étale ring maps over arbitrary bases are standard étale after a principal localization at every étale prime,The Stacks Project Authors,,H2,65b3856a8111893aafbe31257cb60342f6fe8617679b7252dc3bdd9886e851e1,
1339,,,Finite occupied-and-empty conditioning preserves projection Pfaffian point processes under the stated doubled-space regularity condition,Shinji Koshida,,H2,c4ddec0d2c951ddbafd53df4236e2a6fe038f9112dcd8c008cc02d6c7ee8daa9,
1340,,,Rank-one R_z T-duals of compact three-dimensional almost abelian solvmanifolds are Morita-equivalent noncommutative two-torus bundles over the Mostow circle,Paolo Aschieri; Richard J. Szabo,,H2,43b0114b868b5e3bd41ea6e5b94088a230c5d3074a65dc710b33084e64a9cef7,
1341,,,The explicit q-hypergeometric series is the torus-equivariant small genus-zero quantum K-theory J-function of complex Grassmannians,Alexander Givental; Xiaohan Yan,,H3,c189d6c42d4c2249ded13370a2a3e040680bf00260c8784c85c52b394f100728,
1342,,,Local Markov swapping of decreasing neighboring rate parameters in step-initial discrete-time q-Hahn TASEP in the nonnegative-weight regime,Leonid Petrov,,H2,e249e90616d18c2a4810f24302dfb5d489587ca295a90801e8add1a435f5f923,
1343,,,Mixed anti-Yetter-Drinfeld contramodules and mixed complexes of stable contramodules for Sweedler Hopf algebra are not DG-equivalent over algebraically closed characteristic-zero fields,Ilya Shapiro,,H2,22e183d08da8be34a850044d61ded4e2cec9259e58fc62fbb7a6c867b8f2f313,
1344,,,Every unbounded complex in a Grothendieck abelian category admits a functorial termwise-injective K-injective resolution,The Stacks Project Authors,,H2,bccd7a4377ce36b1f54b2d496c1801cc9bc6b976a8c4538b6b7b85b7152c9c1e,
1374,,,Specht filtration for restriction from Sm wreath Sn to Sm wreath S(n−1) over an arbitrary field,"Green, Reuben",,H1,03c39de13fca94bc1d6fdb808a911a9fc5f54cc12a2fa369ba57ac2795a8f998,
1376,,,Isolated inverse-Coxeter-element pop-tsack orbit in every finite irreducible Coxeter group,Colin Defant; Nathan Williams,doi:10.5802/alco.226:theorem1.3,H2,4287859be7dfffe1816c02f3438d1e69d6303210d7a008837de31748e579c96f,
1377,,,Sharp termination bound for every type-Dn Coxeter pop-tsack orbit,Colin Defant; Nathan Williams,doi:10.5802/alco.226:theorem1.5,H3,5563f147e65f0f3bf35a55c1605b23b4d8e2dbfb0595a570c60c44ba9e1d1bb9,
1379,,,Monotonicity of bar-weight under coprime bar-core reduction,Dean Yates,doi:10.5802/alco.231:proposition5.1-5.3,H2,5a75cb07db089ece80294afa682da70691f76d2f80d2718965d2b639277381ba,
1380,,,Plethystic Frobenius characteristic formula for complex irreducible characters of the uniform block permutation monoid,"Orellana, Rosa; Saliola, Franco; Schilling, Anne; Zabrocki, Mike",,H2,35d64d39eb0422b97d140394d1f26c1b21ba164ac2adc95f622dda9ae02df615,
1382,,,Asymptotic cycle-type distribution of products of at least two independent regular elliptic matrices in GLn over growing finite fields,"Gordon, Graham",,H2,c42e272869e081413280c2b2d6e654a8355a0ec4ced38c5a2f11b6cab6cde756,
1383,,,Gabriel-Popescu exact localization of every Grothendieck abelian category by a module category,The Stacks Project Authors,,H2,dcdaacfb37c2e8457af359d90736881bf8af7f1c93fe7827ad52228c3f471831,
1407,,,"Sobolev lifting bounds for C^(d-1),1 curves in finite complex invariant quotients with maximal generator degree d at least two",Adam Parusiński; Armin Rainer,,H3,a1bca8199dc2a5c11c3034e08a37d39f7c4b2327e72a2cb37457511fd2ca3ca6,
1408,,,Twisted equivariant K-theory of compact finite-group spaces with a trivially acting normal subgroup decomposes over projective-representation orbits with explicit quotient cocycles,José Manuel Gómez; Johana Ramírez,,H2,7ab488cadfbed0e204130614024345e9b17a27b029491b828f983413821b9315,
1409,,,L2 eigenvalue multiplicities along lambda_m grow without bound on discontinuous AdS3 quotients satisfying the uniform exponential orbit-growth condition,Kazuki Kannaka,,H2,c9e1d75fd54caab1601f0ff81edfc5fcab1df5304cc04213a6d442214400ca13,
1410,,,Smooth and unique jet and germ parallel transport for singularly foliated bundles with a complete smooth partial connection and enough conservation laws,Lachlan Ewen MacDonald,,H2,8b7ac220f0b31654298260c59e7f8268f825302671e565339821e32c9f040ef8,
1411,,,Derived equivalence of the seven-dimensional Abuaf-Ueda flop through the explicitly constructed nontrivial-extension tilting bundles,Wahei Hara,,H3,aaba4e0a1674645ae65205593882d06afe4d02acadcc69a7327513a674640da6,
1412,,,"Equivariant tilting induces a coherent factorization-category equivalence under proper quotient descent, reductive quotient, and finite resolution hypotheses",Yuki Hirano,,H3,6a0665beb457627b38ded9291afe0c6090c9cea13eab5f03c9c9e09caf9af391,
1413,,,"Unitarity of the closed-chain B_N separation-of-variables transform for inhomogeneous SL(2,R) positive discrete-series spin chains with spins greater than one half",Sergey E. Derkachov; Karol K. Kozlowski; Alexander N. Manashov,,H3,39fe4d11e3fdaa846bf2d02a3475b6f7e8dab51b49886369d7553c8b4b5e6b70,
1430,,,The Heisenberg-group two-body Hamiltonian with nonzero coupling and positive masses is not rationally Liouville-integrable on its algebraic phase cover,Tomasz Stachowiak; Andrzej J. Maciejewski,,H2,be732200b4d21238370d746da2169445323537a564023755014b960bc99f0c07,
1431,,,Positive super T-path expansion of polygonal super lambda-lengths in the default orientation and prescribed odd-generator order,Gregg Musiker; Nicholas Ovenhouse; Sylvester W. Zhang,,H2,ac04a2c9ba93b77fbb83dbdb85e91630e78ba8f277f7a4e0ab458db5a14db2b1,
1432,,,The operad of multiple pre-Lie products indexed by a nonempty type set is the explicit rooted edge-typed tree operad,Loic Foissy,,H2,61a751edddcc1daea350d01f6062664ef0cc244be0dc42725c4dbea62cd0e621,
1434,,,Reduced fine moduli of nonempty cornered framed McKay algebras are quiver varieties after the specified dimension-vector enlargement,Alastair Craw; Soren Gammelgaard; Adam Gyenge; Balazs Szendroi,,H3,89f6e20d829ddbabca6e45c513f1f7a430706f58cf113d1828d1da454bd57012,
1436,,,Lieb-Thirring eigenvalue bound for 2cosh(bP)-V with nonnegative integrable V and lower bound at minus two,Ari Laptev; Lukas Schimmer,,H2,c80d557c966cb0c27c35818e4ed1f10cf24616e7b9925e2cd63aa4d927df6836,
1437,,,Row-refined skew stable Grothendieck expansion for connected skew shapes with same-column upward and downward extensions,Melody Chan; Nathan Pflueger,,H2,46b56443c7dc894c9240fc9c33f51f2091fe431afe52d9f568c47eb9d4948927,
1438,,,Nonnegative k-Schur-positive algebra morphisms parametrized by k-rectangle values,Cédric Lecouvey; Pierre Tarrago,doi:10.5802/alco.147:theorem5.6,H3,28c3451124f35185ef231c63d3b26f2999c3d7ebef0790017d38b0a3ef4926da,
1439,,,Poisson zero-orbit approximation under fixed-point and two-cycle restrictions,Sean Eberhard; Daniele Garzoni,doi:10.5802/alco.149:theorem3.10,H3,70b19313fe7a9fa8f1d20425ac817702581778f350bfa159baafd09e664599ce,
1442,,,Local cross-ratio equations for inverse-limit moduli functors of Qn and Pn,Mark Blume; Lutz Hille,doi:10.5802/alco.152:proposition2.15,H3,5dcfee231cafa667e6e6890f4ba1564e1b26dd325a085679b64815f9a3962971,
1444,,,Weighted ordered-spider expansion of arbitrary chain monomials in the permutohedral Chow ring,Federico Castillo; Fu Liu,doi:10.5802/alco.157:proposition4.5,H2,3aa984f43a58e56ae35beff9ed3e082987b65c7360560b0233492c4b98b812f1,
1473,,,Generalized p-Brauer supercharacters of cyclic Tate cohomology are explicit trace combinations for finite free p-adic lattices with central composite-order action,Satoru Urano,,H2,19ad0a8bad4e911a6175dd283ed2e59fc3738e6c0aa9d0599b1ea4a246c4c45b,
1474,,,Propagation of symmetric real stresses and forced cross-polytope subcomplexes in centrally symmetric simplicial complexes,"Novik, Isabella; Zheng, Hailun",,H1,4f35047ffadda152b3ed114e8c92dcec636d605d7d299a8d0ebc0fd400f39163,
1475,,,Existence of n-universal quivers with 2n^2-n vertices and 7n^2-7n arrows,"Fomin, Sergey; Igusa, Kiyoshi; Lee, Kyungyong",,H2,4ff8b25121e567486f470019d07cc34d9d17e2a0e3cd35c06931c052302b8dd5,
1477,,,Embedding coefficient friezes as subpolygons of Conway-Coxeter friezes,Michael Cuntz; Thorsten Holm,doi:10.5802/alco.180:theorem3.2-sufficiency,H2,13aab789661ee15104af5485f97d07d15dfdd923cf5cc19ca51d368efa6dabda,
1478,,,Geometric sandpile-to-basis multijections with squared-determinant fibers,Alex McDonough,doi:10.5802/alco.181:theorem6.10,H2,31b60807853f5801d73df261dd19c82e430293af8b670ad7318c6d5a9f982ae3,
1479,,,Determinant-valuation min-max duality for full-rank lattices over a discrete valuation ring,Ian Le,,H2,dd538e0bb928cb0da9444652f4d6906d3c77779de537e7121036678f9f64ccfb,
1491,,,Determinantal evaluation of the N-variable complex Gamma sum-integral with pole-separated contours and the explicit unbarred/barred convergence bounds,Sergey E. Derkachov; Alexander N. Manashov,,H3,c50529ea47820ae1301c7e26a2913f10d52c302dd5d1d1c356179d35536564d9,
1492,,,Local flat orthonormal coframings with prescribed real-analytic closed R3-valued derived two-forms having no common contraction kernel,Robert L. Bryant; Jeanne N. Clelland,,H3,16af90424754c134b69766398ca239c1c5a348ed97d84d2ece7f7e2a764f7f13,
1493,,,Arithmetic subgroups of isotropic absolutely almost-simple Q-groups have norm-controlled bounded generation by standard Q-rank-one subgroups,Dave Witte Morris,,H3,ce416017aa3c65e8ccd70660623895707ce47c1ec387f900aa09d96b549efb0e,
1494,,,Finite-dimensional twisted traces and finite-parameter nondegenerate short star-products for conical symplectic quantizations with reductive graded Poisson automorphisms,Pavel Etingof; Douglas Stryker,,H3,91f900366cb1e9734f72228f480866a9fd5e99a8acb26f2952901d4cbcd61eab,
1495,,,"Every finite-dimensional irreducible universal Racah module over an algebraically closed characteristic-zero field is one of the explicit bidiagonal R_d(a,b,c) modules",Hau-Wen Huang; Sarah Bockting-Conrad,,H2,b71c1dcaa39cf77c7380cd6e48051df80d89a1c19e23066d90c99cc8a81acdb0,
1496,,,"A nonzero-degree area-decreasing map, locally constant near infinity, from a complete noncompact even-dimensional spin manifold to the unit sphere forces strictly negative scalar curvature somewhere if the sphere bound holds on its differential support",Weiping Zhang,,H2,7d2e3c7faea8e1617206f8e56ff30623389a7267e564c52d20db7c416cd9c0fd,
1497,,,Repeated Schur constituents in four-column skew shapes with separated endpoint pairs,Shiliang Gao; Reuven Hodges; Gidon Orelowitz,,H2,42c43c469ab3fb722a4d62075003b34128ba80a755daa46249f806fa32b53a53,
1498,,,Every finite group as a free finite-index normalizer quotient of non-dihedral free products of cyclic groups,Rémi Bottinelli; Laura Grave de Peralta; Alexander Kolpakov,doi:10.5802/alco.101:theorem3.7,H3,c6766d3f5e421fa7650d27f08c3981f25bbf836861e75d7fe7c27b91d3a31fb1,
1499,,,An involution on RC-graphs and a conjecture on dual Schubert polynomials by Postnikov and Stanley (Theorem 2.2),Yibo Gao,,H2,d3bf8bb4d54dfcf2fdcc081b8d4ebec423457ac699bb58a585b4a39957d88d61,
1500,,,Exact limiting-wall functions in rank-two affine principal-coefficient scattering diagrams,Nathan Reading,doi:10.5802/alco.107:theorem3.4,H2,814f1d536c5c3f9fe08b403405bae7284567bce89b36b45c9875d76070e62b72,
1501,,,Compatible formal-coordinate isomorphisms between completed affine Hecke and deformed type-A KLR algebras,Ben Webster,,H2,075d3055b7e20b22815ecb67ce6443b5f54d3752ab24b22c6b9834ec201a8fc9,
1502,,,Column-rotation local rule for doubled RSK staircase growth diagrams under the exact four-corner extent bound,"Pfannerer, Stephan; Rubey, Martin; Westbury, Bruce",,H2,3c4ecdade932571904617080fe549b803aada3db6ecec89788a6f80a058079a7,
1503,,,Rank-and-type Fourier recurrences for quadratic-form association schemes over finite fields of characteristic two,"Schmidt, Kai-Uwe",,H2,0b355195bf6357433039f956763535f95cf1a96ebd03663923a467be7fc528c6,
1504,,,Extended-Bruhat ordering of admissible type-A W-graphs with tableau-labelled molecules,Van Minh Nguyen,,H3,45fdc5ce63b7730b4832b70af0c407d5390f5e96bd80abe5a6de2c2de5a642ce,
1505,,,Infinitely many equal-parameter a-value-two elements from a Coxeter path with internal edge label five,"Green, R. M.; Xu, Tianyuan",,H2,67eac7f1013fd767f4808f6f47819abdd2ca9f119024406cd6514a8f29e63638,
1506,,,Pattern-Knuth-closed insertion classes are exactly superstandard hooks,Zachary Hamaker; Brendan Pawlowski; Bruce E. Sagan,,H2,d31faea4e982954b10f7b3614c2ad4229d98ebc106d5b0363e94c9d4d7ba1244,
1507,,,Meet-semilattice structure and a prefix-refining meet algorithm for the movable-block Dyck-path order,"Chapoton, Frédéric",,H2,175ad2a32048619dd95abad28d042c310a10fca80e17f1575edac4122a4d2b07,
1508,,,Hurwitz normalization to paired excess reflections at the simple-length threshold in finite-rank Coxeter groups,"Wegener, Patrick; Yahiatene, Sophiane",,H2,2dbb94a0ab5b8d679e7a10c90af4d2a9b10a08a74421cd16789c3ec8a9b034f3,
1509,,,Projectivity of arbitrary modules descends along any faithfully flat ring extension,The Stacks Project Authors,,H2,6a397e8d0a686f8d859719cfebaa6367550207280fcb1df9dcf359ee4750ea0b,
1510,,,The finite-type flat locus is open and finitely presented when the base has locally finitely many weakly associated points,The Stacks Project Authors,,H3,fb4bea8c982158fa2fe632ea6ea59845c08af26b2446f33e020167640d435c90,
1511,,,"For an affine finitely presented morphism, a finitely presented base-flat sheaf is relatively pure exactly when its pushforward is locally projective",The Stacks Project Authors,,H2,8fe55f92751487a3e44d4a5aec2fb949a79cd17b87ceaeb46d8003947a024b44,
1512,,,The isomorphism locus of a surjection from a finitely presented base-flat relatively pure sheaf is a closed base subscheme,The Stacks Project Authors,,H2,2955ec78f437532e26ae0f57e04c1f9bf7bb12e6aae77416b8297301ecd90045,
1513,,,"Over a henselian local base, local flatness of a finite module over an essentially finite-type local algebra is corepresented by a universal quotient ideal",The Stacks Project Authors,,H3,d62a5022743bbabb39a1b28beaa2c036221e5451652e44368ac691117bb9834a,
1514,,,"For a finitely presented morphism and finitely presented relatively pure sheaf, flatness in fibre dimensions at least n is represented by a finitely presented monomorphism",The Stacks Project Authors,,H3,8c9542f1c2bc4e46ac770a639700d43a5579c992f11729b6a3702b5acc0fcd49,
1515,,,Raynaud–Gruson flattening by an admissible blowup for finite-type sheaves already finitely presented and flat on a quasi-compact open,The Stacks Project Authors,,H3,87cacf4733b4c0f20ecc89e5c1768e2feee982bb96a9f6e83b2fe7a47af4d833,
1529,,,Logarithmic query lower bound for non-adaptive message reconstruction of arbitrary binary codes,"Sourav Chakraborty, Eldar Fischer, and Arie Matsliah",,H2,b2aedf58f6501f226e5f342c973725ae39112acbcaafddcfc9f54893bb37969e,
1530,,,Efficient learning of k-modal discrete distributions with nearly optimal sample complexity,"Constantinos Daskalakis, Ilias Diakonikolas, and Rocco A. Servedio",,H2,1ab7bba36915acd199c31ede09263d29e0d2bfdc24fd7979082115d64e59273b,
1533,,,NEXP-completeness of fixed-rule square tiling with binary side length as the only input,Daniel Gottesman and Sandy Irani,,H2,a0a0d8bacba18d4515f15342db7d6b156e4940811c3a997debf01d079ed90736,
1536,,,Randomized hidden-clique reduction to near-optimal (one-half minus eta) approximate Nash equilibrium,"Per Austrin, Mark Braverman, and Eden Chlamtac",,H2,cafe5db5023116300c6e14cf06d30ccb318bf8ed55b4594c55dc487ce31f6004,
1538,,,Quasipolynomial construction of a pure approximate Bayes-Nash equilibrium under independent uniform types and existence of a pure equilibrium,"Per Austrin, Mark Braverman, and Eden Chlamtac",,H2,0f0efe41edbf156591ec7b2e67bb34e097b578134685ab1b64d7dbea530d8cdc,
1542,,,Length lower bound for balanced binary codes obtained by algebraic-geometric and Hadamard concatenation with designated-distance analysis,Avraham Ben-Aroya and Amnon Ta-Shma,,H2,512366a7f915567e1d8e83218883d04632a0a750ff2df0345e481285f9e2d4dd,
1543,,,Omega(n^(2/3)m^(1/3)) sample lower bound for equivalence testing of distribution collections under uniform sampling,"Reut Levi, Dana Ron, and Ronitt Rubinfeld",,H2,9e9e8e7a636d9ac02421aad42783a063f0f596f06526458dbb09a8e1d6117349,
1545,,,Average-case exponential quantum-query lower bound for cloning hidden-subspace states with primal and dual membership oracles,Scott Aaronson and Paul Christiano,,H2,59c8190f575d6a98e1da439a734116741158b37500cf768a33026d648c268a19,
1546,,,Conditional near-optimal inapproximability of Max k-Colorable Subgraph assuming the 2-to-1 Conjecture,Venkatesan Guruswami and Ali Kemal Sinop,,H2,d32a0bcd8941469d02c4586c07c94af23064e9f8ad0e76bd7191e382097ed6c8,
1547,,,Nagata compactification for every separated finite-type morphism over a quasi-compact quasi-separated base,The Stacks Project Authors,,H3,5a8b8d3f9f05a3b076d477af07f05d920fd422879d822a3f7dd9d9b9713de989,
1548,,,Locally finitely presented families of scheme morphisms are ph coverings exactly when they are valuation-lifting V coverings,The Stacks Project Authors,,H2,77f6f4da702d8693a056e721bc13f3980a8aa2749973069353919c47f3b9cde5,
1549,,,Uniform finite infinitesimal detection of vector-bundle triviality in proper geometrically connected families over a discrete valuation ring,The Stacks Project Authors,,H2,2d4283fea8ff7127242554691fa4851934687b03ee28d9b5339c2c6fd9273a46,
1558,,,Almost-uniform product group actions support exact uniformity on the same support,Noga Alon and Shachar Lovett,,H2,beb9e55f55f61b3989720e9aa22809f23c986f4b6e5aa97f8946993d90155147,
1559,,,Explicit robustification of bounded Boolean-cube polynomials with additive logarithmic accuracy cost,Alexander A. Sherstov,,H2,a71146d32579317c5b952177c0f5b78672e76ee1723838448c8c97420fefcc76,
1560,,,Tight approximate-degree lower bound for rectangular AND-OR trees,Alexander A. Sherstov,,H2,1a8675a2115c2cc1151d94a2fe95ba9b0146404a2e2b62cde98993a2288ae7fc,
1561,,,Explicit extractors for bounded-degree polynomial sources over constant-order fields of small characteristic,Eli Ben-Sasson and Ariel Gabizon,,H2,f3adf84f6f8ba52f6d097e34f2946e1d698bdf716ea8cab9db83947679c5cf61,
1564,,,Sparse single-orbit testers for generalized Reed–Muller codes over finite fields,Noga Ron-Zewi and Madhu Sudan,,H2,4b663445449fdab255a2d1f13498dd403dd2c2a4d3672b8f4d7d03e4ababd3d5,
1566,,,Deterministic approximation at the sharp satisfiable-system threshold for bounded-degree Boolean-field equations,Johan Håstad,,H2,7e1f546a662fcc9ddef989fde69f8b96d3076e09cf00a4b9e9785d4b651f0760,
1568,,,Two-prover one-round games with q^6 answers and strong 4/q soundness,Subhash Khot and Muli Safra,,H2,06d0bb356523753c8e2a22fde1a67525c40d86ca1a44ca225b3e979ff3747771,
1569,,,"The generic square_q algebra has a unique cyclic NIL module, which is irreducible and infinite-dimensional through its explicit affine-sl2 q-shuffle realization",Sarah Post; Paul Terwilliger,,H2,62284b4bdb5d4e81f065d2ae1d9d92387a787ceb1837d5849cf8695a9e60519f,
1570,,,A strictly hyperbolic symmetrizable complex Kac-Moody twin building has a K-equivariant simplicial realization on the timelike semisimple adjoint cone preserving Weyl distance and codistance,Lisa Carbone; Alex J. Feingold; Walter Freyn,,H3,ab53814cea54c34e62a014a169c1f86a2cc390bde09106703ee2a0a74a233383,
1571,,,BHHT-dual nondegenerate invertible polynomials with a cyclic parity-condition permutation group and no atomic-loop flips have reduced orbifold Milnor-fibre Euler characteristics equal up to (-1)^n,Wolfgang Ebeling; Sabir M. Gusein-Zade,,H2,8d9b0f4ea8d689d33a01428d460beae9969367a6d3ab74c05b05630e620cfe28,
1572,,,A Siegel period matrix with the full vanishing and nonvanishing theta-constant pattern (3.3)–(3.4) for the specified special fundamental system is a hyperelliptic Jacobian,Alessio Fiorentino; Riccardo Salvati Manni,,H2,9282ce163ee4e2024050d38e95ef1d6c83b574134ad87014ef4b4e3ea99062d9,
1573,,,Every finite-dimensional transitive real Lie algebra of smooth local vector fields that is solvable admits local nonnegative weighted coordinates with nonpositive-degree fields and a finite-dimensional commutative degree-zero part,Katarzyna Grabowska; Janusz Grabowski,,H2,9c2dec44a018f3f40c1869810a661b1778d86708ae7f16a1ac7840c6d31153b1,
1574,,,"For n>=3 and c>=1, the (c,c)-dimensional, one-framed Lambda_n quiver moduli at theta=(2c,1-2c) consists entirely of the Hilbert-scheme component cut out by f_1=...=f_(n-1)=0",Claudio Bartocci; Ugo Bruzzo; Valeriano Lanza; Claudio L. S. Rava,,H2,4a085c636d875656cbed3aa935165cb1e0ec4a34aea2f29e11765a18bdcc1dcc,
1575,,,"For q>p and noncoalescing positive-real-part paired parameters satisfying (1.13), the complex-field Barnes–Ismagilov integral equals the finite quadratic hypergeometric expression Sigma_+^C",Yury A. Neretin,,H2,bf55523cf5ca569491b95ccc96300c920b398559736209377ecaf52ee269e764,
1576,,,Column-flagged uncrowding of multiset-valued tableaux and weak Grothendieck Schur multiplicities,Graham Hawkes; Travis Scrimshaw,,H2,79d126c42bd2e60bb2bb1589c1f5db518d74d75e2421cbfd48543b704a033346,
1577,,,Socle dimensions and corrected Hilbert numbers of completed homology manifolds with boundary,Isabella Novik; Ed Swartz,,H3,783cd5241051f92ebfcb10c3f34a383b5bb807a1e5766dac60afbd02b6f468e2,
1578,,,Treewidth is a lower bound on graph gonality,Josse van Dobben de Bruyn; Dion Gijswijt,,H2,d5d9e2b34d65ea93792de5424ef19aa45b9e204216eb0ef30fb6146180025658,
1579,,,Polynomial dependence of relation maps on finitely generated FI-sets,"Ramos, Eric; Speyer, David; White, Graham",,H2,c25cf4caa44a60317d997b732798a5ca5c01a5db1f56097f975414dc5b76d077,
1580,,,Unique violet-cut Jaeger realization of every hypertree of a connected ribbon hypergraph,"Kálmán, Tamás; Tóthmérész, Lilla",,H2,97f6fd5013a1d23f835be93f94ba4b2929b11fe324bc3f9ff880263885a8bb88,
1581,,,"Descent representations for generalized coinvariant algebras, Theorem 1.2","Meyer, Kyle P.",doi:10.5802/alco.109:theorem1.2,H2,7deb04c579f11a302a219461de47dcf49e011d5b4fbc0934cef41a298f888cd9,
1582,,,Critical-substring raising and lowering operators commute with jeu de taquin on skew shifted semistandard tableaux,Maria Gillespie; Jake Levinson; Kevin Purbhoo,,H3,c440187a4a3fba31da50012dfdd754663a2b19a13e1dff7946b435bf43fb576c,
1583,,,Uniform edge-ideal power regularity from deletion-monotone local bounds on a graph hierarchy,Arindam Banerjee; Selvi Kara Beyarslan; Huy Tài Hà,,H2,44254e17b904123772decc6b27f0aba8c4e78f2aaaf2a2073311adf226de0b60,
1584,,,Noncommutative antichain rowmotion transfer factorization on common defined domains for finite posets,Michael Joseph; Tom Roby,,H2,db9859c6ae096f30c52dbf7119867580a21552dd609d552885c6197071be43ce,
1585,,,Shifted-column criterion for semi-infinite Bruhat order in maximal-parabolic untwisted affine type A,"Ishii, Motohiro",,H2,9606509cb578f4ac3f959872cbe08df1ad03a4b2bc5ca37b4b6131978b3700cb,
1598,,,Conditional Boolean matrix multiplication speedup from an algorithmic triangle-removal lemma,Nikhil Bansal and Ryan Williams,,H2,a8f6bdb78b685b0ca1c552bc8f0e3ddd0d5be870e0088aa15d9b900b87926a54,
1599,,,Scalable immediate-dispatch nonmigratory scheduling for maximum delay factor,"Chandra Chekuri, Sungjin Im, and Benjamin Moseley",,H2,433dfc9cc4b09e6bc802dfba5bc07644406b6e994443ee68ded9be552dd7aa64,
1616,,,"For q>1 and c>0, the nonstandard quantum complex projective-line C*-algebra is the pullback of two Toeplitz algebras along their common symbol map",Nicola Ciccoli; Albert Jeu-Liang Sheu,,H2,d248379cac253b6ac7653cec02ee1ef9624be571652f9541b8acb3a6a34f9a2a,
1617,,,"For 0<q<1, u>0 and coprime n>=2,n prime>0, the n-fermion currents (4.4) realize the SL2(Z)-twisted charged q-difference module with central charges (n,n prime)",Mikhail Bershtein; Roman Gonin,,H2,9d5510f324f484f3ffdd33fc1d2293bcfbc567a2a84531d7fe2b5c0af02d6919,
1618,,,"Every modularly extended finite simple matroid has a divisional flag, so an arrangement with that matroid is divisionally free",Shuhei Tsujie,,H2,925cb15ceb9c08d5686238e151bd2a8db3400bc673f9850a8aa7892e2746a3fb,
1619,,,"For separable graded A and sigma-unital graded B, stable homotopy of unbounded Kasparov modules modulo spectral decomposability is identified with KK(A,B) by the bounded transform",Jens Kaad,,H3,b850dabfeff5142c2ca841745022bc41756464afe56a0b5085afe0d5858d6dcf,
1620,,,"For g>L>=0, psi-class intersection numbers with the first n-2 exponents summing to at most L satisfy the explicit uniform lower bound lambda(g,L) times the double-factorial approximation",Vincent Delecroix; Elise Goujard; Peter Zograf; Anton Zorich,,H2,c8fcdfb63ae8acc1c22dda9f3f76ee54cc7e30325245299f50c4528fdf36b314,
1621,,,"For rank r>=2 and a nonzero elliptic nome p of absolute value less than one, the coefficient-regular lower-triangular C_r theta-product matrices of Theorem 3.5 are mutually inverse",Hjalmar Rosengren; Michael J. Schlosser,,H2,9943582fcbfe2bc1e970fa30caf9d81085d1557d573afe150ff43526fbf4bbfa,
1622,,,"For N>=2, angularly separated spectral ratios and nonzero real q,kappa with opposite inside/outside unit-circle magnitudes give absolute convergence of the nonstationary f_N,infinity Ruijsenaars series near its affine ratio origin",Edwin Langmann; Masatoshi Noumi; Junichi Shiraishi,,H2,6836ee524694d6306743824bdfd14a2ee6e25acafc4cda815816bf1b02c5b387,
1624,,,Inclusion-maximal symmetric weakly separated collections in type-C positroids are symmetric reduced plabic face-label collections,Rachel Karpman,,H2,44b64649c0ca047762b1653b4d9a5e474b08164cc7552e006d93a7805df7dad6,
1625,,,Classification of geometric tetrahedral triangulations with vanishing local h-polynomial by conical facet refinements,"de Moura, André; Gunther, Elijah; Payne, Sam; Schuchardt, Jason; Stapledon, Alan",,H2,06df01c1277fde2205282c73195582811363cb75b30c2759c72812887fc8bbd8,
1626,,,Auslander–Buchsbaum–Serre classification of Noetherian local rings with finite residue-field projective dimension and exact global dimension,The Stacks Project Authors,,H2,0240acd093a1d7889f05c2926cbe68bc5f5fde0e85e6edcb481a5de530521f49,
1627,,,"Kollar’s four-way local Noetherian classification: Artinian, one-dimensional regular, depth at least two, or a nontrivial finite punctual modification without maximal associated prime",The Stacks Project Authors,,H1,c9a25746af7b30887666f1df08e38297d2443b810257752172aaa9134ecdf4a5,
1628,,,Nonzero finitely presented base-flat modules with flat closed fibre force intermediate flatness along local maps of essentially finitely presented R-algebras,The Stacks Project Authors,,H2,e795778d6d7ca758dddbb2b099b45ade4a7ab6410e9d4249a51a3d1eb3cfd2df,
1629,,,Universal square-zero thickening of an arbitrary formally unramified ring map,The Stacks Project Authors,,H1,a1d597a88b76ce801543d443c4b4ba8f7ee5bfb5c07d4279019d8640f495074b,
1651,,,"For M,N>=1 over C, the degree-(r-1) associated graded RTT Yangian of the general linear Lie superalgebra on an M-even, N-odd superspace is the enveloping algebra of its polynomial current Lie superalgebra",Maxim Nazarov,,H2,2e23af26dfce5d38cc87115eb1712f9af947b1a46c7fc9d0ffa7813edc67f2b0,
1652,,,A closed two-sided pi1-injective hypersurface with nonzero Rosenberg index in a complete spin n-manifold forces infimum scalar curvature <=-n(n-1)tan^2(nd/4) when its width-d neighbourhood has scalar curvature >=n(n-1) and 0<d<2pi/n,Rudolf Zeidler,,H2,c717c33dfa58fcd3760fe00919226c14e454c4ad4702959454262bd8098d59b0,
1653,,,Ordinary arcs on unpunctured triangulated orbifolds with orders>=3 have principal-coefficient Laurent expansions given by the weighted perfect matchings of their generalized snake graphs,Esther Banaian; Elizabeth Kelley,,H2,f6e86eb564ea33e225bdf95970d4d49e459ad4c52067d59d5c2ca2ad0eb70025,
1654,,,"The genus-two SU(2) WRT module at level p=2*r1*r2 is irreducible when r1,r2 are distinct odd primes and the specified even CRT color x satisfies 3*x>p-4",Julien Korinman,,H2,ee03d41516046db15b3045a9992e063b93306860d203017c62613195d8c7bfef,
1655,,,"For r>=s+2 and 0<q<1 with regular nonresonant parameters, the divergent r-phi-s series is q^k-Borel–Laplace summable off its forbidden spiral and has the explicit theta/hypergeometric connection formula (3.2)",Shunya Adachi,,H2,1f519b528479eadc97a5e1d5a4f419751d60b9576b5153dcf6a9cd78d76ae231,
1656,,,"A morphism of small groupoids injective on objects is Frobenius exactly when it admits natural finite fibre dual-basis data, equivalently the specified projective and B-linear Hom conditions over local-unit groupoid algebras",Juan Jesus Barbaran Sanchez; Laiachi El Kaoutit,,H2,ec6fed1f669b8c5b16cb53a60b2e93286d7843c85ad5deb87458aebb694b3590,
1657,,,"For N>=3, hbar*c=N*epsilon_2 and epsilon_2 nonzero, the type-A affine Yangian evaluation image contains every diagonal Heisenberg current via the explicit finite-correction preimages a_m",Ryosuke Kodera,,H2,9e44d8a86d291c38b0e6330f98f86ee1956eccebeb2e54b50ef62442a99d2ecd,
1658,,,"For a complex semisimple g and nonroot-of-unity q, a tensor product of two irreducible highest-weight U_q(g)-modules with an infinite-dimensional factor is completely reducible exactly when the product contravariant form is nondegenerate on its singular vectors",Andrey I. Mudrov,,H2,e74476700d066ecec6f6b92442a1369ea52f054e42cc48b619b7cf947515fd65,
1659,,,The Moonshine vertex operator algebra has a unique self-dual Monster-invariant integral form compatible with the specified two-prime cyclotomic orbifold forms,Scott Carnahan,,H3,09f7bcb8f491d713eb06f34f0454314e148ec2dbbd1d77c5039731d23b2f62a4,
1660,,,"A holomorphic symmetric pair admits the explicit infinite-order differential intertwiner determined by an equivariant normal-space polynomial, with compact-uniform convergence and holomorphic extension for a subgroup holomorphic discrete series",Ryosuke Nakahama,,H3,83bff1910ef5e459f3ed23c708d49e3650a692ba38928b8f86030907292ddb83,
1661,,,Finite inversion-complement formula and strictly increasing epsilon-one length for Kac-Moody Tits-semigroup Bruhat order,"Muthiah, Dinakar; Orr, Daniel",,H3,3af9ba0d690b5ccf0d8725dac9d57a14720679fb9508817a8a78be071896b536,
1662,,,Isoradial semi-steady nonsteady dimer NCCRs force parallelogram toric diagrams over algebraically closed characteristic-zero fields,Yusuke Nakajima,,H3,15cef0a5b8d95f2fef912b76fe26fd4fe61a326fb5c8832d437cd7dbe2923485,
1663,,,Arranged monomial bases indexed by weighted Dyck-path triangles for complex type-B highest-weight modules,"Makhlin, Igor",,H3,e7745af1d734745134df112109f3d0de551204aa76e22ec04c97a9765f5674e4,
1664,,,Real nonsingularity of Gaussian DAG partial-correlation hypersurfaces under parent-to-conditioned-descendant adjacency,Jan Draisma,,H2,85dd6dc10aef16c42c44f4cc11f8f275ff8ade953c981a632d480b0621ef3a59,
1665,,,Skew multivariate hook formula for partitions of a d-complete poset minus an order filter,Hiroshi Naruse; Soichi Okada,,H3,0dfa98e16bc941155187b35e65f214627e050fe9a9d66662f6b259833c9e2f39,
1666,,,Noetherian approximation of a quasi-compact quasi-separated scheme extending a prescribed affine-transition finite-type integer model system on a quasi-compact open,The Stacks Project Authors,,H3,c2cbcd916cc82c303225dfcb3c9adbd54ac00ef365d0e2a26574d7a1c718a96b,
1667,,,"Finitely presented schemes, morphisms and equality descend through inverse systems of quasi-compact quasi-separated bases with affine transition maps",The Stacks Project Authors,,H2,85159309a1f82fb1be73d7a3969e3a46ec2d047b15ecedb6d9b5c785af3ec8b5,
1668,,,Properness of finite-type morphisms to locally Noetherian schemes is detected by unique DVR lifts in generic-component function fields,The Stacks Project Authors,,H2,c53189cd47c3a8b3f8259bb52e70b212800a9074867cecf0775a9e8eaa9bd286,
1669,,,"Over affine-transition limits of Noetherian schemes, morphisms between finite-type quasi-separated schemes descend eventually uniquely to prescribed scheme-theoretic-image models",The Stacks Project Authors,,H2,f4970b1be2e6e8f8c493c3b59485f28a2926de94596814f252c193bd0e97d0c1,
1698,,,Positive non-acyclic Looijenga interiors over an algebraically closed field of characteristic zero are exactly the finite-wrapping tropical surfaces with starred Kodaira inverse monodromy and the specified D/E blowup models,Travis Mandel,,H3,11625411761d7e072f33be6aa7d67aa9e55ed34c3669c6ad1110d025a6749132,
1699,,,"For a compact homogeneous space with generically locally free cotangent action, an invariant real-semisimple Nijenhuis cotangent pencil is generically Kronecker exactly when every associated semidirect contraction has the original Lie-algebra index",Konrad Lompert; Andriy Panasyuk,,H3,36998ced0f146a1a7b12abba5d99b1a89a5c6f64904b0bee713af56d633a7bc9,
1700,,,Normalized Ricci flow preserves partial evenness and the first-odd-trace volume-renormalizability condition for smooth asymptotically hyperbolic metrics in even dimension at least four,Eric Bahuaud; Rafe Mazzeo; Eric Woolgar,,H3,37cc0d91fa622ee5ef1093984150c4d19f11b5e723e7150cfc2f36fe15b0aafa,
1701,,,"For fixed positive Poincare ranks and uniformly separated diagonal leading matrices, sufficiently small lower Laurent coefficients make Liouvillian solvability equivalent to constant simultaneous triangularization",Moulay A. Barkatou; Renat R. Gontsov,,H2,be1d424e8525a292c5479dd6e9523725e8a17cef02115f440fb39f997efb2cb9,
1702,,,"For every real nu>-1, the infinite complex inverse-Wishart measure has an ergodic decomposition with zero Gaussian component, finite trace equal to the sum of positive spectral parameters, and the inverted Bessel determinantal spectrum",Theodoros Assiotis,,H3,81e56a1d2e4855ecdac0bbc9b0f46c64c3d782fbeaa6ea5d5227bc513e6f0e08,
1703,,,"For Riemannian Painleve metrics with genuine variable blocks, the generalized Robertson conditions are equivalent to vanishing of every off-block-diagonal Ricci component",Thierry Daude; Niky Kamran; Francois Nicoleau,,H2,388cc8b22f237eacd634de058f7e1b4a7eff0c18318a325e0d497b36abc59631,
1705,,,Universal circuit Gröbner bases for partial coordinate inversions of complex linear spaces,Georgy Scholten; Cynthia Vinzant,,H2,271c708c1e26d6f4f1a336b447b89076144672188f0c680e0c3f2dc5c26e226b,
1706,,,Maximum arc-semigroup cycle length for connected end graphs joined at degree-not-one vertices by a sufficiently long path,James East; Maximilien Gadouleau; James D. Mitchell,,H2,f69555b352859595e65ec520ec1e5b9639e4fa5277269d9054d45424c16264f8,
1707,,,Scalar endomorphism rings of straight composition-tableau 0-Hecke modules over arbitrary fields,Sebastian König,,H2,ff34112919a31974686d583b749d521ed461f742589e8e27628e15fb424e7677,
1708,,,Green mutation sequences and forward Hom-orthogonal module sequences for finite-type quivers with nondegenerate potential,Kiyoshi Igusa,,H2,4c7272a59a71ff3b95e7e9ad96652ba4f72851814817eb2dfe8e03bc97eed69a,
1710,,,Weighted ordered-partition signs equal matching Pfaffians for arbitrary real weight vectors,Richard Ehrenborg; Sophie Morel; Margaret Readdy,,H2,1f7e0712f2837c138372d3d49ba48e4c74ce0d51047a14f650f0124c4c204c6d,
1711,,,Canonical join faces of finite-dimensional algebra torsion lattices are precisely Hom-orthogonal brick collections,"Barnard, Emily; Carroll, Andrew; Zhu, Shijie",doi:10.5802/alco.72:theorem1.8,H2,95a189c21aa1d331001c099193e8ecf790acf11366ab5cb9e66e337967996fbc,
1712,,,Multiplicity-free antipodes for linear-order products of connected linearized Hopf monoids,Carolina Benedetti; Nantel Bergeron,,H2,cc0d541a7b3b8959d123995641a3be119673c8df73a87ce4965fff44c2a1090e,
1714,,,Quadratic generation of three-row two-block diagonal matching-field toric ideals,Fatemeh Mohammadi; Kristin Shaw,,H2,38bda5a76bf9b0eb759fc1d465f1155625a5615b8285e5a0710c2b8becec3897,
1736,,,"At noncritical affine-sl2 level, the explicit twisted de Rham complex on the punctured line embeds as a shifted subcomplex of current-algebra chains with tensor contragradient Verma coefficients",Alexey Slinkin; Alexander Varchenko,,H3,a38ceb22ad59e3e06a3a0368aef3ee1e3cad839241d94cc26427a1f0027e8c6b,
1737,,,"For a compact connected prequantized Hamiltonian action of a compact connected Lie group, multiplicities near the zero moment-polytope vertex have the exact weakly regular orbifold-sector formula of Theorem 1.2",Yiannis Loizides,,H3,6e6df50ab23f7360f4e73b06a88d2c050f3c54a25492cc33afb9a41217fa6c19,
1738,,,"In characteristic zero, the constants of the free-associative derivation Delta(X)=0 and Delta(Y)=X^m for m>=2 have the explicit permissible-bracket free generating set of Theorem 4.6",Vesselin Drensky; Leonid Makar-Limanov,,H2,b3579de2ba84739af988ee77600ef601dad560d5a9451fd2b276a89022e9b2b9,
1739,,,Order-three tree-quotient automorphisms from zero-three divisors on simple 3-vertex-connected graphs,"Aidun, Ivan; Dean, Frances; Morrison, Ralph; Yu, Teresa; Yuan, Julie",doi:10.5802/alco.80:theorem4.1-corrected-1-implies3,H2,c3731a474200f7981946313398026c23596e9946c1fe0b0fdd6fb8b391036b93,
1740,,,Spectral Moore upper bound for connected bipartite regular graphs with an admissible tridiagonal spectral parameter,Sebastian M. Cioabă; Jack H. Koolen; Hiroshi Nozaki,,H2,695995b2a0c02e8c2c93b48161d6c1a8188c8c9d6a0afb71988a6de0e29602b7,
1741,,,Compatible-Dyck-path formulas for noncommutative polynomial mutations in characteristic zero with degree product at least four,Dylan C. Rupel,,H3,0f854f7aac32d357a2f351dbf07d6c4408d7bcb3535e52a9ee68f732e6c6e5ab,
1742,,,An affine finite-locally-free equivalence relation has a finite-locally-free invariant-ring fppf quotient and is its tensor-square relation,The Stacks Project Authors,,H2,1fde2acd861786cca24ddf5bdf86d71e2d8c82d74aea5072ebee811350654871,
1743,,,Every quasi-compact quasi-separated algebraic space over the integers is an affine-transition inverse limit of finite-type quasi-separated integer algebraic spaces,The Stacks Project Authors,,H3,7109475b40824f9d4bc4afbd88645e8b39789d2be6803a4ff768454394a4381e,
1744,,,"For Noetherian local algebras over characteristic-p fields, geometric regularity is equivalent to regularity and canonical cotangent or absolute-differential injectivity",The Stacks Project Authors,,H2,fd08c512b33d9b03319076cb25ec598f89fe696924795e409a0ae11e6e6f0067,
1745,,,Maximal weakly etale subalgebras of arbitrary algebras over fields commute with arbitrary field extension,The Stacks Project Authors,,H1,467d31d4dcb4a3bdc8fd0f75d4e568c2991a538a5fc5f0b989ac512a627cd721,
1746,,,An arbitrary local ring is geometrically unibranch exactly when its strict henselization has a unique minimal prime,The Stacks Project Authors,,H1,f49613098eee1c5877fb68394c4c3e7d1b610a8b91da810f48a2d727e0aa8a95,
1747,,,Matlis duality exchanges Artinian and Noetherian modules over a complete local Noetherian ring via the residue-field injective hull,The Stacks Project Authors,,H2,f1c07a512dcab5b7523b34de3a375996cf3d8096713571c8a52bfab7be0a3d95,
1765,,,"For 0<q<1, theta>0 and any integer signature, the one-variable Macdonald character has the absolutely convergent q-Gamma contour formula of Theorem 3.2 for nonzero x of absolute value at most one",Cesar Cuenca,,H2,ea204cdb309de4943fc848476e42ead6d3a635d85fff03eecb478357295936ca,
1766,,,"For alpha>-1/2 and nonnegative endpoint masses M,N with M+N>0, Gegenbauer-Sobolev partial sums are uniformly bounded on W_p^alpha exactly for 4*(alpha+1)/(2*alpha+3)<p<4*(alpha+1)/(2*alpha+1)",Oscar Ciaurri; Judit Minguez,,H2,b6ff728d93f2f34e9b608ab1225becebd9d6713a3ce684ac5e655cc57c9c5e15,
1767,,,"For n>=2 and m>=3 over a field containing a primitive m-th root q, the Taft-cyclic smash products T_(n*m^2)^(xi^t) and T_(n*m^2)^(xi^tprime) are isomorphic exactly when xi^(s*tprime-t)=q^l with gcd(s,n)=1",Ana-Loredana Agore,,H2,0372f5a82ee3610302a34a2a84baa6364eae91e727b1ca4b487170bc79b5ffc8,
1768,,,"At least one of the odd Riemann zeta values zeta(5), zeta(7), ..., zeta(25) is irrational",Wadim Zudilin,,H2,654b2fa1cc215ebf03f07287a50d2c0847d99d0c59e7959c6b4480f09b692b72,
1769,,,"The round six-sphere has no almost complex structure J satisfying nabla_(JX)J=J*nabla_X J for every tangent vector X, where nabla is its standard Levi-Civita connection",Scott O. Wilson,,H2,4d3fa7e6d9cab4ee7f9937c75887c3fe7aa45064f4212a49d31a3b09d273979b,
1770,,,"For every partition lambda and signed bicomposition of n, the row-admissible permutations of Theorem 3.3 define the explicit integral homomorphisms from the Specht lattice to the signed Young permutation lattice",Kay Jin Lim; Kai Meng Tan,,H2,6796254ca50634859cbc9473222860495ab480d2db273bad59140ae1cded5720,
1771,,,"Over C, cup product for two smooth quasi-projective varieties with regular functions is a Kunneth isomorphism strictly compatible with the irregular Hodge filtrations on both exponential twisted de Rham and Higgs cohomology",Kai-Chieh Chen; Jeng-Daw Yu,,H3,f8cdb0f14946c88d9fb531e5c5af12b7c6e317823152de7091e23af502b46f19,
1772,,,"A second-order Fuchsian equation in form (2.1), with apparent exponents m_j+1, Fuchs balance and gamma,delta,gamma-alpha-1,delta-alpha-1 outside 0,...,d-1, is obtained from the hypergeometric equation (2.3) by a degree-d polynomial in z*d/dz",Alexandre Eremenko; Vitaly Tarasov,,H2,1fa38d60624654fb59780cf29d50541a17e1b3973f61e2ee20e90491d6f45ebe,
1773,,,"A transitive topological groupoid with smooth base, first-countable arrow space and manifold source fibers and isotropy groups has a unique compatible Lie groupoid up to a base-preserving continuous isomorphism",Pawel Razny,,H2,236edf399c770291f65ad6a82495b8bc74b81619c8e64081da700a9797bcc439,
1784,,,"For a smooth complex genus-three (3,4) curve in form (2.4), the second-kind cohomology basis (3.2) with the primitive-sigma normalization has regularization vector (0,-lambda2/3,-lambda5/6) at infinity",Julia Bernatska; Dmitry Leykin,,H2,360756c32a1e78f4fde38e5ad1f024035d11a654f0d97077d14832bd844d2ad5,
1785,,,"Over any commutative ring and for arbitrary alpha,beta, all pathless representatives of one subdivision-algebra coset have the same image under x_(i,j) mapped to t_i",Darij Grinberg,,H2,a6e944ade0725c612e64adb1a0b0a1857589dadf898b0ca6744aea40ad035e94,
1786,,,"Every indecomposable Type I Berger subalgebra of split g2 in its standard seven-dimensional signature-(4,3) representation occurs as the exact holonomy algebra of a local metric",Anna Fino; Ines Kath,,H3,eb81dc859e5b749bdfe8389b722141faee1c46f1e825c2833c3d77ae45e96879,
1787,,,"Over a perfect field of characteristic different from 2 and 3, two elliptic curves have symplectically isomorphic Galois 3-torsion exactly when one is a smooth fiber of the other Weierstrass Hesse pencil",Ane S.I. Anema; Jaap Top; Anne Tuijp,,H2,ff9f4cafef8a101d2aece8fc9fb2ec637b643244b276e43ba16e80634af7bc6d,
1788,,,"Projective 0-Hecke module decomposition of the ordered-set-partition quotient S(n,k)","Huang, Jia; Rhoades, Brendon",,H2,dfbae2f7e245098115e855dfa8bd68f691ad9c1eb4cd0e54305bc903a8283eab,
1789,,,Normality of lower bound cluster algebras defined by quivers,Greg Muller; Jenna Rajchgot; Bradley Zykoski,doi:10.5802/alco.2:theorem1.13,H3,3e31d77f19c22169e0bdaa6143f4f6e3137dfbedde9446713060932d190a537a,
1790,,,Triangulations of standard parabolic facets of root polytopes,Paola Cellini,doi:10.5802/alco.7:theorem1.1,H3,4e1822e206f0771e54406111f3424032892a63e2a81bfb568c3365505f115a5e,
1792,,,Permutree fans are normal fans of explicit deleted-inequality permutreehedra for arbitrary four-type decorations,"Pilaud, Vincent; Pons, Viviane",doi:10.5802/alco.1:theorem3.4,H2,5b034befd645de4ad4ea09d2352b0f7eb798b8cbc82b48511494dd5b261c3f2e,
1793,,,Birkhoff face lattices force standard symmetric-group representation polytopes,"Baumeister, Barbara; Ladisch, Frieder",,H2,62d1d96c8895818bffd9573917933086e2d96dcf335bd3d7b6f351fd1613cb20,
1794,,,Cyclic ordered-partition free resolution of digraph lattice ideals,"O'Carroll, Liam; Planas-Vilanova, Francesc",,H3,f2914509e2fb7035cddf56836dca7400a1721c04b83013882645d4bbe28193df,
1795,,,Regular root-polytope triangulation realizes the twice-coned core of a dominant pipe-dream complex,"Escobar, Laura; Mészáros, Karola",,H2,c0cddb29eef6b6af81828c28ed7cb54a64f6099ccbf4d38cd0597c864607d9c3,
1796,,,Genus-zero-or-one structure of spaces with product dimension twice their dimension,Christine Bachoc; Alain Couvreur; Gilles Zémor,doi:10.5802/alco.19:theorem6.3,H3,1d1a034e7d87342295889e82bc34d1c28fa2bb44aae44303315cfb92fe3a123a,
1798,,,Newton polytopes and saturated monomial supports of principal-coefficient type-A cluster F-polynomials from subword weights,"Brodsky, Sarah B.; Stump, Christian",doi:10.5802/alco.25:theorem2.14,H2,79bd57a2446f3d481ee9a0bfe3940ba2c560953347cbd62ce9ed7eafc2ea896d,
1799,,,Every Noetherian complete local ring is a G-ring: all prime-localization completion maps have geometrically regular formal fibres,The Stacks Project Authors,,H3,6bfdd0368617fa2b24f9dee976cf118dc5dd018eb3241751fbe64d69fcdc72f8,
1800,,,"Chase’s theorem: an arbitrary ring is coherent exactly when all products of flat modules, equivalently all set-indexed powers of the ring, are flat",The Stacks Project Authors,,H1,8a1eea92a274b8bd60aec5769d715da6bbb7f28507815d939b00320b2f10b44b,
1817,,,A symmetric Hamburger moment problem with b_(n-1)/b_n<=q<1 eventually has bounded normalized moment/kernel coefficients and the cs-star absolute summability giving an entrywise absolutely convergent reproducing-kernel inverse of its Hankel matrix,Christian Berg; Ryszard Szwarc,,H2,55be472cbc85f2fe5982cdba2c990ce0c360ed25eb82d2dd5bdc8bd6157b2663,
1818,,,"All intrinsic characteristic classes of a smooth Lie algebroid pull back functorially along every transverse smooth map, without a connectivity condition on its fibers",Pedro Frejlich,,H2,04dd7c68218ff59cf8fa9db412a2f80be19a5497af4978f0ac79d6de04291676,
1819,,,Character-graded Schenzel Hilbert series for a Buchsbaum complex with a free cyclic prime-order action,"Sawaske, Connor",,H2,7d40f684445730e6ad0d14b881d97cbe5a1ab39ed57e7dd114c3c26fd19b8fc7,
1820,,,Maximal-excess biregular Paley Hadamard matrix when (2m+1)^2+2 is a prime power,"Hirasaka, Mitsugu; Momihara, Koji; Suda, Sho",,H2,6f71d24e9662e0029eefb982be31d5d4685005a31c6e59b678a727c64777ec0b,
1882,,,Integral Borel cohomology through degree three and its second filtration for the order-twelve dihedral action on the hexagonal torus,Kiyonori Gomi,,H2,d21e4d1007ba35931df3e5dbeb4e29dbf7fcfea1bb8f01688d624faf3b034df6,
1883,,,Balanced terminating multivariable elliptic Gustafson-Rakha summation for arbitrary dimension and both parities,Hjalmar Rosengren,,H2,95a7604b8e28898552d851e7baa93568957863282682273fc4991b8c40db8a84,
1884,,,Cohomological equivalence criterion for indecomposable module categories of a finite pointed fusion category in characteristic zero,Sonia Natale,,H2,6a2e24d532c01cc09c14523689a6b60933226c20e1ff5d770dde74a605141c65,
1886,,,Identity component of holomorphic automorphisms of the rank-one Deligne-Hitchin moduli space for a compact curve of genus at least two,Indranil Biswas; Sebastian Heller,,H2,9e4a1a3cc8e8900336d101d027ab00225a087c78a56adf27f359a136dd6eab9f,
1887,,,Integral-operator characterization of spectral functions of real Jacobi-type five-diagonal pencils,Sergey M. Zagorodnyuk,,H2,99466e53c19440cdd6df13d0141c5b256e8e4a836970ae96629b871e1bd92ee8,
1888,,,Common Frobenius characteristic factor for tame Delsarte monomial deformations with a common cover and injective complement restriction,Remke Kloosterman,,H2,2b80299d48cbf41e1a5a66263c57f2e18016d180ea171fd35f2fb8715839b07a,
1889,,,Smooth geometric orbital linearization of completely integrable vector fields with independent jets and the required zero-eigenvalue integral rank,Nguyen Tien Zung,,H2,820233ad65ee6a1ef9b9e4dc6f1966384a2fad6609e23e56fcbf64cab8d0ed89,
1890,,,Weyl-matrix evolution for bounded continuously differentiable Hermitian N-wave solutions with positive diagonal characteristic matrices on a semi-strip,Alexander L. Sakhnovich,,H2,be664884366fe6419d7be11693ec5581917f72fc3d3fe944eeac2a68e72f2981,
1891,,,Formal Painleve-I isomonodromy equations for the logarithmic WKB series constructed by topological recursion away from t zero,Kohei Iwaki; Axel Saenz,,H3,96c8ef50cc326df8067092f16c1895fba564091ffb32f1c341686157ee9ae37b,
1892,,,Conformally perturbed ordinary and opposite-algebra twisted spectral triples for ergodic positive-dimensional compact Lie actions with a self-adjoint C1 factor,Farzad Fathizadeh; Olivier Gabriel,,H2,61dd771576dcc68e346fe4ad1002ef8b0d1978f30c406ee7b3359aa858916e07,
1893,,,Diffeological differential forms on orbit spaces equal basic forms when the Lie group identity component acts properly,Yael Karshon; Jordan Watts,,H2,d40310b7eb3325bba54976606b61293a2fae11303243e8effffaff9fe4a91e7f,
1894,,,Finite-particle q-boson transition probabilities with positive site-dependent conductances on the integer lattice,Dong Wang; David Waugh,,H2,2d5f5f90230e61d90876e12cb512992794e9e8735bee15f14304b3955d1d1e51,
1895,,,Uniform all-sheet Olver Bessel-K asymptotic expansions for even analytic disk perturbations with strictly positive real part of the exponent,Hans Volkmer,,H2,af5a7616c02c26ba868333fde3133e9978f983447f9f61c8e5b8d6930fb8efc6,
1896,,,Unique universal n-term Nijenhuis-Richardson formulas for higher Koszul antibrackets over characteristic-zero commutative superalgebras,Marco Manetti; Giulia Ricciardi,,H2,51bb782539ea1d14ad61b2bfbe8acb4fed855cc81811fd05e20303468494aed8,
1897,,,Algebraic center of an Etingof-Kazhdan quantization of a finite-dimensional Poisson group over a characteristic-zero field,Adrien Brochier,,H3,856b8a84a0ec031200e756c58309942110f3480f9dcfab64820875643a4e4919,
1898,,,Seven equivalent Koszul criteria for connected strongly graded corings over a semisimple base ring,Adrian Manea; Dragoș Ștefan,,H2,4093a343fcf62918f8bca62eedbb80d372429b03c8a59ebfc0962228779a7998,
1899,,,Strict positive definiteness of continuous isotropic positive kernels on a circle times a sphere of dimension at least two via all even and odd degree tails,Jean C. Guella; Valdir A. Menegatto; Ana P. Peron,,H2,6c738f5feaab8b763e7d6063de928be8dca525743eca1fbac5876c5df9bc1bfa,
1900,,,Full linearisation and invariant diagonal give an equivalence between smooth degree-k graded bundles and symmetric k-fold vector bundles with the core identity condition,Andrew James Bruce; Janusz Grabowski; Mikołaj Rotkiewicz,,H2,e8093316fbbba9cbec287e0b4a9fe3e4c54daeb2ed3fe6a8dc956b855cdfafa8,
1901,,,Big cotangent bundles away from the adjoint base locus for resolved codimension-one-free arithmetic complex-ball quotients,Benoît Cadorel; Erwan Rousseau; Behrouz Taji,,H3,d537f796a5a35f685713c9f98389a1814ccd9579cbbcdeaa7296b3fa232e1010,
1902,,,A finitely generated group with no nontrivial amenable quotient acting vertex-freely on a bounded-valence hyperbolic graph,Rémi Coulon; Denis Osin,,H3,5a1374587d43a4236f484e11496d1b8eb465c73a9aeaf89332f1dcd0a89160c1,
1903,,,No compact-open type-zero parahoric topology for split Kac–Moody groups with infinite Weyl group over non-Archimedean local fields,Ramla Abdellatif; Auguste Hébert,,H2,99e64b3f1f1e5630b9e6e7f4dd2fda54eab8b0d3b0aab58113847e49074b4211,
1905,,,Uniform refined Milnor–Wood inequality for simple tube-type Hermitian targets,"Chaput, Pierre-Emmanuel; Maubon, Julien",,H3,187969bc71c4f86525fe4e8e06d530d4045d3472d3bf167f477cdf25c2ce79c0,
1906,,,Birational filtered D-module computation and local vanishing for Hodge ideals of positive rational principal divisors,"Mustaţǎ, Mircea; Popa, Mihnea",,H3,bfd2dc35fe8ad4617a82f016234c693204bb8674d5ec5c1bb216fd7eb62028d6,
1910,,,Nontrivial bubble and half-bubble extraction at unstable boundary scales for embedded free-boundary minimal hypersurfaces of dimensions two through six,Lucas Ambrozio; Reto Buzano; Alessandro Carlotto; Ben Sharp,,H2,89a386a9009ee0176eea938717190840ee06011fcdb3cc4d3bd69fc68440d089,
1912,,,Iwahori–Whittaker Satake equivalence in positive characteristic for reductive groups admitting a simple-root-unit cocharacter,Roman Bezrukavnikov; Dennis Gaitsgory; Ivan Mirković; Simon Riche; Laura Rider,,H3,b147a5a06525623762155cd0b88c0ae10a56142ea6031473cab751a8afd9f6e4,
1917,,,A quantitative parabolic shearing criterion for disjointness of weakly mixing flows on sigma-compact metric probability spaces,Giovanni Forni; Adam Kanigowski,,H2,3d639ccaa1e513634a740b5c20874d6ce99eada98a4101b4aa0aa4f0d867548a,
1918,,,Approximate versus exact L2 controllability for canonical complex two-state scalar-input difference systems with two irrationally related delays,Yacine Chitour; Guilherme Mazanti; Mario Sigalotti,,H3,aae25f4f4dfa667f63d133c76ce9fbfed1536a413ae17fa03b920ea6c2a900b9,
1919,,,Uniform positive-time polynomial velocity tails for rapidly decaying periodic classical non-cutoff Boltzmann solutions with hard potentials and hydrodynamic bounds,Cyril Imbert; Clément Mouhot; Luis Silvestre,,H3,67c564b5c86f2e5fdb31053a038592d8c899d703746dc250eff6bfbdb5a3cdb3,
1920,,,An order-preserving spectral-radius bound for fixed-length matrix products over local fields,Eduardo Oregón-Reyes,,H2,5d8931e434cce2fa76f0bec17408240e2de5c496adbb922d8ed28ca2c4c6827c,
1921,,,Strong Markov coding for fixed-point-free Hölder metric Anosov flows with regular pre-Markov families at arbitrarily small scales,David Constantine; Jean-François Lafont; Daniel J. Thompson,,H2,667f96d525f7e797ab522a7981d572d38116e9168f6ad6f2ab2f4766fe391f54,
1922,,,Good moduli spaces with affine diagonal for rank-two Kähler-Gieseker semistable torsion-free sheaves on connected complex projective manifolds,Daniel Greb; Matei Toma,,H3,54c478848e754de3d129e726014b1c11fbf17676c208d081a04a7b9e1f6f26f8,
1923,,,Rank-two quadratic tangent obstruction to third-order deformations of the trivial SL2 complex character of a finitely generated group,Julien Marché; Maxime Wolff,,H2,429bdbf199a43a17b851c66b76cce9fab8adb7bc6cbc75cb78050a26e2e28060,
1924,,,Unramified-extension convergence of normalized pluricanonical measures to weighted Shilov atoms for smooth proper varieties over non-archimedean local fields,Mattias Jonsson; Johannes Nicaise,,H2,8763265cc01ace35629d884053a3619aef95fde0d88113ea7fd5109aef0a9fce,
1925,,,Two-sided power-filtration coinvariant growth in canonical dimension for nonzero modules over uniform pro-p Iwasawa algebras,Matthew Emerton; Vytautas Paškūnas,,H2,ab53435206cd1369d2ef2f5033c2dc1eb9a9ecb170a72e75f3e5705e077feb5d,
1926,,,A K3 surface over the real Puiseux field whose homologically trivial real line bundle has no real-point-free divisor representative,Olivier Benoist; Olivier Wittenberg,,H3,5eb9183e61e6edafd3161c0ad559b9bc6918277e1ad9df40d1da921e43ea2dbc,
1927,,,Small-index openness for unrestricted countable permutational wreath products of closed symmetric subgroups with a comeager conjugacy class,Bruno Duchesne,,H2,2f964ce0bf627d61dfd09e5310c499cea4b783f1ea3fab90ed8b4ab21586163f,
1928,,,Weighted weak homogenization of Sobolev transport equations under uniformly proper gradient rectification and bounded divergence,Marc Briane,,H2,c2226f42d74e9aa0389bdcf39734a5c7c3bd3ce1e674a080a0ce62dc2757c955,
1929,,,Degree-six K3 Hilbert-square limits of general Debarre-Voisin deformations of the orthogonal trace trivector,Olivier Debarre; Frédéric Han; Kieran O’Grady; Claire Voisin,,H3,060a22387a155897c8c54fb600ddb040f05d27fb104b64260545a428470ad84f,
1930,,,A complex CM-elliptic Ribet section with infinitely many fibre-torsion points and no proper subgroup-scheme containment,Daniel Bertrand; Bas Edixhoven,,H3,2849fbaf45d12261419cc6bb949391dac249049128412c69b6d33cb408f696bf,
1931,,,Small-time failure of full distributed null control for constant-coefficient parabolic-transport systems on the circle with interval observation,Karine Beauchard; Armand Koenig; Kévin Le Balc’h,,H2,54131e7fa4f42dfbaa681705fc1a8931478d24f960e10317a79fd99c9e16496b,
1932,,,The unique centered pulse maximizing the Dirichlet Schrödinger zeta determinant under a nonnegative L1 mass budget,Clara L. Aldana; Jean-Baptiste Caillau; Pedro Freitas,,H2,db56e3346dbee7cdb0e94f0448a0f3879751a0070e3b58b559c40fc1bc391742,
1933,,,"Integral compact-support character duality for two-term torus complexes on curves over finite fields, including primary characteristic torsion",Cyril Demarche; David Harari,,H3,3b5feb98e851a9ebb4571dc6583df55af77c38aadc5bf181d0b9176ff6eef023,
1934,,,Uniform dual-Lipschitz stability from high-probability path stabilization and summable noise-law perturbations for Hilbert-space Markov dynamics,Sergei Kuksin; Vahagn Nersesyan; Armen Shirikyan,,H2,dc61bae732f7b437ebc59e4a08fa55e8bca35e524b3f2962cfe69beb4c00ec63,
1935,,,Fixed-lag correlation linearization around the quasi-stationary law of a contracting one-species density-dependent birth-death process,Jean-René Chazottes; Pierre Collet; Servet Martínez; Sylvie Méléard,,H2,a2b6c53bf896793f08ee5d9a93b1912c41158fb1b1c217569a15207fea5ec53f,
1936,,,Zero-boundary Hölder Hessian solutions from finite-mass Hölder subsolutions on strongly m-pseudoconvex domains with n/2 less than m less than n,Amel Benali; Ahmed Zeriahi,,H3,232611c583967fa2566e425f5f4a6bdbabfb8d022fa6ba792a8f100297e5af42,
1937,,,"For finitely presented flat coefficients over a finitely presented algebra, weakly associated primes of every tensor product are exactly base weak assassins combined with fibre associated primes",The Stacks Project Authors,,H2,df001c13f5aab0b1f9fd9d18704638275126cf4294de5183f2e5d68042af9ab7,
1938,,,"Over an essentially finite-type local algebra of an arbitrary local ring, every base-linear map from a finite module to a flat module that is injective on the closed fibre is universally injective and forces flatness and finite presentation",The Stacks Project Authors,,H3,5a4a608be6c95d5c4c647fd7935758d835785356e673ab6186dc92920c94acc5,
1999,,,"Screening-kernel realization of the simple W(2,2) vertex algebra inside the level-zero twisted Heisenberg-Virasoro vertex algebra for cLI nonzero and cW = -24 cLI squared",Drazen Adamovic; Gordan Radobolja,,H2,593a0cb0568eaf3c60358cd33d0bb988c1f2bc859049ef127b64ff6de98ff5a2,
2000,,,Irreducible successive singular-vector quotients for integer-spin d=1 complex conformal Galilei algebras at arbitrary D-weight and nonzero P_ell weight,Naruhiko Aizawa; Radhakrishnan Chandrashekar; Jambulingam Segar,,H2,74bf03327fffba2fed57abdc84b6316e17adecfd6c1bb868d3ae38a44a27dc81,
2001,,,Reducibility and complete reducibility of second-order elliptic difference Galois groups with non-torsion shift detected on the doubled period lattice,Thomas Dreyfus; Julien Roques,,H2,2b7214e84212336806a0531cc5fbd45f9c749dc2271e46fabf334e02e8eb3993,
2002,,,"Three boundary-circle quotient of the coefficient-space quantum pair-of-pants algebra for 0<a<1, positive r1,r2, a+r2<1 and r1+r2<a",Slawomir Klimek; Matt McBride; Sumedha Rathnayake; Kaoru Sakai,,H2,00fab94bf58261b60922e600b24c6e1a439de9b8a48366a268d3648aceb04b3f,
2003,,,"Laguerre central limit for nontrivial admissible finite-second-moment BC_q Jacobi walks with d=1,2,4 and p in {q,...,2q-1} or p>2q-1",Margit Rosler; Michael Voit,,H2,7d3ffb4088f12fc135d64e92540236f913554bfd0af1fde9b54644888263e0df,
2004,,,Extension fullness of finitely generated locally Gelfand-Zeitlin-finite gl_n(C) modules in all U(gl_n(C)) modules,Kevin Coulembier; Volodymyr Mazorchuk,,H2,a6b54d059a5232c25cc9bcdabf5be070e413b736e0d3f5888edfb7b299676d36,
2005,,,Explicit simple gl_n(C) modules from generic Gelfand-Tsetlin tableaux with fixed nonnegative integral adjacent-row differences,Vyacheslav Futorny; Dimitar Grantcharov; Luis Enrique Ramirez,,H2,dec2c885081c2b4cd3f8697c14a9780f24bc459330e5e12a9044fd532c8c0989,
2006,,,Quantum flag-counting shuffle character is a twisted bialgebra homomorphism for finite-field acyclic valued quivers,Dylan Rupel,,H2,2a9be7edf0f84235e70b260e9aa9ed30bd585ae4d59df2e76d1bd0ca4de85e68,
2007,,,Every finite-dimensional real semisimple Lie algebra has a rational form carrying rational forms of all its finite-dimensional real representations,Dave Witte Morris,,H2,9b5bef0e5f37776882baa8706a918ae165fd40878aac2d903881c72f2859ccb8,
2008,,,Orthogonal and even-dimensional symplectic twisted Yangians over C[hbar] as the specified graded limits of twisted quantum loop algebras,Patrick Conner; Nicolas Guay,,H2,f89615f62526149bf1a7a755dcfeffa5ca16663404404d52859a5850635e1126,
2009,,,Cyclic-module identification for homogeneous quotient-coalgebra Galois extensions of Hopf algebras with invertible antipode and adjoint coefficients,Tomasz Maszczyk; Serkan Sutlu,,H2,68fd816d9036aaf3acf1d939dfb79b56827e155b878b5790c44ac162b38ffc08,
2010,,,Every rank-three skew-symmetric cluster algebra of geometric type admitting no acyclic seed is properly contained in its upper cluster algebra,Kyungyong Lee; Li Li; Matthew R. Mills,,H2,59b8aa300152b4b730c1502c6bc417a8cbe57fce0699de3b26ad5a7d6ff35536,
2011,,,Quadratic criterion for involutivity of an endovolutive real or complex tableau in generic bases with its Cartan-character block constraints,Abraham D. Smith,,H2,e12a6e9aa7403540e7cbe7fc114e808ed0d4ebd342cd897066ba27d366934510,
2012,,,"Sharp automorphism-pseudogroup bound of (n+1) squared for real bi-decomposable Monge-Ampere systems with transverse Lagrangian pairs on contact manifolds of dimension2n+1, n>=3",Goo Ishikawa; Yoshinori Machida,,H2,904027e17377ae6d68c332cf83bc73d2caccf4f7b0d96a49febb99401dcfef65,
2013,,,"Principality of algebraic equivariant fusion for Hopf algebras with bijective antipode, principal comodule algebras and two jointly surjective C-star quotient maps",Ludwik Dabrowski; Tom Hadfield; Piotr M. Hajac,,H2,dc496f73d0a8f1e73fe1a1a04da7befb13b44cca1e5d385dc93e58db46263787,
2014,,,Parity-sensitive Dunkl harmonic oscillator Sobolev embeddings into Schwartz C-m seminorm spaces for sigma>-1/2 and positive oscillator scale at the stated derivative orders,Jesus A. Alvarez Lopez; Manuel Calaza,,H2,7daabb0196113fc080226ff05823529e1cf448b2539386c3f591eb5091b4685e,
2015,,,Full equivariant KR-theory ring of a compact connected simply-connected Lie group with Lie-group involution and conjugation action,Chi-Kwong Fok,,H2,48079869deb81a8c19f722028d26b95a2e6b13392542ad678bc237cc0a1e61c8,
2016,,,Invariant principal-bundle connections for arbitrary Lie-group automorphism actions classified by compatible maps on transverse covering patches,Maximilian Hanusch,,H2,c40982885aa997e3d65a5023c48136de8801fbdafcc0c79ebf6204a28538dd0e,
2017,,,Smooth hypercomplex Douady loci of antipodally real finite-degree Cohen-Macaulay curves with acyclic O(-2)-twisted normal sheaf in equidimensional complex spaces over P1,Roger Bielawski,,H2,1b55428b4e06d0213f756430353bf2246ab56ee3d426a9189ff44c5ebed3e8ee,
2018,,,Compact parametrix and one-sided invertibility for mirror quantum two-sphere Dirac-type gluing with summable Fourier weights and uniformly nonzero Jacobi coefficient products,Slawomir Klimek; Matt McBride,,H2,997a1609139bcbdfa0bf985783c895294610009e864081aed692b9dea68c4d0a,
2019,,,"Successive quantum-content fusion formula for every tableau primitive idempotent of semisimple complex H(m,1,N) with nonzero q and cyclotomic parameters",Oleg V. Ogievetsky; Loic Poulain d Andecy,,H2,71e35372633ca8129166a1827a8adb21bd0741a187581990c56a4beb966a9c17,
2020,,,"Group rings over Z[(1+i)/2] of G(m,p,n) and its mystic partner are isomorphic for n>=1, even m>=2 and p dividing m",Yuri Bazlov; Arkady Berenstein,,H2,d088e2aced30045e8e3db0e9adc4d17eefc3d6b820bee21906433676588aaa23,
2021,,,"Smooth ALE scalar-flat Kahler extension of the LeBrun metric on O(-n), n>=3, to nearby affine C-bundle fibres over CP1 in the specified transition family",Nobuhiro Honda,,H2,2aa0ea689f9a8a3fedb7d03a2974fe6a6588698d5158a87fe6cf2d5826d11c58,
2022,,,Freeness of continuous compact Hausdorff group actions on compact Hausdorff spaces is equivalent to algebraic Peter-Weyl-Galois bijectivity,Paul F. Baum; Piotr M. Hajac,,H2,4a4e93fe881f31a27bbfc4ccc53cbfe67a3f1b25febace33c96153e985420734,
2023,,,"Explicit strong connection on a finite piecewise principal right comodule algebra over a cocommutative Hopf algebra, with unital colinear local splittings",Bartosz Zielinski,,H2,aa098d1ddf4ad73e8baf3b6ed5ddb5dffdb67ec10a1451a3686e10c165f9d76e,
2024,,,"Center generators of the specified complex twisted graded Hecke algebra for diagonal (Z/ell Z)^(n-1), n>=3 and ell>=2",Wee Liang Gan; Matthew Highfield,,H1,0f6b108a9e9dddfd76cf73818646f43dee5d0d4e6f2966b117a49bc6bd0ffa10,
2026,,,"Level-k quasi-Hamiltonian prequantization criterion for the prescribed-conjugacy-class PU(p) surface component, p an odd prime, with orbifold descent at regular identity value",Derek Krepski,,H2,3f30d6783ea4cc9ed61743e7f714a60d401936dfe4f431fa5bc1092dce61ae62,
2027,,,"Exact Demazure quotient sequence and mixed level-one-Demazure/adjoint fusion identification for a finite-dimensional complex simple Lie algebra, k>=1 and 0<=i<=k",Bhimarthi Ravinder,,H2,b7cc53c850d09d34549edcece4cd8b9dc896037049fba22dd2b53e63c7298324,
2028,,,"Freiheitssatz for unital generic Poisson algebras over any characteristic-zero field, with anticommutative Leibniz bracket and no Jacobi identity",Pavel S. Kolesnikov; Leonid G. Makar-Limanov; Ivan P. Shestakov,,H3,3c79bffa82c1d2228a106ca46bf915161f5c5879e2e2c5314b5e154f63528828,
2029,,,"Convergent Clifford-valued Hermite-semigroup kernel series and equality on the explicit Laguerre-monogenic basis for kappa=0, c>-1, dimension m>=2 and Re omega>0",Hendrik De Bie; Bent Orsted; Petr Somberg; Vladimir Soucek,,H2,dd4f39194d9a524e28e6a92cfbb7864de29d660ac8be830c43f706c1505c99e4,
2030,,,Boundary persistence and charged-set repulsion for vertexical differential-inclusion families on all finite hypercubes under opposite-face persistence and charged-vertex repulsion,Manoj Gopalkrishnan; Ezra Miller; Anne Shiu,,H2,0f26c4d6e9516f5c679b8d7c61fec90b192815c036a5ed5d2bd79fca304bf79f,
2031,,,Equivalence of the normalized four-term BKP addition identity with the formal BKP residue hierarchy on a domain where tau and the displayed shifted denominators are invertible,Yoko Shigyo,,H2,60ba3994b8aad2ecead26545f9021eb19797db8d568990c6732cfe24c85bc542,
2032,,,Homological support and the tensor-product formula for arbitrary objects in rigidly-compactly generated tensor-triangulated categories,Paul Balmer,,H2,7d31e98449375855a48fe46685391a7f0f2760bd623a4a07d81e2452e1fa7d12,
2033,,,High-genus Bertini-link free-product quotients for complex cubic del Pezzo fibrations over curves,Jérémy Blanc; Egor Yasinsky,,H3,c97d24dadcfab181e5c9621eecddb6ea5c7b6de3678af6d9788edec0cbf4da80,
2034,,,Lipschitz frequency dependence of invariant graphs in parameterized finitely differentiable Diophantine KAM theory,Abed Bounemoura,,H3,668f8ef8da4d6ebea651ec4c2f42507e1606763c608fe1211d66649d4a9b40a8,
2036,,,Existence and positive Hölder minimizers for the two-phase Robin free-boundary energy with uniformly positive exterior Sobolev data,Serena Guarino Lo Bianco; Domenico Angelo La Manna; Bozhidar Velichkov,,H2,bb30d8ad2da49990cbcfb85d53bb1b94ff5714b285a62709658c5eb303d33283,
2037,,,A stalk and compact-section formula for sheafification of enhanced pullback to a subanalytic zero locus,Andrea D’Agnolo; Masaki Kashiwara,,H3,b0b09a28c0e2434780f98477eb0e7a3c759d6dc442652895ab9262423a5f85a4,
2038,,,Legendrian-isotopy invariance of Turaev torsion sets for Euler-type Legendrians and closed torsion pairs,Daniel Álvarez-Gavela; Kiyoshi Igusa,,H2,9b47a270025c328183a9a091b2e14721b0c59cc60e8312125a26f152b76c1ca6,
2039,,,A cellular nonsymmetric operad and compatible diagonal maps on standard Loday realizations of associahedra,Naruki Masuda; Hugh Thomas; Andy Tonks; Bruno Vallette,,H2,bfa830c900a325a331ed6df1d33b87b3bcb69ef048ec99ccaa7c1f8b79de978c,
2040,,,Differential transcendence of nonzero field-valued second-order difference solutions over characteristic-zero fields satisfying property P,Carlos E. Arreche; Thomas Dreyfus; Julien Roques,,H2,62870812aaaffbcd157b6892a4fe75ce1f486a82e98c80b6957783676a4b9749,
2041,,,Nonvanishing Zhu C2 images of singular vectors in noncritical universal affine vertex algebras of complex simple Lie algebras,Tomoyuki Arakawa; Cuipo Jiang; Anne Moreau,,H2,83732724609cdc51363591d1e5359ca4b697fc472d60eb8cd57bed164d51954e,
2042,,,Explicit parahoric-cuspidal orbital pairings for Levi-induced distributions over large-residue-characteristic p-adic fields,Jean-Loup Waldspurger,,H3,1ad3bde84d22470152ff8ca2fed90ba6063e2fdf0ac99c14affebada8b3a36ac,
2043,,,Corrected exceptional-set dimension bounds for random S-adic cocycles on Oseledets subspaces containing the unstable bundle,Alexander I. Bufetov; Boris Solomyak,,H3,e3fbb6357f52f81b65838f65371cb750ed45340e654d8424f75d7cdac5df81f4,
2044,,,Circle-interval control of critical-density transfer times in totally ergodic countable abelian actions,Michael Björklund; Alexander Fish; Ilya D. Shkredov,,H2,90349dd5085118af706d470c892a115bfb285b363ec4a5293dd4c3fea740e047,
2045,,,Ergodic nonlocal Jacobi semigroups with positive invariant densities for nonzero finite downward-jump kernels,Patrick Cheridito; Pierre Patie; Anna Srapionyan; Aditya Vaidyanathan,,H2,ded13abf1659b7a599010e690ab5b1bbe9258fcf1ba7cb2f04a92e5b7068fd0e,
2046,,,Detecting open orbits of faithful connected solvable actions with nontrivial unipotents by bounded generalized root subgroups in characteristic zero,Andriy Regeta; Immanuel van Santen,,H2,ae4184175a86cecfbc31fa8fe64e8f2a81f3e08280f601a820ffa709cce19bf1,
2047,,,Unique minimum-area Reuleaux polygons of prescribed unit width and inradius below one half,Antoine Henrot; Ilaria Lucardesi,,H2,723af2f5bc5955cefd9a90ea59f8c898e6bac1025bfb96580142e6166993b4e9,
2048,,,Arbitrarily large separation of uniform viscous observation time from flushing time on smooth bounded connected Euclidean domains,Camille Laurent; Matthieu Léautaud,,H2,36dc9f388f028095a7fa719e25ade4291b9cc9e608fb41d0f519f623bdaad804,
2049,,,Open dense conical degeneracies for smooth Hermitian-matrix families on closed three-manifolds,Alexis Drouot,,H2,040215eb7ba2de760c23a33d8f86cb92199b4face63ffa64d64d0defec7d11af,
2050,,,Absolute purity of the minus and rational motivic sphere spectra for smoothable morphisms between regular noetherian schemes,Frédéric Déglise; Jean Fasel; Fangzhou Jin; Adeel A. Khan,,H3,468f12db2a77c02c0818ce06fee8ccf4f2248221b09bc61a0b41384c9c09aa64,
2051,,,Ray–Singer and dynamical Milnor metric comparison for Morse–Smale flows with untwisted closed orbits on closed connected orientable manifolds,Shu Shen; Jianqing Yu,,H2,81468a79fae757dab47c3e80a7cba73851665ac16c9e72640c4d3df91cba088a,
2052,,,Extremal middle Hodge numbers of smooth complex Grassmannian hyperplane sections for n greater than three k and k greater than two,Marcello Bernardara; Enrico Fatighenti; Laurent Manivel,,H2,b7c99bdd50308f2033eb90ede2f84045e43077c34ab41ed33ac7d894cf24dd82,
2053,,,Rational powers-of-pi volumes of polarized absolutely rigid linear submanifolds in Abelian-differential strata,Vincent Koziarz; Duc-Manh Nguyen,,H3,ec5aea3c9e739bbe8735726888cbfee4b8e8392dc5bae1b3508322571e5ad079,
2054,,,Uniform left-half-plane resolvents and harmonic-oscillator norm approximation for monotone quadratic imaginary Dirichlet potentials,Jérémi Dardé; Julien Royer,,H2,123a78ecae563aa7103022b003c0d1f0fbac3c3f5f2fa78a1c4d57742a5ebb72,
2055,,,Formal-moduli excision for Hochschild and cyclic homology of rational algebra-valued functors with H-unital tangent algebras over characteristic-zero fields,Benjamin Hennion,,H3,c169a114da8f994f0d4d8dc83f142a835a4593999bb6c8608abfcc59c863b3f0,
2056,,,Characters and induced-character classification of extremal positive harmonic functions on the discrete Heisenberg group for finitely supported group-generating positive measures,Yves Benoist,,H2,18b0077dbb047e2f437d528381a37cc2f9beda14c91bb02b9960333a48b8c165,
2057,,,Equal rank-one splitting of reflexive differentials forces isolated cyclic quotient singularities on complex klt spaces,Daniel Greb; Stefan Kebekus; Thomas Peternell,,H2,b71e5b473862bb455d38a9da33af7b5ee435d52f7a22f95267e5b98c03750926,
2059,,,The two-fifths admissibility obstruction for scaling-sharp Strichartz estimates of Dirichlet waves on the two-dimensional Friedlander convex model,Oana Ivanovici; Gilles Lebeau; Fabrice Planchon,,H3,e4dacac3ee08fa2b470328ba114070b6df21ba9d62d55b5adecd9c46ef6c0c19,
2060,,,An integral perfectoid Katz–Mazur modular-curve model at principal tame level N at least three and full p-power level,Juan Esteban Rodríguez Camargo,,H3,9e8de1fd522ed9b935c1e47ccbfce868d4f852ce33d0bd7de4142f145f72a2b7,
2061,,,Contractibility modulo orientation-preserving isometries of unit-weight pseudocircle realization spaces of finite rank-three chirotopes,Michael Gene Dobbins,,H2,a95f2c0803251a2fe0bb01cd2dcc653c6764fe81aa625fcaea5e55dc49008e93,
2062,,,Locally Lipschitz construction of rapidly decreasing character models from generator brackets for concrete regularity structures satisfying assumptions A through C,Ismael Bailleul; Masato Hoshino,,H3,92489dc5046b17e76f867445aa779b59d620bc9b6647022827eb2ab130c994f9,
2063,,,Exact residue obstruction for meromorphic Abelian differentials on the Riemann sphere with one zero and only simple poles,Quentin Gendron; Guillaume Tahar,,H2,b8c303c0f19f56583b21b28d942a5ebc0191d05477a01b4038fb44419b040f42,
2064,,,Deformation-uniform Beauville–Bogomolov bounds ensuring pseudoeffectivity of twisted cotangent classes on compact irreducible holomorphic symplectic manifolds,Fabrizio Anella; Andreas Höring,,H3,d9208dd8adc1a5d7cf3ab102a24c5f932ef5b77b8e8a781abc9647e9b0eb1a31,
2065,,,"Over every ring A, the direct sum of O through O(-n) is a single perfect generator of the unbounded derived category of quasi-coherent modules on projective n-space",The Stacks Project Authors,,H1,8feab2047bf3ede93248614ce5a829d8b4c19b7ed4bc781b0d75a537a7dbb649,
2066,,,Every quasi-compact quasi-separated scheme has a single perfect object detecting every nonzero unbounded quasi-coherent derived object,The Stacks Project Authors,,H3,48d5c6f5909da4324db2666f77392c6aaaa698db07db5501f0499b26b8bd6b3f,
2084,,,"For every positive n and nonzero complex moment parameter, a polynomial-loop morphism into projective tame symplectic quiver automorphisms maps any pair of rank-two Gibbons-Hermsen points with a regular semisimple X or Y",Igor Mencattini; Alberto Tacchella,,H2,dc249f7cd5bbca8db92d5b3d21dc394fb27c2fac1acb59442aa5c831e6b7a1ed,
2085,,,"For a finite-dimensional simple Lie algebra and formal q, divided-power PBW transition coefficients for any two reduced words of the longest Weyl element equal the vacuum-normalized quantum-function-algebra Fock intertwiner with all fundamental representation parameters equal to one",Atsuo Kuniba; Masato Okado; Yasuhiko Yamada,,H2,a4ce11dc0bcf6bee48c1831eecd6a6c69b682e7685aa7b989ffd84b7ddcf1ad8,
2086,,,A smooth connected manifold admits a locally homogeneous atlas modeled on some possibly disconnected Lie-group quotient exactly when a transitive Lie algebroid supports a flat geometrically closed Cartan connection,Anthony D. Blaom,,H2,c1b13c04880512457fbab270c872c713a7a896600873c85cac239843a164154a,
2087,,,"Over the formal field Q(alpha), the infinite quantum Benjamin-Ono Lax resolvent on symmetric functions equals the ratio-defined Jack-diagonal Hamiltonian generating series coefficientwise on every fixed degree",Maxim Nazarov; Evgeny Sklyanin,,H2,d8e00e97ee1e3326fa77233b7844ea635466008242c21a2e87238c00edb395ff,
2088,,,Existence and minimal-coupling uniqueness of the Markov-quantile law for arbitrary real-line probability marginals,Charles Boubel; Nicolas Juillet,,H2,2010dc6444f15bff16c63a7b9a46b2960271f1caab675eec7d71b851ae029843,
2089,,,Fixed-order or unique invariant random-order dichotomy for transitive countably infinite categorical structures without algebraicity and with weak elimination of imaginaries,Colin Jahel; Todor Tsankov,,H2,0bfa7f50df03e8fe21302c0905ca0ef7d0d7c41c2b2592bb9317eacc7f8982e4,
2090,,,Uniform integrability of truncated continuum-polymer partition functions for positive-jump Lévy noise with finite large-jump first moment and dimension-dependent small-jump moments,Quentin Berger; Hubert Lacoin,,H3,a6b2b04aa47170f79742ee10c91230a5fe11b28089989a1d1ba2f41a8a5528f8,
2091,,,"Chow groups with modulus versus Suslin homology for smooth projective varieties over perfect fields with regular reduced-divisor components, after inverting positive characteristic or modulo nonzero integers in characteristic zero",Federico Binda; Amalendu Krishna,,H2,8bfa481e76e053c547e7028cf284e57ea3501b106b6394c02aca9018833b8cd7,
2092,,,Logarithmically renormalized immersed-boundary approximation of steady Stokes flow around finitely many separated slender rigid filaments,Richard M. Höfer; Christophe Prange; Franck Sueur,,H3,6f9e95435f5a73c0ae2e908fc968d600d79aa6ccff7976589a3fc2e9f2b2da54,
2093,,,Energy-controlled large free subsemigroups inside twofold products for acylindrical actions on hyperbolic length spaces,Rémi Coulon; Markus Steenbock,,H2,320fc943e2e981601b42a7bb2063ea9e6789347b3e6eb09671f6623894889f28,
2094,,,Deterministic positive edge-weight limits for trace-reinforced ants on two parallel paths each of length at least two,Daniel Kious; Cécile Mailler; Bruno Schapira,,H2,c6749a19b13cc4643507e10bb3696f21dad41e07e825ea22169c45db54e2322f,
2095,,,Sharp two-sided heat-kernel estimates for isotropic stable SDEs with uniformly nondegenerate Hölder diffusion and locally Hölder linearly growing drift,Stéphane Menozzi; Xicheng Zhang,,H3,b44a384c4f7096ac78a663b4112ecc4a5546906a50690649ffc73de8725c64cb,
2096,,,Isometric rigidity of minimal Lagrangian diffeomorphisms between closed spherical cone surfaces with arbitrary positive cone angles,Christian El Emam; Andrea Seppi,,H2,dedf6f39b13af86315cdb3d11d2dc197d8189c544447619c0abdbcb4d127d0f5,
2097,,,Uniform inverse-prime-square bound for first-order arithmetic singularity conditions in ample sections modulo p squared on smooth irreducible fibers of regular projective arithmetic varieties,Xiaozong Wang,,H3,d54ce16bf6f526111ff230934a0998818be6f2f724d028815433db71c9c5f7af,
2099,,,Energy-space Birkhoff normal forms for smoothing polynomial Hamiltonians with strongly nonresonant low-mode frequencies and multiplicities,Joackim Bernier; Benoît Grébert,,H3,496f17d9c8c98d0b0176c2d26fbed3d33b368356c31b40a71c7115b29efdf136,
2100,,,Uniform spectral-cluster pseudodistance equivalence on compact boundaryless Riemannian manifolds of dimension at least two,Rafik Imekraz,,H2,a1f432c7fa15b95b093e55b51267e67e78831c3c0497f4d892d11594d1d53414,
2101,,,Quadratic Calabi-action fixed-point inequality near the identity for zero-flux Hamiltonian isotopies on surfaces with linearly vanishing boundary area forms,Alberto Abbondandolo; Christian Lange; Marco Mazzucchelli,,H2,9781c16ac1f32f68a84aa3635b17dde763b8aeb4e4182b54dc503bad4a9ec8f6,
2102,,,Projective relative compactification of Hodge moduli for principal bundles of a complex reductive group on a compact Riemann surface,Camilla Felisetti; Mirko Mauri,,H2,fc5f1c22810a5262d19c03a0908759665307ff6d7134b08a9b0db4d214d5bfd4,
2103,,,Two-sided split-calculus parametrices for fibered-boundary Hodge Laplacians with commuting harmonic projection and base dimension at least two,Daniel Grieser; Mohammad Talebi; Boris Vertman,,H3,3b888bdd9eba2024ccb6dcda7623baf791db431b928a06fed114f22cfa124726,
2104,,,Orbit equivalence of graph products over the same finite graph from orbit-equivalent free probability actions of corresponding vertex groups,Camille Horbez; Jingyin Huang,,H2,ff7383eed5158b8758dc59f50976f062eb2667e1346c12391f6a886269191421,
2105,,,Connected-graph expansion of arbitrary formal weighted double Hurwitz n-point functions from Orlov–Scherbin partition functions,Boris Bychkov; Petr Dunin-Barkowski; Maxim Kazarian; Sergey Shadrin,,H2,7fcf1d4164971bf8929fcdfe9965c59ade6d9cfa81e5f492314e326f6fb56e5c,
2106,,,Hypoelliptic weak Poincaré inequality with arbitrarily small L2 error for nonnegative zero-source kinetic Fokker–Planck subsolutions,Jessica Guerand; Clément Mouhot,,H2,4614f2b89bf660145159b987fe221d5ad741b1a328bdc04e116357fff11fe5cf,
2107,,,Poisson kernel-defect limit for sparse uniform planar or unicellular rooted maps at a finite cubic sparsity crossover,Nicolas Curien; Igor Kortchemski; Cyril Marzouk,,H3,92dc4a8d05b50689cbba46b3c508ec6edb8f22f18599a3bc2fbca9d732333d4f,
2108,,,Projectivity of the compactified ball modification when a Kato manifold has Kähler universal cover,Nicolina Istrati; Alexandra Otiman; Massimiliano Pontecorvo; Matteo Ruggiero,,H2,e6a5e664affca12cd6a483b86bb30d08f3fe9bc40ce99a457a7b177c6aa03b2b,
2109,,,Simultaneous exact finite-dimensional and approximate all-direction shape desensitization of the heat equation for disjoint control and observation sets with connected observation complement,Sylvain Ervedoza; Pierre Lissy; Yannick Privat,,H3,68a07b83f6a669151963ec2848528294d54cf127e87545628d58ea63747c3269,
2110,,,Local H2 stabilization of positive subcritical steady Saint-Venant flow with positive friction by a single boundary PI controller with unit gate coefficient,Amaury Hayat,,H3,59ee51cc70c24abdaa5183453bacf4ae7dd08a2806628d9f3dc461e2f319e8b0,
2111,,,Almost-everywhere inverse-power-of-two lower limsup density along Lipschitz fields of affine planes on Borel subsets of Euclidean space,Thierry De Pauw,,H3,6a1f0f966359cb969fc84dab94e7632bca16a1c15231c79643df9663e1a32e26,
2112,,,A bounded below quasi-coherent complex representing a perfect object on a quasi-compact quasi-separated scheme with the resolution property admits a quasi-isomorphism from a bounded complex of finite locally free modules,The Stacks Project Authors,,H1,da9e027ec12f8eb6ff243f82857c7ecf1c12e4c19779b78a25806d9012dc5756,
2113,,,A perfect generator detects bounded-above quasi-coherent derived objects on every quasi-compact quasi-separated scheme through eventual Ext vanishing,The Stacks Project Authors,,H2,cc0d36a54ab2785081b4c6e5a83de3f1f541f69f3d965e0d48476d8dbf2cf0d6,
2140,,,"On a closed connected smooth manifold of odd dimension at least three, every complex-linear trace on the full scalar odd-class classical pseudodifferential operator algebra is a scalar multiple of the Kontsevich-Vishik canonical trace",Carolina Neira Jimenez; Marie Francoise Ouedraogo,,H2,6ba1b73e6ba01c0496f2c914ba2de606571b30f1ea79e88ad2cd5e3616223160,
2141,,,The negative-level CKP free-boson Fock module has a graded Heisenberg-plus-neutral-fermion polynomial realization with the explicit dressed-field vertex operator,Johan W. van de Leur; Alexander Yu. Orlov; Takahiro Shiota,,H2,135da5fc80d3793b49e40ed93efb0092da488937c7d0c48dd6f82151ac5db094,
2142,,,"For a complex free pseudo-product fundamental graded Lie algebra with positive generator dimensions m,n and depth at least two, a nonzero degree-one structure-preserving prolongation forces depth two and the simple graded Lie algebra sl(m+n+1) with adjacent marked roots m,m+1",Tomoaki Yatsui,,H2,7e74facba083c55f002de3fc5047e016c45c5fd23904f90be8c4a42a82bcbcff,
2143,,,"For every positive rank ell, the standard quadratic bosonic embedding of ell copies of level-minus-one affine sl2 in two level-minus-one-half affine sp(2ell) vacuum algebras has coset equal to the global-sign orbifold of the rank-ell Heisenberg vertex algebra",Drazen Adamovic; Ozren Perse,,H2,c01651fb3f2f01e8c8db93e7311b19ae5e5da4a222862620324953dbbdcf6394,
2144,,,"A complex Laurent-polynomial mutation z1 to z1 divided by a nonzero Laurent polynomial in the other variables, preserving Laurentness and with the origin interior to the initial Newton polytope, places the two face-fan toric varieties in one flat projective family over P1",Nathan Owen Ilten,,H2,1dea1100a5101809d2ba19a84b1953b927487e526fceca7869c8c9b56c081e4d,
2145,,,"For a smooth time-dependent semispray, a fixed first-order semi-basic Helmholtz jet satisfying dJ theta and dh theta equal to zero lifts to a second-order formal jet exactly when its nonlinear-curvature obstruction dR theta vanishes at that point",Oana Constantinescu,,H2,f374afb921f1fe5323334ffbc490d29a898abaa7ba9ff54d5079c3d6d12720aa,
2147,,,Compactly supported intersection-cohomology Poincare polynomials of generic GL_n character varieties on punctured complex Riemann surfaces with arbitrary Jordan monodromy,Mathieu Ballandras,,H3,bee5de133c47245976008aaf5555756a2d6fe873978da4eb427e65328b9bc507,
2148,,,Absence of generic character-supported constituents in localized torsion cohomology at infinite split level for KHT Shimura varieties with irreducible residual Galois representation,Pascal Boyer,,H3,6af8f1dd07138773568ec88b5fddba0145137f3cd8aee4ca090dd4e86c5bbdcc,
2149,,,Almost-sure L1 Gamma homogenization of stationary ergodic integral functionals with diagonal degeneracy and minimal positive and inverse moments,Matthias Ruf; Thomas Ruf,,H3,4608839648c3e02122b9f58c86864e338e128622a223d06fc7f777a7d2ce8279,
2150,,,"Two-term horocycle-average asymptotics with Holder coefficient functions for complementary-series Casimir eigenfunctions on compact PSL(2,R) quotients",Davide Ravotti,,H2,85c94ebe6c2e4f89f1330c106076c39ea8612691ae41784047aad2af8ab53cd2,
2153,,,Fixed-mass H1 convergence of positive radial three-dimensional Choquard ground states and their frequencies for smooth autocorrelation potentials approaching the Newton kernel,Thierry Goudon; Léo Vivion,,H3,5ccaa337e2fe63fd394100df5ceb3969fec8fa0e6f2d39309bc511bba214eb76,
2154,,,Classification of intermediate boundary crossed-product algebras for finite-center lattices with injective dense projections in product groups satisfying quasi-center and boundary-freeness hypotheses,Rémi Boutonnet; Cyril Houdayer,,H3,2eeeb0522c76eab2d8c16c3ff39fe458f36f5fb8cf935c2ba9273d3070320de4,
2155,,,Coexistence of positive metric entropy and elliptic islands for analytic symplectomorphisms of closed analytic symplectic surfaces,Pierre Berger,,H3,ef34349154a183379dcaa8909031405a0f4d87a82dfdc0d29b8c0a62b9a1c35d,
2158,,,"Complex rational maps of degree at least two whose periodic multipliers all lie in one number field are power, Chebyshev or Lattes maps",Valentin Huguin,,H3,3bfc5adb38dd2206eaf314e52d07fbaf505d4a4202f87a67906c170e6c7a48b6,
2161,,,L2 stability of square roots of bounded positive three-dimensional Coulomb or gravitational Vlasov-Poisson solutions with mixed derivative control,Jacky J. Chong; Laurent Lafleche; Chiara Saffirio,,H2,d129b81b0187133a9a0830eb1e8540d9f4ace21f1dfce36f86817e3e22b330f9,
2185,,,"A complex analytic monic cubic 3-web germ with distinct generic directions, unequal-weight linear symmetry, identically zero normalized Chern connection and the specified commuting lifted idempotents reconstructs a Frobenius 3-fold germ with isotropic unity",Sergey I. Agafonov,,H2,87299c33b1c0628541545ce417d00b4d3a3c03091e3ce2e510564a3f68d25afa,
2186,,,"A nondegenerate continuous C0(T)-algebra over a locally compact Hausdorff base, with a fibre-preserving strongly continuous symplectic-vector-group action, remains a covariant continuous field under fixed Rieffel deformation, with each fibre canonically deformed",Fabian Belmonte; Marius Mantoiu,,H2,cccce2600d660d9ac8c5ee84dfd079a480ea912a9b2fcde18d7608128e5cee04,
2193,,,Explicit unitary decomposition of the quasi-regular representation of a connected simply connected nonabelian one-parameter metabelian nilpotent Lie group modulo a discrete cocompact subgroup,Amira Ghorbel,,H2,c2dc1722007c78e7d727d5ec39bd8b1db63ba9b67f28275786d92601c9995071,
2201,,,Uniform perimeter improvement of planar radial cluster stars with more than three rays for strictly convex anisotropic densities smooth in direction,Valentina Franceschi; Aldo Pratelli; Giorgio Stefani,,H2,879dc2384940968a7fd1163399e89935819262f6509b8bd3b2313ab1cff41531,
2203,,,Polynomial-index weakly symplectic or unitary lattice bases for integral-trace skew-Hermitian forms over Albert type I or II division algebras,Christopher Daw; Martin Orr,,H3,1d3954623cb13350a0dd1f24893d62065fe6564a6fa785544b2a3247a32cc19e,
2204,,,"Highest-weight critical-exponent lower bound for the symmetric limit-set Hausdorff dimension of strongly projectively convex-cocompact subgroups of SL(n,R)",Olivier Glorieux; Daniel Monclair; Nicolas Tholozan,,H3,97d72218a92ea1d7738ef83c5ae2e0dedccfba3172de93149e9e86e10e5746e6,
2236,,,Polynomial lower bounds for nonzero algebraic-integer linear combinations of E-function values over a fixed number field at algebraic points,Stéphane Fischler; Tanguy Rivoal,,H3,e49b44d4628ff8f04eadd5aa13c5c2b7bf7a0027825819d12e58e98820cbcadf,
2237,,,Holder stability of the vertex-coordinate Dirichlet eigenvalue shape Hessian and its spectrum near a fixed regular polygon with at least five sides,Beniamin Bogosel; Dorin Bucur,,H3,0c2b9107304d9eaf49003700c33ecd3660be72129630d6ffa110eff671fd9619,
2238,,,Polyhedral hyperbola asymptotics when the maximal-sum face is not contained in any coordinate hyperplane,Marta Pieropan; Damaris Schindler,,H3,fa242d68947234de5810453b1f5fcb09cf49d367315c6f2eb9e405f35c6cdf3c,
2239,,,Transverse conformal volume expansion forces topological entropy on a compact foliated manifold,Marie-Claude Arnaud; Jacques Fejoz,,H2,e3f343141e625454840adcbc815dec00eca26b433edbdde2879510cab62a4594,
2241,,,Every non-neat nonconstant periodic orbit of a smooth Hamiltonian with positive definite fiber Hessian is a round trip,Patrick Bernard,,H2,ee421bb46f6d82fc3e0f2a7f668978926b03758441afe9f4858cd0cf8ecedd16,
2242,,,Independent Brownian continuum trees almost surely admit no Holder homeomorphism with exponent sufficiently close to one,Thomas Budzinski; Delphin Sénizergues,,H3,35287133719619ce9d77269296efa5d43bf9523238954b07d767a0918eb28f0b,
2243,,,Countable bubble decomposition with conservation of bubbling mass for bounded positive measures,Antonin Monteil; Paul Pegon,,H2,84774a40a1aa5500a918bc0a6f6c0c07bdd00fc38fd4dc21ca74f92c6027bf75,
2245,,,Unconditional joint-moment asymptotics for Legendre paths averaged over dyadic prime intervals,Ayesha Hussain; Youness Lamzouri,doi:10.5802/jep.260:proposition3.2,H3,85326d04651d3e7ff48ca15173f9956447916ddc7d068b0635493a23635db3c0,
2246,,,Lattice generation of Lipschitz functions over divisible ordered abelian groups,Antoine Ducros; Ehud Hrushovski; François Loeser; Jinhe Ye,doi:10.5802/jep.261:theorem3.13,H3,0e1727b9f8b397e88eb9877021d50c735307061b41bbc5a6dbace7bb7f81263a,
2247,,,Nonplanar smooth limits of complex plane curves whose degree is a multiple of a largest Markov-triple entry,Kristin DeVleming; David Stapleton,,H3,97c6de6fcd2b8d7cd2f18db071d997eecfb8b0807ff959310ec8fdbae2b51aa6,
2248,,,Nonisomorphic projective hypersurfaces with isomorphic complements in degrees prime to the field characteristic,Jérémy Blanc; Pierre-Marie Poloni; Immanuel Van Santen,,H3,52c57089a6617030176dd1467d29f9cef1192f1edbd90e99c4edbcde1ca8607d,
2249,,,Uniform polynomial approximation bounds for transcendental real numbers in degrees at least three,Anthony Poëls,,H2,358194e68a32a4775de1f8e0c7a513f6e5a780f4d8219fcda1b9822089833448,
2250,,,Parity-sharp polyhomogeneous mapping of weighted geodesic X-ray transforms on nontrapping manifolds with strictly convex boundary,Rafe Mazzeo; François Monard,,H3,3c6b2cf3a01088b84ff2a570e915f6eb7ec52901824f5e2a3c9c5641f01169e7,
2251,,,Minimal-exponent characterization of higher rational singularities for complex local complete intersections,Qianyu Chen; Bradley Dirks; Mircea Mustaţă,,H3,ccb3d79bf3aa193fd7e102fd21c84f139b5bb8a47a42a222ce2212cc043f588c,
2252,,,A proper smooth model on an analytic neighborhood yields a local meromorphic rational point,"Mehmeti, Vlerë",,H2,cb71d946c44ffb00b613b74addf77e635924a701101e0d3b3ee223e6837b3380,
2253,,,Finitely generated plane Cremona subgroups consisting entirely of algebraic elements have uniformly bounded degree,Anne Lonjou; Piotr Przytycki; Christian Urech,,H3,863e940363144e22afac96f6bc050286e4b5122216858acb1e4e155a2fc1d6cd,
2278,,,Energy-decreasing convexification of free-boundary regions for nonnegative BV graphs over bounded convex planar domains,Giovanni Bellettini; Roberta Marziani; Riccardo Scala,,H3,16415f800db8bf1fccdf58add3bf19471f63dd0b8ae0899d94244462105ab226,
2279,,,Dense commensurators of infinite normal lattice subgroups also commensurate the ambient irreducible lattice in characteristic zero,David Fisher; Mahan Mj; Wouter van Limbeek,,H3,1ca3b8911479025010c288644b37fbe60ef284b201b58fd86b0da7ad00a0900c,
2280,,,Uniform finite-time vanishing-viscosity convergence for Lipschitz aggregation potentials with well-prepared probability data,Frédéric Lagoutière; Filippo Santambrogio; Sébastien Tran Tien,,H3,16b92d13709583a16a4b0a9fa857d2d111d3bb45cd84e2a96d5c0f21b8833b2f,
2281,,,Semistable rank-five orthogonal flat connections on complex curves with no gr-semistable orthogonal Hodge filtration,Mao Sheng; Hao Sun; Jianping Wang,,H3,a31d6deaa093a89a3ed27315d703776819406eff9510a64748d648cb8f968222,
2283,,,Low-degree branched projective structures form a universal affine bundle over a family of branching classes,"Billon, Gustave",,H2,4b2522563a1ca17500392cb81a9c1cebbcc11b2cdc02cc841099e7608269c962,
2284,,,Unirationality of the complex moduli space of double covers of genus-five curves branched at four points,Andreas Leopold Knutsen; Margherita Lelli-Chiesa; Alessandro Verra,,H3,c7de269484c7c0830278efb2ec84043a61a5a07d271d98d70b2b9fb29d569c92,
2285,,,Uniform exponential moments for first-exit particles of nondegenerate critical branching random walks with exponential offspring moments,Amine Asselah; Bruno Schapira,,H3,2160673a45122b33999e13e7da909aae905990904ae6e4734d37ab1f7e491504,
2286,,,Smooth exterior self-similar profiles near the singular supercritical wave profile with weighted and parameter bounds,"Kim, Jihoi",,H2,50fa18fccab972c3d7f76ce067c06f317ac644008915909304ce59b4917f5b73,
2310,,,Plante-like wreath-product actions and their finitely generated epimorphic lifts cannot be semi-conjugate to C1 actions on the closed interval,Joaquín Brum; Nicolás Matte Bon; Cristóbal Rivas; Michele Triestino,doi:10.5802/jep.284:proposition7.1,H3,627e7d36aeb61880ea6755f225e04f70d4279a1b9b1166680d806362398dda5f,
2311,,,Falconer-Lyapunov dimension variational principle for faithful Zariski-dense partially Anosov representations of non-elementary hyperbolic groups,François Ledrappier; Pablo Lessa,,H3,d59680b52597d869ec4e0309bcb759a9548727f6372cd4582f5d6934e45b8004,
2312,,,Narrow relaxation of uniform connected one-dimensional measure length in ambient dimension at least two,Antonin Chambolle; Vincent Duval; João Miguel Machado,,H2,15699639a3aceabba1443518edad59744d8bbb31d220fe367274a05af72b90c5,
2313,,,Strict positive control threshold for minimal-time uniform Landau–Lifshitz magnetization reversal in ellipsoids with a simple easy axis,Raphaël Côte; Clémentine Courtès; Guillaume Ferrière; Yannick Privat,doi:10.5802/jep.287:theorem3,H2,3bbbf9a545d2ab1fdbafdccc7e457f51e2d93da097e755b784631ac8948a2750,
2315,,,Boundary-strong helix-box Birkhoff sections with prescribed primitive transverse classes for torus-invariant flows,Robert Cardona; Ana Rechtman,,H2,d74e09f352ba3fa9d98002a52f27b3bea2a198b6e0fbdce5de42ad08ec091534,
2316,,,Automatic split-generation and the quantum-cohomology factor from a smooth Lagrangian endomorphism algebra,Jack Smith,,H2,3e8d286fbe835fe4027c99ed121917975d51a450837aac7d69159d31b2826148,
2317,,,Uniform sup-norm control for mean-zero bounded-Laplacian functions in cohomologically dominated degenerating Kähler families with Lp volume densities,Vincent Guedj; Tat Dat Tô,,H3,4c469ae2cf047e6d2a26e502f697764b71471cb37899d8ac6f5cbbb9cde60ef1,
2318,,,Geometric l-adic local systems on punctured smooth projective finite-field curves that no family of abelian varieties can generate,Paul Brommer-Wierig; Yeuk Hay Joshua Lam,,H3,a8c00e89b7a3d654bd1913199a1d644bf8ff77c0641bafd7cd3988f02371ff05,
2319,,,Finite-dimensional added-inertia ODE reduction for volume-preserving toroidal solids in axisymmetric irrotational no-swirl Euler flow,David Meyer,doi:10.5802/jep.293:theorem2.2.2,H3,2d77a1701a6abaf0cab157d9139be2c0a7de9362852708eeb437aa4f38b17d78,
2320,,,Non-escape from uniformly expanding finite orbits under C2 random diffeomorphisms with logarithmic moments of order above one,Serge Cantat; Romain Dujardin,,H3,a542a5acea7baf0a8005fd40c02773171898863238dfb9757804ddd1ae603812,
2321,,,Vanishing minimal volume entropy for finite simplicial complexes with fiber growth strictly below the codimension ratio,Ivan Babenko; Stéphane Sabourau,,H3,59ad39e5e13ed410d605ca12b3fc3d504fde18f6691b66440471c933c0c85f80,
2322,,,Arbitrary-order depletion-layer expansion for the continuous half-space Stokes model with smooth compactly supported data up to the interface,David Gérard-Varet; Amina Mecherbet,,H2,105166c35597fe0b876b3c91168f6d3bc025b3bf4ff7f5e82ff2191f9752dec2,
2323,,,Exponential linear instability of every rectangular one-flux lattice for the lowest Landau level equation under strip-periodic perturbations,Pierre Germain; Valentin Schwinte; Laurent Thomann,doi:10.5802/jep.298:theorem4.1-instability,H3,d7500ae66560e1f2a4116824a335b90bb3812f44673a45c1bbfa488f27445ddf,
2324,,,"Ergodicity of nonzero centered linear real extensions of every ergodic symmetric interval exchange, including connections",Przemysław Berk; Frank Trujillo; Hao Wu,,H3,8e2b83cfd8c16d846ab735be06cdc460f16c0ac87a66427f799cf4349409cb39,
2326,,,Global uniqueness of a compactly supported potential from the imaginary Green function on a planar open set,Roman G. Novikov,doi:10.5802/jep.306:theorem3,H3,1e2ac67c6f19d101d3837a934bad136afeeec025163b61bb1ce01f4b6cf14a5f,
2353,,,Polynomial chromatic bounds in terms of clique number for finite graphs of each fixed bounded twin-width,Romain Bourneuf and Stéphan Thomassé,,H3,f0b4d9437a6241933031a61d21e4b9e0310dea88dcf333b64186f1febb9d7ceb,
2355,,,Sharp multiparameter extremal upper and lower bounds for ordered uniform matchings with prescribed collectable-pattern clique limits,Lisa Sauermann and Dmitrii Zakharov,,H3,24f40a6ec64903dcafe1402b9ae3927cfe334b6fe7c9bf77138332c8cfe42a69,
2359,,,Logarithmic blowups of fixed triangle-free graphs with at least two vertices at inverse-logarithmic copy-density loss,"António Girão, Zach Hunter, and Yuval Wigderson",,H3,3ce562f753b06adfb0b2ef7f87b1526b82c6bbb167c42471d8b1b62108012dc0,
2361,,,First dimension-dependent product lower bound for Kakeya sets over Z/NZ with arbitrary prime-power factorization,Manik Dhar,,H3,fb18f4cb293ed0657ed417496be899b35d4c2779316c5c81ac29563efa4c1671,
2367,,,Nilpotent Faber–Krahn and Weyl asymptotic nodal-domain bound for closed equiregular sub-Riemannian manifolds,Rupert L. Frank; Bernard Helffer,,H3,845f496f0213cf77a0caaae509b40e40a73a65db933337dfc31a233ece28e613,
2368,,,Birational description of Fano schemes on two quadrics by symmetric powers of hyperbolic reductions,Lena Ji; Fumiaki Suzuki,doi:10.5802/jep.308:theorem1.3-positive-dimension,H2,29e738b168acf1738acf0037f2d0a7fec943733a7a1c0b2578211532ed70afef,
2369,,,Hyperbolic marked positive-energy rigidity of k-surfaces for negatively curved metrics pinched above minus one on closed hyperbolic three-manifolds,Sébastien Alvarez; Ben Lowe; Graham Andrew Smith,,H2,ba77a16710aeff77b4f60e5b8246279ef3cb0110214960214f70ddda4b482b05,
2370,,,Uniform negative normalized character values for nontrivial irreducible representations of each connected compact Lie group,Skip Garibaldi; Robert M. Guralnick; Eric M. Rains,doi:10.5802/jep.310:theorem18.2,H3,b0669e83c81efcc2fdaf024eefabd08216969e610f5a98da6d36f149fbe04a3e,
2371,,,Uniqueness of harmonic Lagrangian circle-field extensions with bounded antiholomorphic derivative on the hyperbolic plane,Farid Diaf,,H3,3e21a6b92de073a686b438f1c147dbb4e38a7c494cd399646e6139478534b486,
2372,,,Higher endomorphism-bundle cohomology vanishing for strongly amply stable coprime quiver moduli over algebraically closed characteristic-zero fields,Pieter Belmans; Ana-Maria Brecan; Hans Franzen; Gianni Petrella; Markus Reineke,,H3,7bb93873ecc9ff3e8c4dd37e91b24be9f539457d7d162cc4853338b123f86218,
2373,,,A largest perfectoid-purity center and normal quotient for perfectoid-pure complete local rings with perfect positive-characteristic residue field,Anne Fayolle,,H3,c0a5b55619c0ff691ac101c9c902e68616d7030cbfbc3dd5719e7bfece3dd968,
2374,,,Hilbert-Schmidt stability of direct products of countable stable groups when one factor has Kazhdan property (T),Mikael De La Salle,,H2,4baa37300e1bcd583d9ec235e2688c1cd01f302497645cf6fdc2e5d9f5b20d66,
2375,,,Non-archimedean super-rigidity of a Zariski dense discrete group containing a higher-rank lattice,Indira Chatterji; T. N. Venkataramana,doi:10.5802/jep.318:theorem12,H3,35cf16512e67abc43751f72976ea79143785cc154e6cd15d9759fa5829e02363,
2376,,,Logarithmic density saving for integer quadratics admitting unit resultant with some odd-degree integer polynomial,Tim Browning; Stephanie Chan,,H2,3b99b0fa02599f1fb1967625cac3b7fb8e45a7b7e1f6e12b1bb5ecf7d40534f0,
2377,,,Uniform-in-time square-root Hele–Shaw convergence for singular-pressure flows with uniformly convex confining and compatible interaction potentials,Noemi David; Alpár R. Mészáros; Filippo Santambrogio,,H2,c1aac3c01f02264652eea8fadc7665495c22a4b490b240a6e91ec4151fdf977e,
2379,,,Canonical p-adic quantum-connection splitting for closed monotone symplectic manifolds without p-torsion,Paul Seidel,doi:10.5802/jep.324:theorem1.9,H3,597c4779d1780171a2302feefc812fc12847b6cccec278971e9be4165ea079a7,
2380,,,Universal biregular-tree realization of homeomorphism groups of finite regular rabbits with at least three circles at cut points,Bruno Duchesne; Matteo Tarocchi,doi:10.5802/jep.327:theorem1.29-n-at-least-3,H3,63ce21de5c714aa9770f423ab95ffc0217bc1323be53198e0f9da9e7345e3a2f,
2381,,,Complex Fuchsian rigidity of ball quotients with critical exponent two and a compact positive-dimensional analytic subset,William Sarem,,H3,7b3c8720fa905604c12f793481bd1ebd8a953462e12dc2cb97e73a37029209ff,
2382,,,Realization of invariant low-energy measures by magnetic Laplace eigenstates on closed hyperbolic surfaces,Laurent Charles; Thibault Lefeuvre,,H3,df6634a74dff4526675e21b8de16869aa29901a5884cf5052b6d1fde14b9611f,
2383,,,Termination of every log-canonical MMP for Enriques pairs with a primitive Enriques minimal model,Francesco Antonio Denisi; Ángel David Ríos Ortiz; Nikolaos Tsakanikas; Zhixin Xie,doi:10.5802/jep.334:theorem1.2,H3,b97dc46b7b9f3786f57549d06737d8c67a6051302ca608037d341846dc54a611,
2384,,,Base cohomology injects into every neighborhood of a compact gamma support of a completed exact Lagrangian,Marie-Claude Arnaud; Vincent Humilière; Claude Viterbo,doi:10.5802/jep.336:theorem1.4,H3,85e1135ba83e246b829a5ebfb2f4eb19f6304d2e78509f7dc1e21917a0836855,
2386,,,Virtual duality and non-simple-disc dualizing modules for unmarked handlebody groups of genus at least two,Dan Petersen; Richard D. Wade,,H3,2bf787e67a8c3ae954f1da940381131395085272d72180e64649fa1150063e3b,
2387,,,Semialgebraically connected smooth intersections of two quadrics in projective five-space over real Puiseux series that are not stably rational,Jean-Louis Colliot-Thélène; Alena Pirutka; Federico Scavia,,H3,191d698160b8c625e3b74d84521eff6a22fb99bdba7c6a12d8f8fc2f985ff3a8,
2411,,,Strong separation of every ordered pair of distinct graph edges by at most 19n simple paths,"Marthe Bonamy, Fábio Botler, François Dross, Tássio Naia, and Jozef Skokan",,H3,2c866771154a14939fe9ac46a177cf7ed0f5e6a1e8346090e167d8081f81ac42,
2413,,,Annealed multifractal exponents of the leaf-growth measure on uniform plane binary trees,Alessandra Caraceni; Nicolas Curien; Robin Stephenson,,H2,d0b8c197cc0a82b0089eb38c78489be305f2929dff40e03f25a1cca3cbd49b95,
2414,,,Nontrivial determinant homomorphisms on birational groupoids of Severi-Brauer surfaces over perfect fields,Elias Kurz,doi:10.5802/jep.347:5.21-nontrivial-perfect-field,H3,714200f01a7adaefba9de6f2202f865598c5e44a46c007d3e523e50d0b62eafb,
2415,,,Past-to-future Poincaré inequality for arbitrary hypoelliptic commutator chains,Francesca Anceschi; Helge Dietert; Jessica Guerand; Amélie Loher; Clément Mouhot; Annalaura Rebucci,doi:10.5802/jep.350:theorem3,H3,0491bb849f6468ac10bdc0ff2a10bce965fdc341ead6505d8a88f7d059665d78,
2416,,,Simple characteristic quotients of torsion-free non-elementary hyperbolic groups embedding any countable group with prescribed torsion and outer automorphisms,Rémi Coulon; Francesco Fournier-Facio,,H3,cbb28a8664e99eea9aedce812eb195c402a6c01909cca345124ce2a3f0688e47,
2435,,,"Single-graph realization of 2-a/b extremal exponents for b at least max(a, the square of a-1)",David Conlon and Oliver Janzer,,H3,355d4ffe8ded94f3a890fb640c33ba6b98821654d64897292b21863b98b0e750,
2441,,,"Subset-sum range bound from a large Bernoulli atom, with square-root epsilon exponent","Vishesh Jain, Ashwin Sah, and Mehtaab Sawhney",,H3,29b640bbd01a15b80b83d31090de8946d5e9aeaa47c395131dce9debdfd9711d,
2443,,,Centered colorings with O of p times maximum degree to the power two minus one over p colors for finite graphs,"Michał Dębski, Stefan Felsner, Piotr Micek and Felix Schröder",,H2,7d871d43eedd418ad0cb0449c7515b067cd26639b68e8619095c32a6052e1249,
2445,,,A small-tripling ball in a finitely generated group uniformly bounds later scales with new defining relations,Philip Easo and Tom Hutchcroft,,H2,d710c689d170eb4cac831f826d7d908bd3a0ea23edd818c077606a8160afbcaf,
2446,,,Fibonacci-partition power sums have algebraic growth exponents whose exponential scale tends to the square root of the golden ratio,Carlo Sanna,,H1,fae6a8dd51fb8a4f49eb924f57b0a3d86d8a450ef25f90bdc77dea95e4ce4584,
2449,,,Three-uniform hypergraphs avoiding e edges on e+floor(log₂e)+38 vertices have a polynomial saving below quadratic size,"Oliver Janzer, Abhishek Methuku, Aleksa Milojević and Benny Sudakov",,H2,5d15dfbc3582546bbcb0d45748a4cdd5c77cae1a18507851ff0af3987f8da408,
2451,,,Boolean functions with bounded sensitivity p-moment for p uniformly above one half admit exponentially sized junta approximations,"Ronen Eldan, Guy Kindler, Noam Lifshitz and Dor Minzer",,H2,62258b7c35af44361692dd83bb498964e13466c3a24c48a84ca87c86ded3a4d4,
2453,,,Small doubling of sufficiently large powers of symmetric open sets forces bounded tripling and an approximate group in locally compact groups,Romain Tessera and Matthew Tointon,,H1,f8e0a81a0bb832ed9b1ff0b3c6c6ebd11879136770790ee479eaf0b1bae51a32,
2454,,,Random alteration and difference-configuration rank bounds produce sub-n^c difference sets with quadratic local distinct-difference requirements,Sanjana Das,,H2,230a29751a3ceefbd0af9497da0a8ad4755464935dd30a44f6b94157c7a6e9e1,
2455,,,Finite measurable partitions of compact abelian groups have a cell whose φ₁(A)−φ₁(A)+φ₂(A) contains a uniform Bohr set for commuting finite-index endomorphisms,Anh N. Le and Thái Hoàng Lê,,H2,4c81ee30f75db1c50ebbc81c52930fa5175200e1344499cd303bec6107468cdb,
2456,,,Positive-measure subsets of compact abelian groups have Bohr neighborhoods in triple endomorphism sumsets for commuting finite-index maps summing to zero,Anh N. Le and Thái Hoàng Lê,,H2,c9a9df272764f93df67286142785da041838678d1a131465086310020727b0bc,
2467,,,Edge-inducibility at most k over k minus r ell times one over e for hypergraphs with maximum nonempty edge size r at least three and one at most ell less than k over r,Jacob Fox and Lisa Sauermann,,H2,331b837742a6c8dc0bced135c47cd54fe695ca52c3a36ecc9b15ee91d78524b3,
2468,,,Integer vertex weights deciding every finite graph tangle by strict separation-side majority,"Christian Elbracht, Jay Lilian Kneip, and Maximilian Teegen",,H1,9f7ad528e24f5e2a35514ca0dc36ed9640fec0838d48f693464f089b8769dad9,
2469,,,Real orthogonal signings of the folded cube exactly in dimensions zero or three modulo four,Noga Alon and Kai Zheng,,H1,efb616576c2f514c066f46b772b5add00ab8f3a03a0b8c1f8f35420bd1052f78,
2470,,,Finite metric spaces with rationally independent edge lengths are determined up to isometry by their magnitude functions,Jun O’Hara,,H1,524025c9e759e4b29c70f514e1696ff39e4eda117a62b1db1414287cd8e2f01c,
2471,,,The basic SDP decides an ordinary finite-domain promise CSP exactly when the orthogonal-vector SDP minion maps to its polymorphisms,"Joshua Brakensiek, Venkatesan Guruswami and Sai Sandeep",,H2,03e49234f51dee756e8be7f4aa07994a96614e101e6d27d479a5e934b37e04be,
2472,,,Concise order-three tensors over any field have asymptotic subrank at least the cube root of their smallest dimension,"Jop Briët, Matthias Christandl, Itai Leigh, Amir Shpilka and Jeroen Zuiddam",,H2,67b0549c6f56dfb5a400dc52a9ef4a0eeb4f8205d993358fe4b916541b3c0246,
2473,,,Sufficiently narrow concise order-three tensors over any field have maximal asymptotic subrank equal to their fixed third dimension,"Jop Briët, Matthias Christandl, Itai Leigh, Amir Shpilka and Jeroen Zuiddam",,H2,0705a0d66cd40fc368b2f55a7f1e27cb53c00c0dddf7e724fe1eca73525ccb2f,
2474,,,"On connected periodic planar graphs, sufficiently dense zeros force positive-weighted harmonic functions to vanish in inner balls","Ahmed Bou-Rabee, William Cooperman and Shirshendu Ganguly",,H2,ce12565b33b813ea72a4183c3913a2083e542800d7fce980a59af0b7491faf7a,
2476,,,Sharp upper-bound constructions for prime-field Furstenberg sets of affine k-planes in every dimension,Shengwen Gan,,H1,f15985a27a2a23b80b3b60524f9934ef94ac755ffe06116ff35b7645efcabafa,
2481,,,Color-avoiding tight monotone paths using more than half the colors have Ramsey tower height one below the monochromatic bound,"Eion Mulrenin, Cosmin Pohoata and Dmitrii Zakharov",,H1,3ce668cd81f7dffd7dde0157df4c4662de6d1819fe938bd0f125d97c6020acb4,
2497,,,Slice rank of tensor subspaces over any field is bounded by (d/2+1) times its rank over the algebraic closure,Qiyuan Chen and Ke Ye,,H1,2ce8135332130903b6d71322affddd95a8eb022616f6bdb474bdb402bd0de69c,
2507,,,"Uniform-in-time quantitative empirical-measure convergence for one-dimensional Riesz gases with exponent between one and two, quadratic confinement and vanishing noise",Arnaud Guillin; Pierre Le Bris; Pierre Monmarché,,H3,e121edc42d54beca08707d77a4fbaca235d89776461182bf23e10b54026e7ee3,
2508,,,Canonical Borel–Serre isomorphisms of rational intersection line distributions for constant-rank bundles over locally projective flat families,Dennis Eriksson; Gerard Freixas i Montplet,,H3,f7e24e27b9c4771d3f0847bf493d70571e313593bc8aaf01d5fa520f6f659cfc,
2511,,,Global meromorphic continuation of Lie-derivative resolvents for smooth Axiom A flows with strong transversality on closed manifolds,Antoine Meddane,,H3,845a3a3fa3c1ea8a745e7cc396daba30be284b40248b98e69e32ca51f3eeccc2,
2512,,,A priori estimates for the high super-actions,Joackim Bernier; Nicolas Camps,10.5802/jep.300:proposition2.18,H3,ac7dddc379d2ce76643b49c2831e80c0cf7dd567264e429bc5ef9993e1254ec0,
2513,,,C-zero stability of visible length spectral values within primitive flat knot types on closed Riemannian surfaces,Marcelo R. R. Alves; Marco Mazzucchelli,,H2,11415c54ffd8ad6a5136f3a59d4bca6accd55a338769359f2e1d1be1e711c732,
2514,,,Counting low eigenvalues of tangential Dirichlet Witten Laplacians on compact oriented manifolds with Morse potentials and locally characteristic critical boundary points,Tony Lelièvre; Dorian Le Peutrec; Boris Nectoux,,H3,d5ae07cfb1da15a95d651ded3c11a8fa530120f88fc4025543df3c2e8470efbc,
2515,,,Unique conformal matings of factor Bowen-Series maps and connected-Julia hyperbolic polynomials,Mahan Mj; Sabyasachi Mukherjee,doi:10.5802/jep.315:theorem3.2-factor-Bowen-Series-mating,H3,e4b86c225e540d8204c0b6631c3cd7b294b9e7af545ddb3288c0bcb5d96359f8,
2516,,,Uniformly bounded expected logarithmic prime-factor discrepancy in couplings of random integers and parameter-one Poisson–Dirichlet sequences,Tony Haddad; Dimitris Koukoulopoulos,,H3,01ada8c0f29e6845a2d109c83e00d00db266c4d3b3ac53b529962bb325eb9615,
2517,,,Hidden surface-elevation trace regularity for subcritical linearized two-dimensional irrotational shallow-water transmission systems with an interior elliptic region,Tatsuo Iguchi; David Lannes,,H3,0dbe540536a5b6839a869a350436fd0d7fd1a6da1c5c12a58212461edc146171,
2518,,,"Quantum Harish–Chandra isomorphism over C(q,t) between the quantized multiplicative Jordan-quiver variety and the spherical GLn double affine Hecke algebra",Joshua Jeishing Wen,,H3,397158aa37de1acce9477ee3dc5f8d59c0bb1bb0f2bd7e38f7f84761d25edc6c,
2521,,,Non-vanishing away from the origin for Fourier-transformed tautological systems of very ample equivariant line bundles on projective homogeneous spaces,Paul Görlach; Thomas Reichelt; Christian Sevenheck; Avi Steiner; Uli Walther,,H3,c32622068840ff7a63b4f43ab084bc8e2863f8fc6e4e7983f6bf14a1fc10188a,
2522,,,Closed embedding of rank-two Donaldson–Uhlenbeck–Yau moduli from the projective plane into a very general genus-two K3 double cover,Laure Flapan; Emanuele Macrì; Kieran G. O’Grady; Giulia Saccà,,H3,6915482ddd40e46cbe3e4bb2c73bbfd31d569b2c9c2b6ba3990e28b53286b255,
2523,,,Arithmetic genus of compactified generic isoresidual curves with two zeros and only simple poles on the Riemann sphere,Dawei Chen; Quentin Gendron; Miguel Prado; Guillaume Tahar,,H3,e861011bbfceefb88e46989df23da1fdfe41a5662c66eaf72022c33920e729df,
2524,,,Four-variable p-adic L-functions for GSp(4) x GL(2),Zheng Liu,10.5802/jep.342:theorem1.1,H3,81a456025a28f5ba6b7c125210846dfcfc1c79b6607edf94c15f87e744f81221,
2527,,,KKL type and Rademacher type 2 of normed spaces are equivalent with universal comparison constants,Paata Ivanisvili and Yonathan Stone,,H1,95edb1a64f87e7e31f082483c13fa54baf11d17bd64c402e568f67c54d9383c0,
2531,,,Independent dense coordinate restrictions preserve a fixed proportion of every natural tensor rank with exponentially high probability,Jop Briët and Davi Castro-Silva,,H1,695c78620a2656f6ab87dc8f838ba9f8ef6be42567711a4f523aed5fee69768d,
2532,,,Dense random coordinate restrictions preserve a fixed proportion of sufficiently large natural polynomial-map rank over every field,Jop Briët and Davi Castro-Silva,,H1,e5de9d4f4225a0083a993b3e77093a2d1f613936bc4ea892467c41026a34da84,
2534,,,Every real inflation factor greater than two is realized by an infinite compact-alphabet substitution whose words define Delone tilings,"Dirk Frettlöh, Alexey Garber and Neil Mañibo",,H1,38969c32eaa0896f4d8768a1bbf42a118ed8c18d94f1f824d90f41b0136f2a80,
2535,,,Nonzero multiplicative-function coincidences along coprime positive affine forms have logarithmic density zero when nonunit-modulus primes have divergent reciprocal sum,Alexander P. Mangerel,,H1,259d0496f6dc91d0804481a2e1ac014a75b68a67195186fb6de83a9bb445fe22,
2536,,,Time analyticity of bounded zero-observation semilinear skew-adjoint evolutions with compact analytic nonlinearity,Camille Laurent; Cristóbal Loyola,,H3,0e5b6c8c13aa1356ba7fe663db68645914e57e7bab0e6e928f9b93b10ea9392f,
2537,,,Exponential rarity of strongly expanding orbits with sparse geometric times for C-r interval and circle maps,Alexandre Delplanque,,H3,8c4e8c00e17ec48f509eb070c5debbb48bb9df53f05386909b7694df1cac6df8,
2538,,,Uniform semiclassical phase mixing and scattering for the linearized Hartree equation under uniform Penrose stability,Marnie Smith,,H3,cfaf4e418658be519ee6848ba36ee1bf60eae2a5501673096745084b40055652,
2539,,,Strong L2 compactness through possible contact for vanishing structural viscosity in periodic two-dimensional fluid–beam systems,Jean-Jérôme Casanova; Céline Grandmont; Matthieu Hillairet,,H3,1a70b67755fc3c5304d9b9b554ba089cf0a9e6230c652a76a99fd551d5316c01,
2540,,,The associated graded module of a quotient of a generic nonsplit mod p GL2 representation,Christophe Breuil; Florian Herzig; Yongquan Hu; Stefano Morra; Benjamin Schraen,,H3,07aaa3c7c4eb0c2b55f8319ecf9d4445777df56204b78a9f6d7e14897c815d2e,
2552,,,Invariant random Schreier decorations of simple regular unimodular random rooted graphs of even degree at least four,László Márton Tóth,,H2,ae61f4efa7147e49747d8ea90665bf46e2d814578cd2699dcb29b14bad13c27d,
2553,,,Unique least-energy hyperbolic metrics for connected finite weighted graphs surjecting onto the fundamental group of a closed surface of genus greater than one,Toru Kajigaya; Ryokichi Tanaka,,H2,d1926a6cbe7618e2724f1cade2a74001a0250c604e8e8408f7af3a717bf06512,
2569,,,"In each fixed dimension at least three, every two-coloring of a sufficiently large Cartesian product of cliques contains a product of n-cliques monochromatic in every coordinate direction, with a doubly exponential bound in n^d","António Girão, Gal Kronenberg and Alex Scott",,H1,9956a19c94c9368bcbadd4a9d1ecbfce41b7e57c1fac57471cfc81ab00b2f8c3,
2570,,,Local inessentiality of a singular infinitesimal automorphism of a real smooth parabolic geometry is equivalent to its singularity holonomy being P-conjugate into the grading-scale kernel,Jesse Alt,,H2,223fcaf2c57adfb78563f8c909c0590abc18de23ab5254004242fdf6e9c25994,
2571,,,The normalized first and second Fourier transforms on quantum Euclidean space are mutual inverses on the specified polynomial-Gaussian union spaces for zero less than q less than one,Kevin Coulembier,,H2,7fecf79f7e3a86c7c9f9cf8967c44fee9d0f476c7279935b5c5a3a6bf8aa21dd,
2572,,,Factorization of every projective BGG operator on real projective space with the standard round connection into explicit second-order curvature factors followed by its Young projector,Michael G. Eastwood; A. Rod Gover,,H2,a16310e9c8e3cb8646e027cfdef8302c8aa26dc001ca75eb34158f15baa2fbd5,
2573,,,An explicit defining presentation of the diagonal gl n reduction algebra for n at least four over its localized Cartan enveloping algebra,Sergei Khoroshkin; Oleg Ogievetsky,,H2,663886ffde8df888d76334169805e9849bfcd3b784c5c1357c802e99e6da9dfd,
2574,,,The center of the universal Askey-Wilson algebra over a field is freely spanned by monomials in its Casimir and three specified central generators when the nonzero deformation parameter is not a root of unity,Paul Terwilliger,,H2,1716026fc1717e8ca7e8568d6af3dd0d447b8f4477434905febb2049a6cc0949,
2584,,,"Every spectral subset of the cyclic group of order p squared times q times r tiles, for distinct primes p, q and r",Gábor Somlai,,H1,0e837d6a1d014077b40fde6f4f1aed1228429399be611604d9cc8611a0e90a54,
2589,,,An alternating form space on an n-dimensional vector space over any field has an s-dimensional common isotropic subspace or surjects onto all alternating forms on a t-dimensional subspace when n is at least s times t to the fourth power,Youming Qiao,,H1,43469afe52f2f3fa6cdc05e68de714a8b23319398c167542e921bdd9b6ce6d4f,
2590,,,"For rational 1 < k < c < k squared, SAT has no eventually successful nonuniform refuter of size n to c against co-nondeterministic circuits of size n to k",Lijie Chen; Jiatu Li; Igor C. Oliveira,,H1,12e04add5cb96e09d760fe4cddebad14cb30274df635a1ae24b50bde6de93103,
2593,,,Left exact profinite fundamental groups and algebraic base change for commutative pro-algebraic groups over perfect fields,Michel Brion,,H2,3c2035d4b8d402a8e7716db2812177926f099ab68f748202cbdf3882b1bb06c6,
2594,,,Relatively proper affine isometric cocycles in mixed lp–l1 normed spaces for finitely generated relatively hyperbolic groups,Indira Chatterji; François Dahmani,,H2,588359f4eaa54ce75ac35eda52c323362afdf6303f4c59ffebc96dbdcea970d2,
2595,,,A KKL influence bound for monotone Borel events under nondegenerate correlated Gaussian measures,Alejandro Rivera; Hugo Vanneuville,,H1,a2ec42489117582976c531325319b669715269afe5a84876e8d02f7b39cfaa01,
2596,,,Half-order quadratic Wasserstein convergence of the Cartesian upwind scheme for globally Lipschitz semiconvex pointy aggregation potentials,François Delarue; Frédéric Lagoutière; Nicolas Vauchelet,,H2,3c733456b0c342a85c159adfbe8ed891b9e3cbb2b27ac2ed40c841197f30a95c,
2597,,,Ehrhart h-star polynomials of consecutive-coordinate lattice polytopes as descent enumerators of circular extensions,Arvind Ayyer; Matthieu Josuat-Vergès; Sanjay Ramassamy,,H1,2fa0ebf07d7ceb9ad0b90e5b587581233c2a382443c0d186e0c061d246b66936,
2598,,,Weak-disorder irrelevance and the free-energy critical exponent for the generalized Poland–Scheraga model with loop exponent between zero and one,Quentin Berger; Giambattista Giacomin; Maha Khatib,,H2,27dc29126dac18f3e391c46615c1487c41c0808d137ab5cf6e4381126ebc2141,
2599,,,Reidemeister-torsion holomorphic volume in trace coordinates for good SL2 complex representations of free groups off the specified critical locus,Michael Heusener; Joan Porti,,H2,9807778db148a951c49b649a8f67a5fdb2b9079f67a7ad1bb1be8ae8d1f87805,
2600,,,Periodic warped universal covers of closed oriented and time-oriented Lorentz three-manifolds with noncompact isometries and a nonhomogeneous hyperbolic integrability component,Charles Frances,,H2,ee473b48974a9384b21201109125a6f7285f545f3f4731f0cb4378210d847a52,
2601,,,Rationally connected smooth projective targets of lower-dimensional or codimension-one ramified dominant rational maps from Calabi–Yau or irreducible symplectic varieties,Vladimir Lazić; Thomas Peternell,,H2,4032e29068bd1ce149acee5bd2de866307d7b8cc4689ccb7b4555ba7f87f67aa,
2602,,,Strong Navier–Stokes–Fourier limits and fluid-lifespan lower bounds for well-prepared hard-cutoff Boltzmann fluctuations on two- and three-dimensional tori,Isabelle Gallagher; Isabelle Tristani,,H3,89bf65ca79325c655e9b47c25d21974a027f92115d2dfd3f74b6cbe5e9022a07,
2603,,,Christopher’s polynomial moment composition criterion with noncritical endpoints over the complex numbers,Lubomir Gavrilov,,H2,b23637254772c45c803b831c81abd963dc9f19e5a31b8864014545f8d04cbdae,
2605,,,Uniform block moment interpolation for positive real spectra with weak-gap parameter at most one and canonical separated grouping,Assia Benabdallah; Franck Boyer; Morgan Morancey,,H2,140c5db0a79f99587bd4a9f87ba47e19c31295280e96bf65bcf9de7651227cf7,
2606,,,Strong Malthusian convergence in L1 for conservative growth-fragmentations with bounded fission and a strict boundary growth gap,Jean Bertoin; Alexander R. Watson,,H2,033c00d3142f5ca3a7f66d8456899ab9a1ba555361027bf2b06d51393ff77fb5,
2607,,,Multiscale Poincaré inequality for stationary product transformations with annularly measurable successive action radii,Mitia Duerinckx; Antoine Gloria,,H2,a31fd4ef1ddc9e36a7ac48cc305a7b2ceb13108a3c545954d816664fe8740e6b,
2608,,,Weil–Petersson cosine formula for transversely intersecting balanced geodesic graphs on closed oriented hyperbolic surfaces of genus at least two,François Fillastre; Andrea Seppi,,H2,0754e95c82ea401689f214e47bbf8ff9ad4a43561ca1d754dafa0818f43a37d3,
2632,,,Finite torsion-free rank is equivalent to absence of infinite-cyclic wreath sections for finitely generated soluble groups with Krull dimension,Lison Jacoboni; Peter Kropholler,,H2,bbd66948946ec57f2425d0dee2d4769f23d1f84ef017cc86c9d8003491af99e9,
2633,,,Smooth marginal densities for finitely delayed Brownian equations under the uniform strong endpoint Hörmander condition,Reda Chhaibi; Ibrahim Ekren,,H2,de540727f87bbf04b199212ad433033122d18f3a096b6614442e96ffe2f74b49,
2634,,,Semi-orthogonal decomposition of perfect complexes on blow-ups of derived Artin stacks in quasi-smooth closed centres,Adeel A. Khan,,H3,7f6e647bf48bc2b41d4a955bcc1d3771946dd775f4eda02808a84013fa2b79c1,
2635,,,Small regular Seiberg–Witten perturbations without irreducible solutions on Solv rational homology three-spheres with sufficiently small torus fibres,Francesco Lin,,H2,36675d43d5d1dc7452755d4a481a200f4f3341b0a953931a109d0d5a568e9815,
2636,,,"Ten projection involutions generate automorphisms of Hessian Enriques and Coble surfaces with Sylvester parameters (1,1,1,1,t) with nonzero t over algebraically closed fields of characteristic different from two and three",Daniel Allcock; Igor Dolgachev,,H2,598c39983391ee79e7c3fbef80866b64ec1d14997a8db6274a04beaf9db2b85d,
2637,,,The half magnetic Drude parameter lies in the essential spectrum of the augmented operator for polygonal two-material cavities with nonintersecting interfaces,Christophe Hazard; Sandrine Paolantoni,,H1,be71a803e10357f2b7edc4537af017a290a9a108e871c981b382c5499d15f099,
2638,,,Semilinear wave stabilization on compact connected surfaces with integrable semi-uniform linear decay and a boundary-free pseudoconvex foliation sweeping from the damping region,Romain Joly; Camille Laurent,,H2,010285d07b4d24f11c61792e0269fb866ff584e3bd8dc59c32a93fbad975692c,
2639,,,Quasi-isometry invariance of continuous regular-representation Lp cohomology for unimodular locally compact second-countable groups,Marc Bourdon; Bertrand Rémy,,H2,bae199dfa5b64f1fe401bb0bab28ce137e02a68c256f9d69294584145fb315ef,
2640,,,Bilinear and symmetric linear determinantal representations of the minimal quadrature node curve for positive nondegenerate moments of even degree at least four,Grigoriy Blekherman; Mario Kummer; Cordian Riener; Markus Schweighofer; Cynthia Vinzant,,H1,472ed4c2f7edceb544b5b8873719eb335930007f2da3627dcc288a714ba39ff6,
2641,,,Laplacian spectral approximation and smooth eigenfunction compactness for Berezin transforms on closed connected quantizable Kähler manifolds,Louis Ioos; Victoria Kaminker; Leonid Polterovich; Dor Shmoish,,H2,f7bb83fd351cccc76d0c28e2e044b8908fe5c906acbd59de76b121b775ec3246,
2642,,,Determination of nondegenerate finite signed measures by all convolution restrictions to the positive half-line,Mateusz Kwaśnicki,,H1,5a280b33227c37c2fb7f5c125896cfdfeca8a2c2112ca9f31648af8f7fa62a88,
2643,,,Rational points over global function fields from homogeneous characteristic-zero lifts over complete mixed-characteristic DVRs with relative Picard rank one and universal torsors,Jason Starr; Chenyang Xu,,H2,be5cdfbf02f5b8e8ee9d78f56d91d12312d4eadef4d5b0733460bfa00a8898a4,
2644,,,Local consistency of the vanishing three-by-three determinant equation on every straight and bent elementary square in a three-by-three-by-three cube under the prescribed nonzero initial minors,Oleg I. Mokhov,,H1,33cb53ac5542d0dd1a44e7302c81f93c5667b4b0063bca9362f9bae977230b3b,
2645,,,"Unitary decomposition of the specified discrete-pair plus strange-pair coproduct representation of U q su(1,1) when k1 and k2 exceed one half and their difference has absolute value at most one half and zero less than q less than one",Wolter Groenevelt,,H2,3ec6f10b3e3bad620e467f6d98dac21417610d240683bc807bbffefef4c07c17,
2646,,,"Explicit unitary spectral transform of the specified bounded radial Laplace-Beltrami operator on quantum complex hyperbolic space H n,m for n and m at least two and zero less than q less than one",Olga Bershtein; Yevgen Kolisnyk,,H2,184df98badf5a8224ed66d33b3c6b52b65c32d7668fca381f5a4e3c0b26c5823,
2647,,,"Spherical Plancherel-Godement decomposition for a unimodular locally compact quantum group with compact closed subgroup, type I spherical dual and separable spherical and full universal dual C star algebras",Martijn Caspers,,H3,436db4db6c26531e35093f3b088e082f56b13c9285345766fe84d9ca34f87de8,
2648,,,Every holomorphic parabolic geometry with effective adjoint model on a compact complex manifold with trivial holomorphic tangent bundle descends from a left invariant Cartan geometry on a complex Lie group,Benjamin McKay,,H2,ed661b000c5dc06df0276f553e574d03f434ced27e31c7abcd385a393a166db1,
2649,,,The explicit universal Askey-Wilson homomorphism into U q sl2 tensored with the Laurent polynomial algebra in three independent indeterminates is injective over a field for nonzero q with fourth power different from one,Paul Terwilliger,,H2,947d154910a01b517e52746847a944508607aa3efd18cf7395d8783c7fd079bf,
2650,,,"Five minimal four-hyperbolic-gamma integral representations of the relativistic conical function for positive step sizes, real arguments and coupling strictly between zero and their sum",Simon Ruijsenaars,,H2,31d3d721fbac9834dfef6a0fc7e61d9238eb512f194dae6a801e460851c00615,
2651,,,"Parking on large conditioned critical Galton–Watson trees with aperiodic finite-variance offspring and finite-variance arrivals of mean at most one has the moment-determined subcritical, critical and linear-flux phase transition",Nicolas Curien and Olivier Hénard,,H1,43efd225a027b7fa4e2013f4ce0f513ad8c9bc905e0e55f5c188dd3ca7c844c8,
2657,,,The probability that a uniform permutation has no cycles of length at most m equals its Poisson prediction with a uniform Brun–Hooley sieve error exponential in n divided by m,Kevin Ford,,H1,969be3f8adcb7b7600b838e50d51b43ae77e27f89e6f37806014e3f271da65d7,
2658,,,"For integer linear forms with independent degree s plus one powers, a small Gowers norm of one nonnegative bounded function controls their multilinear average without a flag assumption",Daniel Altman,,H1,ce97e1125b6ada86fd01f39c3be6d83f66e0020ef302a176cde3b87ace822988,
2659,,,"For every positive modulus, sufficiently high distinct-wise intersection divisibility bounds a set family by two to the floor of n divided by the modulus plus a constant, with no constant for large divisible n","Lior Gishboliner, Benny Sudakov and István Tomon",,H1,52cef25e4fdf759db5096690f1ce62a3ecc0dfcadbb6a660f757132955efe9db,
2660,,,"Over every finite field other than F2, the slice, geometric and analytic ranks of a three-tensor satisfy SR at most three GR at most 8.13 AR",Alex Cohen and Guy Moshkovitz,,H1,87b803d2f459c9b4d9af34f446dd060f89ef13b7e454c485618974be7e2661fd,
2661,,,"Routh reduction by stages for free proper actions on hyperregular G-invariant G-hyperregular systems with an equivariant normal-subgroup connection, connected restricted isotropy and compatible regular momenta",Bavo Langerock; Tom Mestdag; Joris Vankerschaver,,H2,92bdd8ee16b9e68ad71de641fe4b7d8ceb2cd94585fb2d692f7913fd181ceb3c,
2677,,,"In characteristics two and three, a bounded function with large Gowers U4 norm correlates quantitatively with a cubic phase, allowing a nonclassical cubic in characteristic two",Jonathan Tidor,,H2,d92ca7eb348b0eb9abfccd1af7d6db8c1429539494b71ad48d22419b33d28748,
2678,,,"Every full-dimensional finite subset of real d-space for d at least four has difference set size at least the sharp coefficient two d minus two plus one over d minus one times its size, up to a dimension-dependent power-saving error",Akshat Mudgal,,H1,d5c009fa15b4521e4ae8418feccda9bce61b8631f37ba3fbe3a634ef46d9e3ab,
2681,,,A nonnegative integer multiset with two-prime cyclotomic divisors at r distinct positive p-exponents and total weight indivisible by q has at least p to the r elements,Izabella Łaba; Caleb Marshall,,H1,fb9634668d10ff9c3a1ee0f3b0429689d392d187dfeced892878897708577f49,
2682,,,Large-intersection limsup sets from uniformly bounded inhomogeneous dyadic energies converging to compactly supported non-atomic probability measures,Tomas Persson,,H1,0e1c40b3e1f575557a8bd0462773de7cce29b808073c4500f479f4788b3a59f9,
2683,,,Realization of every finite polynomial entropy greater than two by smooth Brouwer plane diffeomorphisms arising as time-one maps,Louis Hauseux; Frédéric Le Roux,,H1,35d85058f7f98b16bddd411cab576371b0a243511e988110d9f58e30e884ad21,
2684,,,Ramsey coloring characterization of fixed points for supremum-and-factor-closed ambit classes of countable relational Fraïssé automorphism groups,Lionel Nguyen Van Thé,,H2,e4aff031a44dfe49fa941b2eeda94bde953348e79145b768530aa8fa724afa38,
2686,,,Closure of kernels of real hyperbolic type under powers between zero and one,Nicolas Monod; Pierre Py,,H1,aeafb252b624360c17059db63fb2053e8a49a403034182478fa87e8c99d267b2,
2687,,,"Quadratic critical smoothing for pinning with two exact power-law renewals, disorder exponent greater than two, and inverse temperature below one",Dimitris Cheliotis; Yuki Chino; Julien Poisat,,H2,240417b546e8cd3965deb97c706d838fa3575aab4bd61b87fa4ca76e27108a7d,
2688,,,Arbitrary-time Schrödinger observability from nonzero nonnegative L-four weights on rational rectangular two-tori,Nicolas Burq; Maciej Zworski,,H2,963306258920ae173a969432e7932b85c43bcd9bd8a6c8e00c10b802f54aef9d,
2689,,,Uniform limiting visited fraction in dilated bounded open planar sets for simple random walk conditioned to avoid the origin,Nina Gantert; Serguei Popov; Marina Vachkovskaia,,H2,5d21af65e02438361908fd5d03438a914b57532debd3c92c500fbc791ec9f0e0,
2690,,,Uniform convergence and isogeny invariance of renormalized Fargues polygons for finitely presented Breuil–Kisin–Fargues modules over perfectoid extensions of p-adic fields,Christophe Cornut; Macarena Peche Irissarry,,H2,fc3198afdb63f0cfc3f1aa012809de6d27e5c6d6c832ef84c26bb526739696d8,
2691,,,Unique atomless stationary Berkovich probability measures for finitely generated non-elementary random matrix groups over the complex Laurent-series field,Romain Dujardin; Charles Favre,,H2,8c5ce399c36096b9a13ee3fec81e0a4caefb0f2fd08563c6f66ee420b6c13af4,
2744,,,A matrix-frequency Schwartz characterization and bicontinuous Fourier isomorphism for real Heisenberg groups,Hajer Bahouri; Jean-Yves Chemin; Raphaël Danchin,,H2,a81029ad805d9ce3dc6850b32ed2a8ad2d973b0356d981539da396d54c35184d,
2745,,,Universal weak Gaussian profile for global isothermal fluid weak solutions with bounded rescaled pseudo-energy and finite dissipation,Rémi Carles; Kleber Carrapatoso; Matthieu Hillairet,,H2,49c7af6fad91280b42cb0801028108cb2c7be446b616ad04f4ca492363ada850,
2746,,,Uniform inverse Gaussian local limits for Cayley-weighted offspring sums when the white population is of square-root order,Valentin Féray; Igor Kortchemski,,H1,11e7838d6dc27fa3f3ab44e8b59b9c5d59cc449140e1cfc2480fceab4409c3d9,
2747,,,Unbounded numbers of inequivalent degree-four-d-zero polarizations on complex projective K3 surfaces for odd cube-free d-zero,Daniel Huybrechts,,H1,4a51e93a1b640033fa7586bb9a689481a163937450c623c1d205b799550c76ed,
2748,,,Quantitative Wasserstein convergence of ensemble-averaged unitary Brownian spectral measures with the scaled trace metric for N at least two,Elizabeth Meckes; Tai Melcher,,H1,cb0a1f43a228d5374cd098ae8001552befaf38acecc367c109b1c5cfd692f2c5,
2749,,,Vanishing of finite-exponent ell-q-p cohomology of Carnot groups above the maximal consecutive Lie-cohomology weight gap,Pierre Pansu; Michel Rumin,,H2,a96f24cba02a48e292fa72cf979b108a7c14222738bec42720b051554d24d096,
2750,,,Uniform exponential decay for the free positive-mass Klein–Gordon equation under rescaling of continuous periodic damping satisfying geometric control,Julien Royer,,H2,6a225196434b33dc621aae23106cafff3589cbd9e49a431eda69dde21f2a2e8c,
2751,,,Dimension at most k minus one for rational-equivalence orbits of effective degree-k zero-cycles on complex abelian varieties,Claire Voisin,,H1,cc078a3cd0b79a4a918fdd1e8e56ab04bf180395ac608d1e8231aaea1144d30f,
2752,,,An explicit n-minus-one-parameter family of local isometric deformations of a complex quadric with distinct nonzero axes into complex dimension two n minus one shares spherical conjugate coordinates and generically nondegenerate joined second fundamental forms for n at least three,Ion I. Dincă,,H1,2ed7e701fcefbb0d11ae12087d1cf63aa32702765dbfe1ca0371f9ea3beea79e,
2753,,,"Strict dominance ordering and unique minimal-energy multiplets at fixed particle number for finite open SU(N) extended Hubbard chains with N at least three, positive hopping, exchange and pair hopping, and real number-dependent potential",Tigran Hakobyan,,H2,a6aa23077a8cb82fd49cd5734852266276a3bc41449191cfd6aa6bd203ca0d0c,
2754,,,Joint time-evolution orbits of the periodic binary box-ball system with every amplitude one through N present and positive vacancy numbers are finite integer tori with explicit internal-symmetry period matrices and translation velocities,Taichiro Takagi,,H1,55765dff828bcf61c4ce77f64ade9f2846872cf951b0605c7819122df0d608a4,
2755,,,"For closed oriented three-manifolds with a fixed distinguished two-tetrahedron framed-knot chain and nondegenerate Euclidean geometrization, acyclicity and normalized geometric torsion are preserved by relative triangulation changes",Jérôme Dubois; Igor G. Korepanov; Evgeniy V. Martyushev,,H2,ceb2c3df2fe10d0e121c7916d2e2b960347a818f4e450a6a3b40d3a948e11edb,
2756,,,"For every n at least three, the explicit corner monomial map intertwines all Kashiwara operators on horizontal regular partitions for affine sl(n), including odd n",Peter Tingley,,H1,067ea41a04a582a953a70376c3fefa85c40068d040640759fe86edc4a508cd24,
2757,,,Discrete brane-labelled open and closed arc-graph correlators respect all window gluings for basic ordinary Frobenius systems with commutative closed algebra and Euler compatibility,Ralph M. Kaufmann,,H2,d55543674276a9c218aba06f06ccb3e05231b77542d4ce49f3b6b5ad7abd96eb,
2782,,,"Small-data wave operators for Moyal nonlinear Schrodinger evolution in dimension two d with alpha greater than two d and real polynomial interaction without constant term, and without linear term when d is one or two",Bergfinnur Durhuus; Victor Gayral,,H2,2171dca3013ed241569e39b1b02c4fa909ac3f6eba04fa3e215a4fe079cb9b66,
2784,,,"On a time-oriented globally hyperbolic four-dimensional spacetime, Lorentzian distance is the infimum of positive causal-function increments under the global past-directed timelike eikonal bound",Nicolas Franco,,H2,6a595f9330e5262f2a762fce738c4e06cf556fc00cf9cc4c506b0a3843a5bddf,
2818,,,"For regular finitely summable spectral triples with invertible weight, holomorphic dimension-spectrum control, bounded pole multiplicity and negative-integer spectrum stability, the finite-part zeta trace vanishes on commutators whose summed orders avoid the negative dimension spectrum",Sylvie Paycha,,H2,d21a7fff00251dc6f842752de86ae818664370e947f5890a93b96546806511cb,
2819,,,Every connected orbit-type piece of an arbitrary-level Hamiltonian generalized complex quotient by a compact Lie group inherits a natural untwisted generalized complex structure,Timothy E. Goldberg,,H2,e0c9270f315eca4858d97a708b6e093b2144b8354f95b1d116b42be6e2b309c8,
2820,,,"For every integer n at least four, the formal sine-Gordon Y-system has half-period four n minus two exchanging its two terminal nodes and full period eight n minus four",Tomoki Nakanishi; Roberto Tateo,,H2,28ef4e590838129c1a896a128ab5374a6400b19decb850c30782278a867559f7,
2821,,,"For finite loop-free complex quivers with positive vertex multiplicities, reflection at a nonzero leading parameter is an involutive symplectomorphism of stable varieties when both dimension vectors are nonnegative and nonzero",Daisuke Yamakawa,,H2,c34a5c920eb665a9b2b3c93078cd8501ebc3e166f5b133142115a6eb9b77f0f9,
2822,,,"The Sklyanin determinant of the complex reflection algebra B(n,l), for n at least two and zero at most l at most n, has the explicit ordered matrix-entry formula indexed by increasing tuples and image-supported permutations",Natasha Rozhkovskaya,,H1,debc25c11ec5f5928036259bbb85c4f21fd73578f8a3c161597b96625c92c374,
2839,,,Conditional separation NP from coNP from constant-round student-teacher hardness and the specified bounded-arithmetic model-extension assumption,Jan Krajíček,,H2,fcad0b493aac1491d986e04b6508cade3c06bf7a637bc626830eb50c8ec044e2,
2869,,,A surjective separated etale map of algebraic spaces yields an integral alternating Cech spectral sequence on unordered distinct-point configurations with sign local coefficients,The Stacks Project Authors,,H2,71bda243c5e7b41da5e85ff98659b2328c92ef75b3e1f5c30fae6aca089e207a,
2870,,,"For finite loop-free quivers with nonzero framing and a stability face with both zero and positive coordinates, IC pushforward to zero stability has regular-stratum multiplicities equal to highest-weight Levi branching",Hiraku Nakajima,,H2,9ecbd21219b4c5190ae9b24453900c02151d1fc193b10517cafa8b39b76237b0,
2871,,,The two-sided discrete Schrodinger operator with the authored complex interface has a bounded compact Green inverse for real uniformly positive confining potentials and phase from zero inclusive to pi over two exclusive,Ebru Ergun,,H1,99aacb97bf4b382a47397e649bb6c9afbc4442dd1eb795ab3a23d152973355e4,
3005,,,Thompson’s group T has quadratic Dehn function,Matteo Migliorini,,H1,37ef440210e7bcb9cd9da1a1278faa61d771b5732af97ab64801eb5d9f032876,
3198,,,Universal minimal blowup stabilisation for dominant rational surface maps admitting stabilisation by a birational morphism,Richard A. P. Birkett,,H1,9382ed8b335ad4045f8bc61baeee55a4fea8511ac0164de636d732c3f602295c,
3215,,,Every reduced quasi-excellent noetherian separated scheme has a projective birational modification regular over points of codimension at most two and unchanged outside its singular locus,Olivier Haution,,H2,3cf5ec144e4ddcf60a536ab3880abf7dfe50871007b3480c710fd182060c42e4,
3406,,,Outer forms of type A2 with infinite genus,Sergey V. Tikhonov,,H2,1daf8dcd93e4f209d07d68030cf5c330be94e43263fb5b99646749781087dae3,
3407,,,Curvature criterion for lifting first-order formal projective-metrizability jets to second order,Ioan Bucataru; Zoltan Muzsnay,,H2,f93dbf90604e79cb0254008611cb4edb83fef6418f6558181bb503b7e8437b5f,
3412,,,Supercritical normalized solutions for the critical fractional Kirchhoff-Schrodinger-Poisson system,Yu-Qin Zhao; Jia-Feng Liao,,H2,26505e5047b870174db16f7470344a0add7d6ba2bcc18bae44554179b889433b,
3413,,,General energy decay for a coupled viscoelastic wave system with a single memory term,Houda Fadel; Djamila Benterki; Salim A. Messaoudi,,H2,18ebd08cb4b9911847476ecabb99ba2d3bc464da0a513329b8688d88b89e6adf,
7001,,,"Existence in W^{2,2} and a priori estimate for the stationary Navier-Stokes system with nonlinear damping at negative mu (Theorem 1.2)",Alireza Khatib; Abbas Moameni; Somayeh Mousavinasr,doi:10.58997/ejde.2026.01:theorem1.2-W22-existence-negative-damping,H2,cb3887b3069f7c10fe6968b2e5d394d61fda9cadbe634c797ff357b20045dc90,
7002,,,Multiplicity of at least k solutions for the singular critical biharmonic problem with prescribed singularity (Theorem 1.1),Nadjet Yagoub; Mohammed El Mokhtar Ould El Mokhtar; Atika Matallah; Safia Benmansour,doi:10.58997/ejde.2026.02:theorem1.1-k-solutions-critical-biharmonic-singularity,H3,3cb0b69107516064ba585412905453ff27cf770596545d432bf8a970ab34c40d,
7003,,,Multiplicity of at least k normalized solutions for the L^2-subcritical fractional Kirchhoff-Schrodinger-Poisson system with critical growth (Theorem 1.1),Yu-Qin Zhao; Jia-Feng Liao,doi:10.58997/ejde.2026.03:theorem1.1-k-normalized-solutions-L2-subcritical,H3,cc245d19de39bcbd6e06d176f0f99180da05b0aec18801ae23906fd86fc732b5,
7004,,,Global univalence of the ergodic cylinder transformation on a periodic time scale (Theorem 3.5),John M. Davis; Billy J. Jackson; Dylan Poulsen,doi:10.58997/ejde.2026.04:theorem3.5-global-univalence-ergodic-cylinder-transformation,H2,ec9b25be27853e2cba697d3b0117ed6e29253b003160613fc2a05feb766d620d,
7005,,,Infinitely many negative-energy weak solutions of a degenerate fractional p-Kirchhoff system with singular and critical nonlinearities,Mohamed Louchaich,doi:10.58997/ejde.2026.05:theorem1.2-negative-energy-sequence,H3,45f60e8adb5541d7cfca4566ca7d8441dc90ccd1f1568457de14f50a9f078218,
7006,,,Translation-compact minimizing sequences and existence of a positive normalized ground state for a Kirchhoff-Choquard system with van der Waals potentials,Zhewen Chen; Muzi Li,doi:10.58997/ejde.2026.06:theorem1.2-compactness-ground-state,H3,8e948cbfb5e4469c440061abe2970d4a0cc3d734417949d4a9207972b68386f8,
7007,,,An explicit finite-time stability criterion for fuzzy fractional delay differential equations with generalized Caputo derivatives,Khadija Elhakimy; Ismail Sadouki; Ali El Mfadel; Said Melliani,doi:10.58997/ejde.2026.07:theorem4.2-finite-time-stability,H2,5ee44fd0ebcf330d55f099eebb020e72a587d54edcff610facf83da1f5eb9f18,
7008,,,Attainment of the nodal Nehari infimum: existence of a least energy sign-changing solution of a Schrodinger system by a four-dimensional Nehari deformation,Anna Lisa Amadori,doi:10.58997/ejde.2026.08:theorem3.5-least-energy-nodal-solution,H3,ec841cfbf28adfc86f1f1d60ae8d298a455a68b8db3226e6b4b65d67b053c678,
7009,,,Pricing callable bonds and optimal callable time under the fractional Black-Scholes market: L1 consistency of the deep-learning price estimator (Theorem 3.6),"Yuecai Han, Yinong Wu, Xudong Zheng",doi:10.58997/ejde.2026.09:theorem3.6-l1-consistency-price-estimator,H2,d6c3f3a1a6abdde7232743b1be39aa24c0e484928db6713767d2eccbbd9b86f5,
7010,,,Global existence and uniform-in-time boundedness for the 2D chemotaxis-fluid system with double chemical signals under a sub-logistic source (Theorem 1.1),"Shengquan Liu, Dongpu Li, Jiashan Zheng",doi:10.58997/ejde.2026.10:theorem1.1-global-bounded-classical-solution,H3,cae403dd0ae0f62d1f548a3e1b736405f5d78d62c47ecc5368c08e07c71f100e,
7011,,,Infinitely many prescribed-frequency solutions of perturbed Schrodinger-Bopp-Podolsky systems in bounded domains: the critical-point Proposition 3.6,"Danilo Gregorin Afonso, Bruno Mascaro",doi:10.58997/ejde.2026.11:proposition3.6-infinitely-many-critical-points,H2,ccbb6e3f33c65887c98a12cc08af77ab151d0165e0cfb71ad168f1acf351cbfc,
7012,,,A quasi-homogeneous Newton-diagram sufficient condition for the real Jacobian conjecture in the plane (Theorem 1.7),"Xiuli Cen, Kangnong Hu, Yuzhou Tian",doi:10.58997/ejde.2026.12:theorem1.7-quasi-homogeneous-newton-diagram,H3,570440aebaa8a00e6aec856938417c6f14fb5161777b5520e3afeea38e5c471d,
7013,,,The constrained Lojasiewicz-Simon inequality on the unit sphere of a Hilbert space,"Zdzisław Brzeźniak, Javed Hussain",doi:10.58997/ejde.2026.13:theorem3.3-constrained-lojasiewicz-simon,H3,0839476986a67a2bb07f15cd1d749826d06c540c039893927b9f6fca70711f33,
7014,,,"At least l pairs of normalized weak solutions for a fractional (p,q)-Laplacian equation in the whole space","Lihong Bao, Libo Wang, Min Li",doi:10.58997/ejde.2026.14:theorem1.1-normalized-multiplicity,H3,fe9abfbd03ff0b55ce98afff1492be58a740fd3ebd8008d2402a409bc3c018ac,
7015,,,Two nontrivial solutions for a fractional p-Laplacian Kirchhoff problem with steep potential well,"Shuwen He, Shiqing Zhang",doi:10.58997/ejde.2026.15:theorem1.1-two-nontrivial-solutions,H2,5d87fcfb39414945828e66fe221aecf36e50f6010ff9228dcf5f5862957ede90,
7016,,,Global existence and uniqueness of strong solutions for a viscoelastic coupled system of two wave equations,"Houda Fadel, Djamila Benterki, Salim A. Messaoudi",doi:10.58997/ejde.2026.16:theorem3.1-strong-solution-faedo-galerkin,H2,dd5ddae54c192187fdf1a5dfa5c7e85f08f9f3ac906cf30e22eac70586ef105e,
7017,,,Global existence and the uniform a priori estimate in homogeneous Besov spaces for the 2D inviscid magnetic Benard system (Theorem 1.1),Hao Liu; Ruixin Zeng; Chengrong Zhang,doi:10.58997/ejde.2026.17:theorem1.1-global-existence-and-a-priori-estimate-besov,H2,c7ea591625a00e9058fe07f6a1983e5d56e70d5529ebafcd45336a4908965d2f,
7018,,,Homogenization in the critical case for an optimal control problem with dynamic boundary conditions on microscopic particles: the homogenized system and the limit adjoint problem (Theorem 5.1),Jesus Ildefonso Diaz; Tatyana A. Shaposhnikova; Alexander V. Podolskiy,doi:10.58997/ejde.2026.18:theorem5.1-homogenized-system-and-limit-adjoint-problem,H3,abff2d31e812089e8c7a6a8e8f82c1f35a69c545ba18059b3c4d35e1da7888ab,
7019,,,Existence of a positive solution for a generalized quasilinear Schrodinger equation with asymptotically linear nonlinearity via the Nehari manifold (Theorem 1.1),Xuan Long; Xiang-Dong Fang,doi:10.58997/ejde.2026.19:theorem1.1-positive-solution-nehari-manifold,H3,f8d3dc91addd0b239a9df2012bfe9ff4d31baf67067c30949028a38e127f27d2,
7020,,,Global asymptotic stability of the infection equilibrium of a delayed HIV model with CTL immune response and immune impairment (Theorem 3.4),Guangsheng Lai; Zhiting Xu,doi:10.58997/ejde.2026.20:theorem3.4-global-stability-of-the-infection-equilibrium,H2,64cc79cbc9dc2d8f9e9eaad2e5ea4f62c91674e229573f84c715e8c4b0062fa8,
8001,1907.01091,v3,Functoriality of framed equivariant instanton homology on the weakly admissible U(2)-cobordism category,Mike Miller Eismeier,arxiv:1907.01091:theorem6.30-framed-functor,H3,c8599b24cffe54eb9b0a7295f24ecb548dab626c0a40a5d82fdb4980a5262169,
8002,2102.07928,v4,Upper ramification jumps of a totally ramified Galois extension of maximal nilpotency class read off from a defining equation,Koto Imai,arxiv:2102.07928:theorem3.3-ramification-jumps,H3,34b35d5b5d61134f03f42334e60a74a045822439d3661abb5b85e47bf180bfb6,
8003,2110.01114,v3,Soundness of the relativised safe-recursion function algebras: the permutation-of-prefixes algebra captures polynomial time and the nested algebra captures elementary computation,Gianluca Curzi; Anupam Das,arxiv:2110.01114:theorem43-relativised-soundness,H3,efa198d88f0b7808be1bd59719866f171f51816be834a8b9bac5293c9c80db62,
8004,2203.00984,v2,Transience of the zero set of a polynomial evaluated on the symplectic representation of the braid group,Marc Soret and Marina Ville,arxiv:2203.00984:theorem3-transient-polynomial-zero-set,H3,58ad7d6839c32c9e2a3add325a941d6878a3ec968cbd3c015acbd53da38bb558,
8005,2211.07572,v3,The Rank Property of Thin Slabs: exact rank at most 2b for the far-field blocks of the reduced slab-interface matrix,"Anna Yesypenko, Per-Gunnar Martinsson",arxiv:2211.07572:proposition1-rank-property-thin-slabs,H2,1cbfe145e595a14cf62cf17ca5ce26f3c780e0dc28962b04bb54c9dce95d2700,
8006,2306.14299,v3,Finite-sample bound for the projected subgradient approximation of the entrywise l-infinity projection of the covariance estimator,"Heejong Bong, Arun Kumar Kuchibhotla and Alessandro Rinaldo",arxiv:2306.14299:theorem3.3-projected-subgradient-covariance-projection,H3,0442effb393a55c44f4b5a14931c6e143a8013bebaa20b2d6e52a9c711a135f7,
8007,2310.12461,v1,Approximability estimate of balanced group convolution: the K(1-1/N)^3 bound for the optimal intergroup error,"Youngkyu Lee, Jongho Park, Chang-Ock Lee",arxiv:2310.12461:theorem3.6-balanced-group-convolution-approximability,H2,fc3d90187f23ff67ed0b4c72ce617be89d9384b1d0be8108d7a4d68bbf61d425,
8009,2405.02570,v2,Global convergence of gradient-enhanced least squares Monte Carlo for high-dimensional American options,"Jiefei Yang, Guanglian Li",arxiv:2405.02570:theorem5.6-global-error-bound,H3,ec98708593aa2a4af7654b8038f5781676279c74b805abb20378abaf615fd584,
8010,2406.18774,v2,The divergence-graph edge algorithm for equal-length horocyclic suffixes: linear-time certification of close successors and computation of the uncancelable clique by a finite-state machine,"Noah Jillson, Daniel N. Levitin, Pramana Saldin, Katerina Stuopis, Qianruixi Wang, Kaicheng Xue",arxiv:2406.18774:proposition5.3.2-divergence-graph-edge-algorithm,H3,70cf38bdc8785c144596e12ed0dc999840daa1384a51b9cf2ea8888448ec66ac,
8011,2406.18874,v2,The fundamental theorem of chronogeometry on the space of hermitian matrices: every bijective coherency preserver of H_2 extends to an affine automorphism,Michiya Mori and Peter \v{S}emrl,arxiv:2406.18874:theorem4.11-fundamental-theorem-chronogeometry,H3,192bc06961ba8b01a0c7a9e3e9baade80ceb696a5f1b131806656ce57a277f23,
8012,2407.18599,v2,Optimal incremental enumeration of the length-k subsequences of a word: linear preprocessing time and constant delay,"Duncan Adamson, Pamela Fleischmann, Annika Huch, Florin Manea, Paul Sarnighausen-Cahn, Max Wiedenh\""oft",arxiv:2407.18599:theorem4-incremental-enumeration-linear-preprocessing-constant-delay,H2,ce1e22f33e450422f647821df6e79547489d0261c0123214a1d77535dc2d1b7c,
8013,2408.07810,v2,Shifted and Threshold Matroids: the three-block threshold case of the main theorem (Lemma 5.1),Ethan Partida,arxiv:2408.07810:lemma5.1-prop-3block-w,H3,a55e24762c1e01e5008ccc2c64a9ddd2e840bc05d14c8be21dc0f779aa1a140d,
8014,2408.13695,v2,The Lang-Trotter conjecture on average for genus-2 curves: the image of Phi for p congruent to 3 modulo 8 (Proposition 4.7),Chihiro Ando,arxiv:2408.13695:proposition4.7-sur3,H2,b714b48770d00654bcb30f287f6b01d51472c0fd54e5bcd8922f3df6dc37ba8c,
8015,2408.15622,v2,Counting in nilpotent injectors and Carter subgroups: the divisibility counterexample for Carter subgroups (Theorem D),"S. Aivazidis, M. Loukaki and J. Shareshian",arxiv:2408.15622:theoremD-countrexample-divisibility-cart,H3,8e076bb4ebfa7260bd9561f4a374f09c1785b98bc3c1afe06ea089e693e3c7fe,
8016,2412.08600,v5,Non-vanishing of the layered minors of the Fourier matrix of order $pq$,Maria Loukaki,arxiv:2412.08600:theoremB-layered-minors,H2,daa06c241a0fd40aa82fd605ee7908fe08caae9497622ca8551d115e148c2616,
8017,2412.18164,v4,Regularity and well-posedness of the KL-regularized stochastic control problem for fine-tuning diffusion models,"Yinbin Han, Meisam Razaviyayn, Renyuan Xu",arxiv:2412.18164:theorem2.8-well-posedness,H3,e557972ef673f3bce976409a9644d8c6d0b082ecf2fbb92782b399f0613c1a66,
8019,2501.00172,v4,Necessary and sufficient conditions for exact stable inversion of non-minimum phase multivariable systems,"Burak Kürkçü, Masayoshi Tomizuka",arxiv:2501.00172:theorem1-algebraic-iff,H2,2519afa78d5137347e8dda6020da0efe2c57c352a5d2c0203ca30ff3d1a3d6dd,
8020,2501.08041,v2,The belt-buckle moves and the null-homotopy of distinct twist types on a fold,Hank Chen,arxiv:2501.08041:proposition6.3-belt-buckle,H3,5b6cb82b432435cf5ef89427fd3353b81c56859322ff1ccd2876d4517bea4b04,
8021,2501.11362,v2,Rank structure of the Hankel matrix of a formal Laurent series and its best approximation denominators,Roswitha Hofer,arxiv:2501.11362:lemma2.3-hankel-rank-structure,H2,e6603e489e28d074920cee93dd9a87d304012e1dfbca706788d97e154a658f90,
8023,2504.13053,v2,Quantitative Resolvent and Eigenfunction Stability for the Faber-Krahn Inequality: stability of the first Dirichlet eigenfunction (Theorem 5.2),"Mark Allen, Dennis Kriventsov, and Robin Neumayer",arxiv:2504.13053:theorem5.2-first-eigenfunction-stability,H3,53e5bb9b09b117ddbee09ecfc34a77c4ae8551fcad2cf672f3e72271ccbf2e96,
8024,2504.20279,v2,Strong Gelfand pairs of the symplectic group Sp_4(q) where q is even: the maximal subgroup Sp_2(q^2):2 is not a strong Gelfand subgroup (Theorem 5.1),"Stephen P. Humphries, Joseph E. Marrow",arxiv:2504.20279:theorem5.1-sp2q2-not-strong-gelfand,H3,0348efba1ec0a9a0dcee4c852510ffb2277ad6f3dd74c0328d6ac963eb490036,
8025,2505.03081,v2,Inverse semialgebras and partial actions of Lie algebras: the Lie inverse semialgebra E(L) governs the premorphisms defined on L (Theorem 4.10),"Mikhailo Dokuchaev, Farangis Johari, and Jose L. Vilca-Rodriguez",arxiv:2505.03081:theorem4.10-premorphism-extension,H3,4c4c8f1f409b0a539821509d9ea2d6c8dac8874818a0b0ba69dd1a8f37a060aa,
8026,2507.11514,v2,Density of solutions for systems of forms: efficient diagonalization for systems of forms of mixed degree (Proposition 2.10),Amichai Lampert,arxiv:2507.11514:proposition2.10-efficient-diagonalization,H3,aaab9cb255eff6d28d97d2d0df397845d347dcc71323c4925ff1804f952118fd,
8027,2508.11795,v2,Safety from exponential matrix control barrier functions,"Pio Ong, Yicheng Xu, Ryan M. Bena, Faryar Jabbari, Aaron D. Ames",arxiv:2508.11795:thm-EMCBF-safety,H3,a779ccc22881cc0c6603e0cfe13612455fc4b566c2e5e14bf200e8dea38f76b3,
8028,2508.16904,v3,Uniqueness of transonic shock solutions modulo a translation in an approximate nozzle,"Minghong Han, Bingsong Long, Hairong Yuan",arxiv:2508.16904:thm-unique-main,H3,bdab7d7ac6ea87a737f5cd238a474120686507efc36d63fef36422660a2c677c,
8029,2508.20677,v2,The value of the American put time-capped by a drawdown event in a Levy market (Theorem 2),"Pawe{\l} St{\c{e}}pniak, Zbigniew Palmowski",arxiv:2508.20677:thm-valuea,H3,863d93c4d55f4b6585df8818922734dab2a98be9a64493fd1fda09376535d10a,
8030,2508.21133,v1,Uniqueness of the optimal double-barrier strategy for impulse control with a level-dependent intensity of bankruptcy (Theorem 6.1),Dante Mata,arxiv:2508.21133:thm-unique,H3,274e897ba2df58480cd2ef5dfedf5817526ca32d40d937cacdcc0839753c691c,
8032,2508.21174,v1,First-order asymptotic expansion of a simple real transmission eigenvalue of a periodic scatterer of bounded support,Fioralba Cakoni and Shari Moskow,arxiv:2508.21174:theorem2-transmission-eigenvalue-first-order-expansion,H2,413b5187c4f8e2130b7c85155e1990b3fae1be0f1f82eba10221c2302b0a698c,
8033,2508.21186,v1,Manifold traversal of next-token decoding trajectories: a smooth simplex trajectory converging to the softmax equilibrium,Christopher R. Lee-Jenkins,arxiv:2508.21186:theorem4.1-manifold-traversal-of-decoding-trajectories,H2,2ca655da23df3ef87d0adc42a1b82daa541048e0ab691d99ec6178831661606c,
8035,2508.21202,v1,Internal Categoricity and the Generic Multiverse: the consistency of a non-standard model of $MV$ all of whose worlds are uncountable and transitive (Proposition 10),Toby Meadows,arxiv:2508.21202:prop10-consistency-of-nonstandard-mv,H3,02dab5957ed39dc3eb59f20766f5e98bee08c7f5a924f72139fe97b511b1e020,
8036,2508.21207,v1,"Towards the classification of Fano 4-folds with b_2 >= 7: the case of every fixed prime divisor of type (3,0)^sm (Proposition 9.4)",C.~Casagrande,arxiv:2508.21207:all30,H3,d015f0e8451751720161b2a541ad4927f68fa7725bef60e858807a13bd503922,
8037,2508.21232,v1,A Note on Distance-Fall Colorings: the distance-2 fall 3-colouring theorem (Theorem 2.1),Wayne Goddard and Sonwabile Mafunda,arxiv:2508.21232:t:threeGood,H2,f8d0fb0685d556c846a8f4502cfdae7f949ece12ed5d6c6810707c9341e0ee28,
8038,2508.21235,v1,Zoo of ideal Schauder bases: distinguishing ideals by simple ideal Schauder bases (Theorem 4.1),Adam Kwela and Jaros{\l}aw Swaczyna,arxiv:2508.21235:thm-distinguishing,H3,6abc3d89b73c475ac18788caefc0a8e4da70782110f8895c85db27af2f9b6733,
8039,2508.21242,v1,The $\pi$-property of a Banach space along a filter: reduction to an analytic filter (Theorem B),Tomasz Kania and Jaros{\l}aw Swaczyna,arxiv:2508.21242:Th:B,H2,98ce5f6e2738a4b6b103c904dc6c8397144b7725ee0aa2bface4bd5c6373e5f2,
8040,2508.21268,v1,In search of homology for quasigroups of Bol-Moufang type: the boundary identity for the tree polynomial $Q$ (Lemma 4.1),"Anthony Christiana, Ben Clingenpeel, Huizheng Guo, Jinseok Oh, J\'{o}zef H. Przytycki and Anna Zamojska-Dzienio",arxiv:2508.21268:lemma-4.1,H2,80121e8d3ae0f37461482e1a24105fba83fc9189808bbd074c5fbe0cd75bb96a,
8041,2508.21276,v1,Finite entropy sums in quantum field theory: the Fourier-coefficient criterion for safe functions on a hypergraph (Lemma 4.2),Mark Van Raamsdonk,arxiv:2508.21276:lemma-4.2-fourier-hypergraph,H2,fed865823773fa0c181291222190b95f62d47f96462a94dc96b2553f54f8f38e,
8042,2508.21280,v1,"Improved Bounds on Diffsequences with Gaps in Powers of 2: the improved lower bound for $\Delta(D,k)$ (Theorem 1)",Kanav Talwar and Utkarsh Gupta,arxiv:2508.21280:theorem-1-main-lower-bound,H2,9b8be2392cf1a1aa6be83048383444c0599a4fc0a6a69e9a03279bcbb1a44283,
8043,2508.21303,v1,Short proof of the conditioning property for multi-dimensional Poisson point processes: the conditioning property (Theorem 2),Nicolas Lanchier,arxiv:2508.21303:theorem-2-conditioning,H2,2148fef45c97cfd4b65f205d628e063e4451d1f9c0a3ff162e48940f50e35310,
8044,2508.21431,v1,An Optimistic Gradient Tracking Method for Distributed Minimax Optimization: the key optimality-gap contraction lemma (Lemma 4),"Yan Huang, Jinming Xu, Jiming Chen, and Karl Henrik Johansson",arxiv:2508.21431:lemma4-optimality-gap-contraction,H2,f55cbb77f9d6f29b546e099f4234c5a9caff72d089bc2a1a9e9a54dbadf661c6,
8045,2508.21465,v1,Rings of the right (left) almost stable range $1$: the diagonal reduction theorem for Hermite rings of almost stable range $1$ (Theorem 12),Victor Bovdi and Bohdan Zabavsky,arxiv:2508.21465:T12-hermite-diagonal-reduction,H2,ed36ff423268416d2ecdc95163c3e44d32073e1444548e73c58efd5a4e47846f,
8046,2508.21509,v1,Irreducible Combinatorially Symmetric Sign Patterns Requiring a Unique Inertia: the composite-cycle length lemma for a one-cycle underlying graph (Lemma 3.2),Partha Rana and Sriparna Bandopadhyay,arxiv:2508.21509:lemma3-2-composite-cycle-length,H2,1a6e206994a8a7ab8a24a16dac154de6a85f0957c8967bd6725f862ecf74cccf,
8048,2508.21557,v1,Random domain decomposition for parabolic PDEs on graphs: the convergence theorem (Theorem 2.3),Mart\'in Hern\'andez,arxiv:2508.21557:th-convergence,H3,47a51eea5203030eeaae88a0aec19a8b958359854ae74c9872751030e209929e,
8049,2508.21647,v1,On adjoint orbits in nilpotent ideals of a Borel subalgebra: the intersection theorem (Theorem 3.2),Rupert W. T. Yu,arxiv:2508.21647:intersection-theorem,H2,49b8d67a1d443530f15c5711668f277ea900e535ed0602abe64f8b6353bdc66f,
8051,2508.21684,v1,A Dual Ensemble Kalman Filter Approach to Robust Control of Nonlinear Systems: the robust-control proposition for the nonlinear model,"Anant A. Joshi, Saviz Mowlavi, Mouhacine Benosman",arxiv:2508.21684:proposition-nonlinear-robust-control,H2,e497d00c6d962900925c876f5d4e42749cb098b18ad3f823f60d7aae159636a6,
8052,2508.21691,v1,"Breaking Universality in the Lower Order Terms in the 1-level and 2-level Density of Holomorphic Cusp Newforms: the asymptotic formula for $A_{k,N}(\phi)$ (Theorem 3.1)",Lawrence Dillon; Xiaoyao Huang; Say-Yeon Kwon; Meiling Laurence; Steven J. Miller; Vishal Muthuvel; Luke Rowen; Pramana Saldin; Steven Zanetti,arxiv:2508.21691:theorem-3.1-AkN-asymptotic,H2,bfedeecaa4f1218d87f9846649a7da4af2fd38ad20415bd2289f22c4081385fc,
8053,2508.21713,v1,Resultant of an equivariant polynomial system with respect to direct product of symmetric groups: the discriminant decomposition formula (Theorem 3.2),Sonagnon Julien Owolabi; Ibrahim Nonkane; Joel Tossa,arxiv:2508.21713:theorem-3.2-discriminant-decomposition,H2,e274f27abc597ead6aca62d287f3fdd71aa37ff29fa18eafc9e0fb5eb01cf803,
8054,2508.21717,v1,A proof of the Brian\c{c}on-Iarrobino Conjecture in three dimensions: the upper bound for the tangent space (Theorem A),Owen Mackenzie; Fatemeh Rezaee,arxiv:2508.21717:theorem-A-upper-bound,H2,7e27863d3ce071fec9d5a37b2358909fae0d8d0010a14fb017f4c495a9a9d93c,
8056,2508.21753,v1,Sequential Fair Allocation With Replenishments: A Little Envy Goes An Exponentially Long Way: the policy-constants lemma (finite expected hitting times and boundary hit probabilities),"Chido Onyeze, Sean R. Sinclair, Chamsi Hssaine, Siddhartha Banerjee",arxiv:2508.21753:policy-bounds-lemma,H2,c3515d367a84aba76dcc4c231a87624731aaa91c3cea480fb93f1550f3439690,
8057,2508.21776,v1,Colored knot Floer homology: structures and examples: the module structure over the cable algebra (Theorem 5.1),"Akram Alishahi, Eugene Gorsky, Beibei Liu",arxiv:2508.21776:theorem-5-1-module-structure,H2,99c0179a5abf320bfed8ca11bca86b18dc7881eb1cc65e0801ef81d5b3bc2ad4,
8058,2508.21814,v1,Irregular bundles on Hopf surfaces: the existence of irregular bundles with prescribed weights (Theorem 4),"Edoardo Ballico, Elizabeth Gasparim",arxiv:2508.21814:theorem-4-prescribed-weights,H2,1b01a5d706db33a7b37e216556bfe3ca8f2a858754668f77eca5a7d3768e0365,
8059,2002.08409,v12,Finite Admixture Models: a Bridge with Stochastic Geometry and Choquet Theory: the growth rate of the expected number of identifiable admixture components (Theorem 3),"Michele Caprio, Sayan Mukherjee",arxiv:2002.08409:theorem-3-growth-rate,H2,9b163da3aac7ca9b4290b9b2a65fa7f2f5c07331bed64585121fd20701dfe7ef,
8061,2105.15150,v3,One-point distribution of the geodesic in directed last passage percolation: the generalized Cauchy identity (Lemma 2.9),Zhipeng Liu,arxiv:2105.15150:lemma2.9-generalized-cauchy-identity,H2,f09bdd640b4a76f9acc0541f6c540aa3f18beaa4e5ec5eab965f8c9bbde5eb02,
8062,2106.14691,v1,Lyapunov spectra behavior for linear discrete-time systems under small perturbations: prescribed shifts of the Lyapunov exponents realized by an admissible multiplicative perturbation (Theorem 5.1),"Adam Czornik, Evgenii Makarov, Michal Niezabitowski, Svetlana Popova, and Vasilii Zaitsev",arxiv:2106.14691:theorem5.1-prescribed-lyapunov-shifts,H3,2abda43f5ea9c4891dd6742c26dde4cf766fbf8b08bd52b12d289ab63dcd9f09,
8063,2108.08370,v4,"Bumpless pipe dreams encode Gr""obner geometry of Schubert polynomials: the ASM ideal facts (Lemma 2.6)",Patricia Klein and Anna Weigandt,arxiv:2108.08370:lemma2.6-asm-ideal-facts,H2,2a988e2fef54d504a4a7e1cad2cac4dfaea39ba93455dd891a1e035a350459f5,
8064,2109.00970,v4,Construction of 2-D Z-Complementary Array Code Sets with Flexible Lengths for Different System Requirements: the 2-D ZCACS construction (Theorem 1),Abhishek Roy,arxiv:2109.00970:theorem1-2d-zcacs-construction,H2,6c4920fe68f078f084f916b37060f7db08fd0fd20f4b9cfb65967c1992ff1b1f,
8065,2206.01391,v3,The error term in the truncated Perron formula for the logarithm of an L-function: the sharp eight-prime sieve bound (Lemma 6),"Stephan Ramon Garcia, Jeffrey Lagarias, Ethan Simpson Lee",arxiv:2206.01391:lemma-6-sharp-eight-prime-sieve-bound,H3,b5adaf3e5f6392353f1ecf3946519550627be9797c6ac1a86dcb5adc00eec9d5,
8066,2207.12633,v2,Revisiting Dwork cohomology: visibility and divisibility of Frobenius eigenvalues in rigid cohomology: exactness of the rows of the Dwork double complex (Lemma 6.7),Daqing Wan and Dingxin Zhang,arxiv:2207.12633:lemma-6-7-c-exactness-of-rows-of-the-dwork-double-complex,H2,f3a5233f054472d1b7c62aef08316c1feb19c6ba5822cfe3915e1b5db976a4e3,
8067,2208.14860,v3,"Chi-boundedness of graphs containing no cycles with $k$ chords: finding a cycle with exactly $k$ chords from a large collection of induced $K_{\ell,\ell}$","Joonkyung Lee, Shoham Letzter, Alexey Pokrovskiy",arxiv:2208.14860:lem-find-cycle-from-Kll-exact,H2,f182562d0adbf2f918065a792c2a53674d5a406bb956cb97bc3401d431ccf16d,
8068,2209.12467,v4,Convergence rate of the (1+1)-evolution strategy on locally strongly convex functions with Lipschitz continuous gradient: the martingale strong-law convergence rate proposition (Proposition 2),"Daiki Morinaga, Kazuto Fukuchi, Jun Sakuma, Youhei Akimoto",arxiv:2209.12467:proposition-2-martingale-convergence-rate,H2,e860b28fc7525e853d83b7eba59ba9ceadd41440760882bccedcc5b6877ecfbb,
8069,2210.03774,v3,Monitoring edge-geodetic sets in graphs: the upper bound in terms of the feedback edge set number (Theorem 4.3),"Subhadeep R. Dev, Sanjana Dey, Florent Foucaud, Krishna Narayanan, Lekshmi Ramasubramony Sulochana",arxiv:2210.03774:theorem-4-3-fes-upper-bound,H2,2410cf0aca46ba3ef52a309f00c0b79518be375793d9e081acc12e1b0ad9a3cb,
8070,2210.06868,v2,"The collection of weights of generalized metric tree arrangements is the Dressian Dr(k,n)",Ayush Kumar Tewari,arxiv:2210.06868:prop:gen_tree_dressian,H2,975336e56265d65afed4ff957c06b0aebfa4013decdac382f855108783ac072a,
8071,2211.12319,v1,A Tensor Restriction Theorem over Finite Fields: reduction of Noetherianity for polynomial representations to the prime-field case (Proposition 4.5.1),"Andreas Blatter, Jan Draisma, Filip Rupniewski",arxiv:2211.12319:proposition-4-5-1-prime-field-reduction,H2,e564343cb518232c5703706fe5a1a9ef9846c4c4f307a578b6157daf9786f6b1,
100025,1007.0842,v5,Erratum to ``Higher order scrambled digital nets achieve the optimal rate of the root mean square error for smooth integrands'',Josef Dick,arxiv:1007.0842:lem:block-decay,H3,3b49184da855f79ef94814bb54a127bf1cbad88d2f130c1b2d052e2d0678eabb,
101814,1809.04027,v3,Stability of fixed life histories to perturbation by rare diapause: a packing bound for the family of strings of length T with k changes,David Steinsaltz; Shripad Tuljapurkar,arxiv:1809.04027:lem-packingbound,H2,beb47c8e544971a48ea791959e53a33f83fa57bd34289c270a54c18e82f1c07f,
105523,2012.03227,v2,An algebraic approach to product-form stationary distributions for some reaction networks: the kernel of the reduced matrix is one-dimensional over the field of fractions,Beatriz Pascual-Escudero; Linard Hoessly,arxiv:2012.03227:cor-clm2,H2,da3f73a5f47ff09c3ea52f17ac5656a175be6687df35d76f5f489000fdaf49c2,
106136,2012.11770,v2,B\'ezout coefficients of coprime numbers approximate quadratic B\'ezier curves,"\sc{Benjam\'in A.~Itz\'a-Ortiz}, \sc{Roberto L\'opez-Hern\'andez}, \sc{Pedro Miramontes}",arxiv:2012.11770:mainprop,H2,d958c41b4b6dc25e071b3c1f3dd45390aae4a164160502ef763e1c6e5a1dee7b,
106377,2012.14647,v2,Generalized Thomas--Yau Uniqueness Theorems,Yohsuke Imagi,arxiv:2012.14647:lem,H2,06a977ade23ce2b481c36fbd8452a684c8bfcbb9089d9a95250cb3a399801b1c,
107371,2101.10315,v3,$2$-generated axial algebras of Monster type,"Clara Franchi, Mario Mainardis, Sergey Shpectorov",arxiv:2101.10315:free,H2,500f431c988db848ebddda7a9d2205d478b90aad628214e04c5ece3df054cbfb,
110359,2104.07507,v3,Regularity estimates for fractional orthotropic $p$-Laplacians of mixed order,"Jamil Chaker, Minhyun Kim",arxiv:2104.07507:lem:iteration,H3,eaeb36fe6f221fa360a5164bcd4455d84d8df993525778efbd9e25d915d7cec3,
111967,2105.13612,v2,The concentration-compactness principle for the nonlocal anisotropic $p$-Laplacian of mixed order,"Jamil Chaker, Minhyun Kim, Marvin Weidner",arxiv:2105.13612:thm:unit_norm,H2,03953779c581c441e1b57ba0dcfc0d5e6b0d9f35fc78c8f085e811b53c2b7626,
112429,2106.04706,v2,The Zero Set of an Electric Field from a Finite Number of Point Charges,"Tam\'as Erd\'elyi, Joseph Rosenblatt, Rebecca Rosenblatt",arxiv:2106.04706:countable,H3,4143e160c7bf260dfa12d85b1252a2f0645b511c3ced8614b099ae5125b3c7d3,
113755,2107.06043,v2,Local regularity for nonlocal equations with variable exponents,"Jamil Chaker, Minhyun Kim",arxiv:2107.06043:thm:holder,H3,dc26ef39d1bf56f0e9a3e15842a08080e434638ba6a581299a187d31ea5c7d79,
114750,2108.03584,v3,"The supersingular locus of the Shimura variety of $\mathrm{GU}(2,n-2)$","Maria Fox, Naoki Imai",arxiv:2108.03584:prop:inter,H3,0e1c72dcdf0c89bb65a03bbc1d4415548353b181905b463d40843ec43e8332cd,
116244,2109.09623,v3,The resolution property holds away from codimension three,"Siddharth Mathur, Stefan Schr\""oer",arxiv:2109.09623:proposition,H2,c27efe4ee5c48eb21699c6e46307ce2441fa56111182df63b6dc8f73b4872437,
118299,2111.05768,v2,Robust near-diagonal Green function estimates,"Moritz Kassmann, Minhyun Kim, Ki-Ahm Lee",arxiv:2111.05768:lem:inequality1-lower,H2,e8a0fbe489bf1f09f775884bdcd2f584afdf3f3c9dbd7799d627d0cb93545ded,
118687,2111.10585,v2,The Liouville current of holomorphic quadratic differential metrics,Jiajun Shi,arxiv:2111.10585:asymptotic-rays,H2,0f9df0b8032688b11a100c17b00491f57afcbe1433e514dcdb8fce7f6ca8d0fe,
118826,2111.12349,v3,"On conic-line arrangements with nodes, tacnodes, and ordinary triple points","Alexandru Dimca, Piotr Pokora$^{\ast}$",arxiv:2111.12349:prop11b,H2,01b8cb04564bd2aea738ee68f71df927859446c0c6c8fbfe6f5cef53e5a2d3f0,
119891,2112.10385,v3,Nearby Special Lagrangians,"Mohammed Abouzaid, Yohsuke Imagi",arxiv:2112.10385:lem,H2,59c7fe127c392a91fdb3a91ead99879c43ca4285f56993a90f6386bd26557635,
121873,2202.04571,v1,Harnack inequality for nonlocal problems with non-standard growth,"Jamil Chaker, Minhyun Kim, Marvin Weidner",arxiv:2202.04571:lem:fprimeinvadd,H2,510f12ab0458fc252ea059d05c769245c2066af0c62bdf07d4ae294a51a93f0e,
123875,2203.15940,v3,Detrended Fluctuation Analysis for Continuous Real Variable Functions,"Luis Gil-Maqueda, Benjam\'in A. Itz\'a-Ortiz",arxiv:2203.15940:potef,H2,f34f7883d3742203e65f6486d1bca0ddd842968f9bd4532d2c92bcb93affd56f,
124241,2204.03069,v1,Generalized level measure based on a~family \\of conditional aggregation operators,"Michal Boczek, Ondrej Hutn\'ik, Marek Kaluszka, Miriam Kleinov\'a",arxiv:2204.03069:pro:3.19,H2,68bc64343ea264b3d8d34caefd06f3ddecf60336a2b865e4e113edfd8734d0a0,
125111,2204.13876,v2,Graph polynomial for vertex-colored embedded graphs,"Somnath Basu, Dhruv Bhasin, Siddhartha Lal, Siddhartha Patra",arxiv:2204.13876:prop:gamma-app,H2,7c10ecbc24bdcb9cd0fd1deeeaabf51275091004031286da9ab0700787a21e62,
125412,2205.03474,v1,The Jones polynomial of collections of open curves in $3-$space,"Kasturi Barkataki, Eleni Panagiotou",arxiv:2205.03474:thm_linktype_jp,H2,2b3bbfaf73bc340f36c1a9d17f5389ed92807c64d86b3a3d96267fe3d903db0c,
125466,2205.04162,v8,"\Large Fractional Boundary Value Problems and elastic sticky Brownian motions, II:\\ Non-local dynamic boundary conditions on smooth domains",Mirko D'Ovidio,arxiv:2205.04162:lemmaequivpcafhatnohat,H2,903adb77668a6fdb2bb02235d02915a2001c7d972bf415d7a5774faff3695eca,
125795,2205.08117,v2,The inverse Galois problem for connected algebraic groups,"Michel Brion, Stefan Schr\""oer",arxiv:2205.08117:lem-fixed,H2,fbd333b7bfcd3a1f742f5bc041d87e642c21c508a5b98c2c72185f429e40d037,
126455,2206.01135,v3,Relations enumerable from positive information,"Barbara F. Csima, Luke MacLean, Dino Rossegger",arxiv:2206.01135:ripe,H2,61ae199bcea9c713fdbc5124325223a7129ba9ab36328c117dc663d939d55055,
126459,2206.01179,v16,An Algebraic Proof of the Goldbach Conjecture,Jason R. South,arxiv:2206.01179:gbf,H2,7d0dfa837700b9762ed2b0a12559e741586e7395eb62f951ebb0a68af1c66c9c,
127363,2206.12041,v3,How many labelers do you have? A closer look at gold-standard labels: continuity of the optimizing direction in a semiparametric majority-vote M-estimator,"Chen Cheng, Hilal Asi, John Duchi",arxiv:2206.12041:lemma-vec-sigma-theta-continuity,H2,4a0bf711f51e61e418522449f94ae43e2ab859cfaaa2d774116f36d35d8eb30f,
130421,2209.03403,v3,Spherical harmonics and point configurations on the sphere,Xiaolong Han,arxiv:2209.03403:lemma:cover,H2,90daa53e707bfbf348f9ac29d86ddaceec726c0104c0492bddad5eb331e91f4f,
130992,2209.10051,v4,\LARGE \bf Third-Order Newton Methods with Semidefinite Programming,Jeffrey Zhang,arxiv:2209.10051:thm:-well-defined,H2,2fa27432c94d6e251d7ff1e5d669615f8fca1ab5c7de4f0d499c995109969b21,
131514,2210.00574,v1,"Bourgain, Brezis and Mironescu theorem for fractional Sobolev spaces with variable exponents",Minhyun Kim,arxiv:2210.00574:lem:liminf,H3,1ad37329c43951203b5823b4e61e2d9a9376b5cf7f9332e6353afb1b2e2ed004,
131536,2210.00815,v4,Measurement of Trustworthiness of the Online Reviews,Dipankar Das,arxiv:2210.00815:14,H2,47d0964025817b1039da9dbf8d88ffac5e01b1dc6e33491ca0f7be6beea11f41,
131592,2210.01539,v2,On braids and links up to link-homotopy,Emmanuel Graff,arxiv:2210.01539:lemjnormalygene,H2,b7a83954a94e31fee8f9d422c2ce7cca144edfe7628c90feecf3e0c034b4555a,
132004,2210.07029,v3,The fractional $p$-Laplacian on hyperbolic spaces,"Jongmyeong Kim, Minhyun Kim, Ki-Ahm Lee",arxiv:2210.07029:lem:zero,H3,1122cbec9fe662c991f6f07d2a13465e3a6496ebddac12b049ca183dc4c7ae60,
133143,2211.03851,v3,Wreath Macdonald operators,"Daniel Orr, Mark Shimozono, Joshua Jeishing Wen",arxiv:2211.03851:finitevert,H2,8d6a1993ab2a189ab0079e09d9bff6c7858080c5bdb08ecf7f8712c6c5187de0,
133456,2211.07433,v2,On Some Applications to the Newton--Raphson Method,Treanungkur Mal,arxiv:2211.07433:corollary,H3,f2744f3b9bc31c4e9c3ed17528fc0baf4fe5ac1d6c92970830416dbc0c612310,
134549,2212.03121,v1,On the Size of Chromatic Delaunay Mosaics,"Ranita Biswas, Sebastiano Cultrera di Montesano, Ond\v{r}ej Draganov, Herbert Edelsbrunner, Morteza Saghafian",arxiv:2212.03121:thm:overlay_size_for_dense_set,H2,440f2dabfa6987ee1575295f1caaf342ed7edfebe4bef869a9b1f68cd8398ddb,
134648,2212.04466,v25,A Regularized Finite-Difference Approximation of Surface-restricted Emission and Reception Process in Acoustics with Application to Inverse Problems,Ashkan Javaherian,arxiv:2212.04466:lemma:extraction,H2,0dd4fbe0dfcdaf85c3f96372d6491852988b3061ecaba81c28ac0fd8b4d80d2e,
134761,2212.05910,v2,\bf Self-dual matroids from canonical curves,"Alheydis Geiger, Sachi Hashimoto, Bernd Sturmfels, Raluca Vlad",arxiv:2212.05910:prop:containment1,H2,76c2bfa92e51162f4089efd028b48c27d6e25d97996dbd980e49e1f6c9f7c841,
135531,2212.14734,v10,A Set-theoretic Approach to Regularity of 3D Decaying Turbulence,Min Chul Lee,arxiv:2212.14734:prop,H2,4c96b07d61b3d50d5acb0e80fef236d88cfc668d28a80f2fe3abaecea27981b6,
136696,2301.12933,v3,Constructing edge-disjoint Steiner trees in Cartesian product networks,"Rui Li, Gregory Gutin, He Zhang, Zhao Wang, Xiaoyan Zhang, Yaping Mao",arxiv:2301.12933:lem2-1,H3,46bba0650e2848657325e9f368f8ea7797fdfebefbb012d39bce1adb91c88520,
137729,2302.11425,v4,Sums of squares in function fields over a henselian valued field,"Karim Johannes Becher, Nicolas Daans, David Grimm, Gonzalo Manzano Flores, Marco Zaninelli",arxiv:2302.11425:inequality-p',H2,ddf2437d3ffff0ca456791010167d1ff46af84efe2625b9298faa986e230228b,
137912,2302.13787,v6,"\bf On image ideals of nice and quasi-nice derivations on $R[X_1,X_2]$",Nikhilesh Dasgupta$^{*}$ and Animesh Lahiri$^{*}$,arxiv:2302.13787:top-degree-ideal,H2,dbf44eec8aac11bb8cd988ff4b4275d76c0df6965f729d4af25625f25fe0a029,
138395,2303.05045,v3,The relative Manin--Mumford conjecture,"Ziyang Gao, Philipp Habegger",arxiv:2303.05045:propuml,H2,318e82e1241fdd9dd21d1c62625622f086783d734a211652b96b1fb309be5d79,
138550,2303.06883,v3,The mod 2 Seiberg-Witten invariants of spin structures and spin families,David Baraglia,arxiv:2303.06883:prop-q12,H2,c332d8cb5cef362f29afa4103ebbf6386fe376c104355edf3a3eb93d251c176c,
138632,2303.07956,v2,The number of tiles of $\Z^d$,"Itai Benjamini, Gady Kozma, Elad Tzalik",arxiv:2303.07956:lemma,H2,33eff5d4cc71a6baf4b6d20c1815397e7270deaf445d42a4cbc8df206e2a43c6,
139676,2304.01825,v4,Braid and Phantom,Jenia Tevelev,arxiv:2304.01825:maintheorem,H3,6a066146d7b9d2a924b216219d81b5ec7e21c395571663837f31a47003091871,
139941,2304.04887,v3,"Central limit theorems for martingales-II: convergence in the weak dual topology, with corrections","Bruno R\'{e}millard, Jean Vaillancourt",arxiv:2304.04887:prop:cto0,H2,6686f49ae14ae66eb77e8a22a8d3f42501ff5954fb5892848092dd3d3a26842a,
141650,2305.10256,v3,Nowcasting using regression on signatures: the continuous time Kalman--Bucy filter as a linear function of the signature,"Samuel N. Cohen, Giulia Mantoan, Lars Nesheim, \'Aureo de Paula, Arthur Turrell, Lingyi Yang",arxiv:2305.10256:thm-KalmanRepresentation,H2,f786d59007064eaf718b66ebeed766260e813ac69a8dcd8fc652a9525e7f3a83,
142091,2305.16901,v5,Generalizing Adam To Manifolds For Efficiently Training Transformers,Benedikt Brantner,arxiv:2305.16901:theorem,H2,1d6ce0d829d3d2de2cfbcf15729e3fe798610df7585b92c64f229ffbaf5cc4f5,
144800,2307.13935,v2,The difference variational bicomplex and multisymplectic systems,"Linyu Peng, Peter E. Hydon",arxiv:2307.13935:thm,H2,a2a054acbacf2db239ab7cd7512d26dd6df6964a8b6abce2808df952432845f9,
146921,2309.06349,v2,Generalized Regret Analysis of Thompson Sampling using Fractional Posteriors,"Prateek Jaiswal, Debdeep Pati, Anirban Bhattacharya, Bani K. Mallick",arxiv:2309.06349:lem:post,H3,96e1540ab2fd8a30fc9fb36045d14841d25af977f28b82a69b5ae562bf7b528a,
146927,2309.06429,v4,Efficient Inference on High-Dimensional Linear Models With Missing Outcomes: consistency of the dual solution with an estimated propensity score,"Yikun Zhang, Alexander Giessing, Yen-Chi Chen",arxiv:2309.06429:thm-dual_consist2,H2,8c6fdc1bce2859e405e2455f8c82503ea75ba7bf472ddc7007c5056728f7e4f0,
147140,2309.09154,v1,"Piecewise contracting maps on the interval: Hausdorff dimension, entropy and attractors","A.E. Calder\'on, E. Villar-Sep\'ulveda",arxiv:2309.09154:well,H2,f4d4f222e51fb214b32680183452dec404551e544d303226458eb84fca105c87,
147600,2309.15235,v3,Asymptotics of Bounded Lecture-Hall Tableaux,"David Keating, Zhongyang Li, Istvan Prause",arxiv:2309.15235:t17,H3,de1d2ef078ddd8e6ff38ef416ae99044d83b1d52cf7ab05a6657e88d6f51ed6b,
147800,2310.00286,v2,Linear stability of the elliptic relative equilibria for the restricted $N$-body problem: two special cases,"Jiashengliang Xie, Bowen Liu, Qinglong Zhou",arxiv:2310.00286:polygon.prop.lm3.lm4,H2,2176ef6d53291cc4ed8e408362bd3ce0c29899bfe9cc9a54d386967cbba9318c,
149141,2310.17827,v3,\bf A hierarchy of eigencomputations for polynomial optimization on the sphere,"Benjamin Lovitz, Nathaniel Johnston",arxiv:2310.17827:eq:m,H2,47a17d7792e75f4b8009471b151abf44feddc2a90153989a11a9054719ef5fdb,
149370,2311.00090,v4,Doubly-weighted zero-sum constants,"Krishnendu Paul, Shameek Paul",arxiv:2311.00090:da',H2,b4f7ae6a987c0473b36d98800af084e08e00fe2830461ae4a2b0c5be5f48a017,
149623,2311.03475,v2,Fluid limit of a Distributed Ledger Model with Random Delay,"Jiewei Feng, Christopher King",arxiv:2311.03475:k_extendw,H3,4b9d48d8ffbd69ab2c54dd26aa2817800baadf3bdc847199fd5a9907ca2a3d70,
149798,2311.05732,v3,Generalized Goulden-Yong duals and signed minimal factorizations,"Shujian Chen, Kiyoshi Igusa",arxiv:2311.05732:bernardi,H2,404a73a10851f535d119d20a42e0e5765dd3f156ace002a3900c8abe2e5c3921,
149886,2311.06717,v4,Whitehead filtrations for computations in Topological Hochschild Homology,Logan Hyslop,arxiv:2311.06717:lem4.2,H2,27bcb956efb29ddf2c7ee66d97d18f80d5027bd412f476a6c412fc9ec9561874,
150175,2311.11078,v4,A Lie group analog for the Monster Lie algebra,"Lisa Carbone, Elizabeth Jurisich, Scott H. Murray",arxiv:2311.11078:nontriv,H3,f5465da12e528149d91d9a18f2e1af2c17a47eaba1a60554d4621bb0511d4d29,
150249,2311.12169,v2,Optimal retirement choice under age-dependent force of mortality,Giorgio Ferrari$^\dagger$ \quad and \quad Shihao Zhu$^\ddagger$,arxiv:2311.12169:postmultiplier,H2,ec031ce2628ab5a830c6cc7689e9f03a02aa6a93a91f3dd037e36f5d50999457,
150831,2312.00594,v2,"The sub-Riemannian X-ray transform on $H$-type groups: Fourier slice theorems, injectivity sets and frequency support",Steven Flynn,arxiv:2312.00594:factorization,H2,f59eda99a24480f3cf659afaa6e5ed1a43f90a9cecc420b29342fa2be0c8534e,
151032,2312.02685,v1,On the differential equations of frozen Calogero-Moser-Sutherland particle models,Michael Voit,arxiv:2312.02685:decreasing-error-jacobi-stat-trigono,H2,9071e8102b153de78bec05cd422ea390752a04831ee19c92f21e35fdb5ace2ca,
151713,2312.11661,v4,Weighted Versions of the Arithmetic-Mean-Geometric Mean Inequality and Zaremba's Function,"Tim McCormack, Joshua Zelinsky",arxiv:2312.11661:lemma,H2,6b9b115ee8f82adf222c52b5c0f0f25c5b12804741204546d41fbe23682a6a25,
151819,2312.12950,v2,Bounds for characteristic numbers of conic--line arrangements in the plane,"Rita Pardini, Piotr Pokora",arxiv:2312.12950:theorem,H2,0346e742ddb2b28c4b5d9d12b2d4221425c441b3d740c8fddfad3ab0beae1ada,
151885,2312.13750,v3,Homology of matching complexes and representations of symmetric groups,"Michael Bate, Brent Everitt, Sam Ford, Eric Ramos",arxiv:2312.13750:prop1,H2,4e5e3d279a0c9ef6f5b103688cce733422b2824606de21d81bf98edf16dbc149,
151913,2312.14043,v3,Molecules of Type-$B$ and Odd Type-$D$ Gelfand $\mgraph$- and $\ngraph$-Graphs,Yifeng Zhang,arxiv:2312.14043:thm:positive-local,H2,e1cacf98a0c410f0d7b933133e2a03be1d57005300890a141996b716017e5b64,
151961,2312.14672,v2,Rotational surfaces \\ with prescribed curvatures,"Paula Carretero, Ildefonso Castro",arxiv:2312.14672:th:kuhnel,H2,f55ab163587864b38ef23bab2e61d5c3effc426155b570035d4d2253357af847,
152132,2312.16645,v5,Hochschild cohomology of the second kind:\\ Koszul duality and Morita invariance,"Ai Guan, Julian Holstein, Andrey Lazarev, K. Rasmussen",arxiv:2312.16645:lem:curved,H2,3a366470f763821b39f063d117b0c63b9ed3767d0bfe1ee975b9f9e4d6fedd6f,
152328,2401.00774,v6,Reciprocity formulas for certain generalized Hardy-Berndt sums,Yuan He,arxiv:2401.00774:lem3.6,H2,9f5b84dfb070c9085ecc5cf05331373598709ee94bf72faf58c206db3b26c849,
152800,2401.06100,v3,Special values of $p$-adic $L$-functions and Iwasawa $\lambda$-invariants of Dirichlet characters,Heiko Knospe,arxiv:2401.06100:secondkind,H2,33bd37ca5d11a9b6c47e111f5d4d4b6b74cc6274927765cf03a4ed1d5efe1aff,
153405,2401.13119,v3,Voevodsky motives and motives with modulus in positive characteristic: every proper interior generically finite h-covering is refined by a modulus qfh covering,Keiho Matsumoto,arxiv:2401.13119:prop-hisqfh,H2,34b6c17ec268fdf94e8ce601cbb677f91edb719db0daeaf0aa7931e2c9dca399,
153512,2401.14182,v6,De Giorgi-Nash-Moser theory for kinetic equations with nonlocal diffusions: mixed-norm estimates for the kinetic parametrix,"Francesca Anceschi, Giampiero Palatucci, Mirco Piccinini",arxiv:2401.14182:sharp-thm_mixed_parametrix,H2,db8fda2706eccc3b06c6ec2c359a7d291c2b8b57f695d63734db5efa19556fe1,
153637,2401.15719,v5,"Rates of Convergence in the Central Limit Theorem for Markov Chains, with an Application to TD Learning",R. Srikant,arxiv:2401.15719:thm:-martingale-clt,H3,5c9966705df9681f822efeffbbb5e042873b6ece5332975e82643145da3c9d24,
154720,2402.11200,v5,Tight Bounds for Linear and Non-Linear Contraction of Divergences via Duality,"Amedeo Roberto Esposito, Marco Mondelli",arxiv:2402.11200:thm:psinormscontraction,H2,2db67c825bc39211b5fe4fa67f0b702368be98745b1cef655a69c273211e3ef2,
154733,2402.11284,v2,Fragment-wise differentiable structures,"David Bate, Sylvester Eriksson-Bique, Elefterios Soultanis",arxiv:2402.11284:lem-lim-star-ug-weak,H2,f79f9a90497a8a36706dfc5208f63a9372bc927bfb2bbef2c05a4df8dbade1d0,
154785,2402.12056,v2,Malliavin Calculus for rough stochastic differential equations,"Fabio Bugini , Michele Coghi , Torstein Nielssen",arxiv:2402.12056:prop:-uniqueness-truly-rough,H2,b05d8f6776c6c9b62524e42e4556033d81c33780a2c7cf443e1878e574e7aecd,
155106,2402.16169,v2,Arc-distinguishing of orientations of graphs,"Aleksandra Gorzkowska, Jakub Kwa\'sny",arxiv:2402.16169:thm:-bipartite_bounds,H2,657cc8b01aa5915b8bde0a35871e0adfad9b4b104e29a247e02a75427a950079,
155794,2403.05481,v3,The Zilber--Pink conjecture for products of curves with highly degenerate reduction,Netan Dogra,arxiv:2403.05481:prop1,H2,8e196057920e501333dd221faf719d08b5291c0131fc2ea2f66e1ef2877fb0de,
155801,2403.05512,v2,Constructions of symplectic forms on 4-manifolds,Peter Lambert-Cole,arxiv:2403.05512:prop:all-line-bundles,H2,b106e39956bedb1382994e5977b07fce568092bedc59f17d27f0c4710847d741,
156013,2403.08278,v4,Point-to-set Principle and Constructive Dimension Faithfulness,"Satyadev Nandakumar, Subin Pulari, Akhil S",arxiv:2403.08278:thm:pspforphidim,H2,d8a372fa024306ce0e03b98b6c1a1c106e2ec5ab2349798b22561c715dfb24ed,
156301,2403.12324,v8,Towards a Theory of Pragmatic Information,Edward D. Weinberger,arxiv:2403.12324:eq:pragindependencecond,H2,5bf2fad8371bb998696cdbf77ce37a632722e1e3e26aee558dc449d9f4b83aaa,
156332,2403.12815,v3,A Unified Framework for Rerandomization using Quadratic Forms (Lemma 1),"Kyle Schindl, Zach Branson",arxiv:2403.12815:gamma-cond-exp,H2,2d00fc005947459911764a3fb126a1d1975936d7a28f150dfbcfce445a2ea0a3,
156898,2403.20024,v3,Construction of free arrangements using point-line operators,"Piotr Pokora, Xavier Roulleau",arxiv:2403.20024:corollary,H2,838a4c4b5c452a4087cf86105e2c54c8ada1b4edfb6f9a35c0be219861a167a2,
157206,2404.03341,v2,Defect of irreducible plane curves with simple singularities,Piotr Pokora,arxiv:2404.03341:deff,H2,6f7f20ffd94b7e0b256761efd7bbfb2a265e6f8cbd4ebea7b99a2f0c4298936e,
158067,2404.15434,v2,Fractal uncertainty principle for random Cantor sets,"Xiaolong Han, Pouria Salekani",arxiv:2404.15434:cor:var,H2,d242183a7fb0b55ef7629ae73bc8930228882251579786b29e54bc3d0fabc7ff,
158085,2404.15654,v6,Autoregressive networks with dependent edges: consistency of the initial estimator for the global and local parameters,"Jinyuan Chang, Qin Fang, Eric D. Kolaczyk, Peter W. MacDonald, Qiwei Yao",arxiv:2404.15654:tm-consistency,H2,a22923d5473ec742564109299b1c89a3b2c560095b1d55088ae628ff2434fbcf,
158208,2404.17322,v3,Filtered Boolean powers of finite simple non-abelian Mal'cev algebras,"Peter Mayr, Nik Ru{\v s}kuc",arxiv:2404.17322:cl:gbgcgb,H3,9f5830a3d503f626b61562cdc46f8fdf6472dcef55ce7f1f13bc878e582ac57b,
158330,2404.18744,v1,Differential Inclusions involving the curl operator,Nurun Nesha,arxiv:2404.18744:ilem2,H2,d32d386b6bdd85e7835d9bd6096d7b1ce27c556ef8f736cf3b471be595ef4074,
158369,2404.19210,v2,Character Sheaves on Reductive Lie Algebras in Positive Characteristic,Tong Zhou,arxiv:2404.19210:lem_form_of_ss,H2,a114f68912a5de5c64c5b8ac250c72ec90c62142bb5969f8c67e47136087a719,
158805,2405.04422,v1,Homotopy braid groups are torsion-free,Emmanuel Graff,arxiv:2405.04422:lemnofixptswelded,H2,497ea2ab34aaf1bfb79e36f6e85d70cc3a14d497472c0a82fd9d6bcd151fdfb0,
160309,2406.03050,v3,On a parity result for the symmetric square of modular forms with congruent residual representations: the imprimitive signed $\lambda$-invariant congruence (Theorem 4.14),Jishnu Ray,arxiv:2406.03050:thm-prop-lambda,H2,86e68ab2608d4eb4666d6c125bb7eed2bd35ed2e225f3d84d05a801b0b17850c,
160383,2406.03981,v2,Quadrature error estimates on non--matching grids\\in a fictitious domain framework\\for fluid--structure interaction problems,"Daniele Boffi, Fabio Credali, Lucia Gastaldi",arxiv:2406.03981:prop:l2grad_estimate,H3,7711fed13be71bdddb6f68f0e3d19b2cdea7d1f34ff1622c20a1529a3d902cc5,
160526,2406.05960,v4,On Conjecture of Binomial Edge Ideals of Linear Type,"Marie Amalore Nambi, Neeraj Kumar",arxiv:2406.05960:prop.p-mon,H2,e5239998f4d62f19ed17c449846a373b0d509341108a61306fb207a0a25290df,
160733,2406.08697,v4,Decision-Centered Abstractions via Orthogonal Estimation of Difference-of-Q Functions,"Defu Cao, Angela Zhou",arxiv:2406.08697:lemma-adverror-to-value,H2,34038fdb3553cf6068fe2b3660d21d05f0d6828fd743fddbf9b67fd843c543d9,
160824,2406.10155,v1,On Twisted Spacetimes: a new class of Galilean cosmological models,"Daniel de la Fuente, Rafael M. Rubio, Jose Torrente-Teruel",arxiv:2406.10155:eq:alpha,H2,52ba2769c1241d14c0ee12b2be809a04f99a385ad5e5a5786ba54a04d41c5ef4,
161045,2406.13761,v2,Exponential time differencing for matrix-valued dynamical systems: global convergence of the METD$p$ scheme (Theorem 2),"Nayef Shkeir, Tobias Grafke",arxiv:2406.13761:thm-metdp-global,H2,f77abd93e6f731bb5dd94742772e101789d7399ea4544c3487a36be8b26892da,
161123,2406.14960,v2,On the planar Taylor-Couette system and related exterior problems,Filippo GAZZOLA -- Ji\v{r}\'{\i} NEUSTUPA -- Gianmarco SPERONE,arxiv:2406.14960:incompletepressure,H2,a32c0f1c40003a63dec39077b0dc84cad9e6383e0c82f14f041b52667e2bdb82,
161628,2407.01236,v2,The reverse mathematics of the pigeonhole hierarchy,"Quentin Le Hou\'erou, Ludovic Levy Patey, Ahmed Mimouni",arxiv:2407.01236:proposition,H2,ba3f3fc4c219c54bb6ceec552cc739525bcaf05ea9b8eeb16572e0ef0bcba68b,
161679,2407.02022,v3,Upper semicontinuity of algebraic dimension,Sheng Rao,arxiv:2407.02022:lem:revised-global-component,H2,d10d2553c24822311b797e467d8006c8e6369d888ef7d2fb2f2305e79c529f59,
161778,2407.03270,v3,"Lattices, Gates, and Curves: GKP codes as a Rosetta stone","Jonathan Conrad, Ansgar G. Burchards, Steven T. Flammia",arxiv:2407.03270:prop:distance,H2,da2e7548fb01c39ace3619121dbd2cb15096b51b67f5645dfb02a426e234a384,
161886,2407.04850,v3,On the modified Zakharov--Kuznetsov equation on the cylinder: A trilinear Bourgain-space estimate and its application to local well-posedness,Ali Mezher,arxiv:2407.04850:lem:homogeneous-linear-estimate,H2,f38a0de1108180a83c8ee5bdb3d1a26895cb2514b10f01acb37471facfba3dee,
162089,2407.07310,v3,"Optimal Sensor and Actuator Selection for Factored Markov Decision Processes: Complexity, Approximability and Algorithms","Jayanth Bhargav, Mahsa Ghasemi, Shreyas Sundaram",arxiv:2407.07310:prop:1,H2,8df9bf6757ba73dceca220922e08c75f41f5585ac525ac802dfd84823573e6ba,
162165,2407.08364,v3,Scalar Function Topology Divergence: Comparing Topology of 3D Objects,"Ilya Trofimov, Daria Voronkova, Eduard Tulchinskii, Evgeny Burnaev,, Serguei Barannikov",arxiv:2407.08364:proposition,H2,f11cc6eae5f16786c37eaffd53f9cd1d47eea7a0da59b79f517348673de9b74a,
162187,2407.08577,v3,On the structure of the $d$-indivisible noncrossing partition posets,"Richard Ehrenborg, G\'abor Hetyei",arxiv:2407.08577:equation_c_and_c*,H3,d9346bec86b0862e1c8fb78693c343f1e66c5068c17c44378c3e092b35ada33a,
162211,2407.08997,v4,Asymptotic Expansions for Semilinear Waves on Asymptotically Flat Spacetimes,"Sam Looi, Haoren Xiong",arxiv:2407.08997:prop:bode0,H2,b7634e1caa8a49d2142a28c5c39ed5e40387ffad54bd42f3ef2852728c1a8bc6,
162344,2407.10715,v3,Largest component and sharpness in continuum percolation,"Niclas K\""upper, Mathew D. Penrose",arxiv:2407.10715:thm:main_large,H3,436d0307db053d8d98193b05a13b33cdb7b740c0be2d7c3bd94a86f9df8520ea,
162415,2407.11841,v3,Asymptotic analysis of boundary layers\\ for Stokes systems in periodic homogenization,Moustapha Agne,arxiv:2407.11841:proposition,H3,7b4a9af1414bb9ef8c9968fd6920d269b83a1fad0ac35e5859a5ceeed2f11f14,
162591,2407.14469,v3,Persistent Intrinsic Volumes,"David Cohen-Steiner, Antoine Commaret",arxiv:2407.14469:thm:milnor_2,H2,af813bdc5404fdcd813cc422a960977a1a4cc4cbff1b69d4f7084e64021cd3ac,
162739,2407.16256,v3,Menichetti's nonassociative $G$-crossed product algebras and Menichetti codes,"S. Pumpl\""un",arxiv:2407.16256:lemma,H2,4adaa1848875e8c605c54f3c695d3f723a0404513ebf5d5289a7e7d6b1f77d8f,
163211,2408.00567,v4,Outliers and bounded rank perturbation for non-Hermitian random band matrices: a matrix-unit block computation for the model parameters,Yi HAN,arxiv:2408.00567:lem-block-parameter,H2,470b15d00806e8b7f3018698acee7167c0bf38af69d6bab55506a0f5f8a1eea3,
163718,2408.06830,v3,A functional central limit theorem for the general Brownian motion on the half-line,"Dirk Erhard, Tertuliano Franco, Milton Jara, Eduardo Pimenta",arxiv:2408.06830:thm21,H2,e409f593b48547e4d46bc56249fafa1bf55882089d0355c684adc3c8e66d8444,
163729,2408.06893,v2,Universally defined cycles I,Claire Voisin,arxiv:2408.06893:lefirstred,H2,e4b6690a49482526554a76af1b773bce886ce4984b2dfbec3c2a4f89fa1ed9fa,
163883,2408.09091,v1,On the Girth of Groups Acting on CAT(0) Cube Complexes,"Arka banerjee, Daniel Gulbrandsen, Pratyush Mishra, Prayagdeep Parija",arxiv:2408.09091:l:many-facing-hyperplanes,H2,8ddd4a80323af3603495ddcc71c26d48412cdd795c4d136ea9c7a0af5b643c64,
164249,2408.13851,v3,Flow of the zeros of polynomials under iterated differentiation: the difference of consecutive inverse branches,"Andrei Mart\'{\i}nez-Finkelshtein, Evguenii A. Rakhmanov",arxiv:2408.13851:prop-lem5,H2,d053486af78f856e2449f50bd084a66f20d8ab83780b81f0a06ba95d0b645ea2,
164253,2408.13892,v2,Localization and the Floer homology of strongly invertible knots,Aakash Parikh,arxiv:2408.13892:com'/x'freeabelianfiniterank,H2,3a43fa93bbe3eb8ed085e5c001b116492c1d68ba13a1bae7e439182c7cc7722e,
164373,2408.15410,v2,Quantitative Level lowering for weight two Hilbert modular forms,Mohamed Moakher,arxiv:2408.15410:shimuradegonx,H2,84defee2fb0b31991e67217f41ecde0d9418747442afaa225345b1c7cc05f984,
164570,2409.00554,v4,The second-class particle in the half-line open TASEP,Kailun Chen,arxiv:2409.00554:thm:color-position,H2,dff632c56df80ee70b91a290ed261095a873e669b0f8cbade749db27f26f69da,
164919,2409.04804,v1,Symmetry of bounded solutions to quasilinear elliptic equations in a half-space,Phuong Le,arxiv:2409.04804:lem:lower,H3,f05c18e4c69cbedfe62ca3a26bc0c2012fc087fcfb4e662702547b4272f0d6d4,
164927,2409.04844,v2,Moments of traces of random symplectic matrices and hyperelliptic $L$-functions,"Alexei Entin, Noam Pirani",arxiv:2409.04844:prop_main_sum_estimate,H2,e4997c38c4883147f83357d58488ece5d83b5b08307c45409238b2bc567adfdb,
164946,2409.05050,v7,\sffamily Sampling recovery in Bochner spaces and applications to \\ parametric PDEs,"Felix Bartel, Dinh D\~ung",arxiv:2409.05050:lemma:d_n><,H2,e966d31dc2d029d123e50641fe92e219beef9e757b3753274b0a7fa0a50fbaa9,
164969,2409.05373,v2,Localization operators on discrete Orlicz modulation spaces,"Aparajita Dasgupta, Anirudha Poria",arxiv:2409.05373:pro3,H2,18f0f4085c80a81dcddefcad3660b2a657554465fda237d7dea84375c4bc5e1c,
164970,2409.05376,v2,The heat semigroup associated with the Jacobi--Cherednik operator and its applications,"Anirudha Poria, Ramakrishnan Radha",arxiv:2409.05376:pro3,H2,93209f4ce9e0d94038fc868b7f54532a21c0becb32a5d28e48ecc6e1307661e9,
165001,2409.05743,v2,Khovanov homology \break and refined bounds for Gordian distances,"Lukas Lewark, Laura Marino, Claudius Zibrowius",arxiv:2409.05743:lem:optimal_torus_prtr,H2,cd72a298bd605861353936ae2ed0897048802a18b3a3e8d08f6522ef0ada0801,
165185,2409.08521,v2,Learning to Detect Cyber Attacks: Neural Anomaly Detection for Cybersecurity with Theoretical Insights,"Tian-Yi Zhou$^*$ , Matthew Lau$^*$ , Jizhou Chen , Wenke Lee , Xiaoming Huo",arxiv:2409.08521:lemma:estimationii,H3,33535c8058f4a18c27b82588e8b2e58534f77bdbf30ed9e8c98235317130f45a,
165579,2409.13796,v2,Cyclic Subgroup Graph of a Group,"Peter J. Cameron, A. Satyanarayana Reddy, Khyati Sharma",arxiv:2409.13796:t:diambound,H2,8110e887026e22853d7a747f21d9b2c54fa29bc86299c658a2523407ecc85b9a,
165656,2409.14861,v6,The algebras of the Giry monad: the adjunction with the Giry monad (Theorem 2),Kirk Sturtz,arxiv:2409.14861:thm-adjunction-giry-monad,H2,b7aaa26892bde7ee910c9bab39cf4930eef792b1167df6e34d50c71dee3e9d55,
165677,2409.15056,v2,A Heuristic approach to the Iwasawa theory of elliptic curves,"Katharina M\""uller, Anwesh Ray",arxiv:2409.15056:thm:probability,H2,bc31ec1012ebb6e911aa09c900cb7e7dbc7b96994fd78e37e21c4a4f1d52762e,
165857,2409.17921,v2,Integers that are sums of two cubes in the cyclotomic $\Z_p$-extension,Anwesh Ray,arxiv:2409.17921:lemma3.1,H2,4e2b7c69606bb2c75b6e83295cf5f9ccb22da8f30715f68e4f5867c47e1714cf,
165890,2409.18207,v2,Realization of spaces of commutative rings,"Laura Cossu, Bruce Olberding",arxiv:2409.18207:lem:-basic-patch,H2,b2b321046d9ce5acc6d9cfd7f92be3aed616c4cf0405af8a84e03d65117c6bb4,
165931,2409.18723,v3,On the flows of linear vector fields,M. Jotz,arxiv:2409.18723:lemma_linear_flow,H2,d2d1df5287de56b6f6ddb849f33dc11567b29ed0990e31a0280b5c772712775b,
166008,2409.19819,v2,Anticyclotomic Euler system over biquadratic fields: the ring-class exact sequence,Kim Tuan Do,arxiv:2409.19819:prop-ringclass,H2,cd5e8851d60f1fe4960095dff574f6128d4e2c3e908b0cb9786c8cdc9ffcc2e8,
166020,2409.19957,v4,"Holomorphic Limits of K\""ahler Manifolds",Mu-Lin Li,arxiv:2409.19957:good,H3,1936f508f5e4d721dec0faf2211fc88a5c4fd68b524baad61c830d5725a899ea,
166206,2410.02183,v3,$p$-Dirichlet spaces over chord-arc domains,"Huaying Wei, Michel Zinsmeister",arxiv:2410.02183:8kr,H2,a23fd615d9acf2f5f12f031f296cc4b537966f9998b331b525f72ed0292285a5,
166459,2410.05480,v3,Self-Similar Singular Solutions to the Nonlinear Schrödinger and the Complex Ginzburg-Landau Equations,"Joel Dahne, Jordi-Llu\'is Figueras",arxiv:2410.05480:lemma:tail-bound,H3,b797f00889a7339a6e53627f3ddf575c175db40b32abf065ed9ef70dbc1db731,
166883,2410.11771,v4,Stein's Method for Marginals on Large Graphical Models,"Tiangang Cui, Shuigen Liu, Xin T. Tong",arxiv:2410.11771:thm:margin,H3,025f197b56c9e89420b5fc30c81c90a353afe9980af3f78d5a0e5bd320a9b519,
167105,2410.15125,v4,Pullback Method with Applications to Severi--Brauer Fibrations,"Mridul Biswas, Divyasree C Ramachandran, Biswanath Samanta",arxiv:2410.15125:main-lemma,H2,cb1d86912fdde46dc32cb59d62b5ed33014bdf9e1e5db3ea01f81e38b1ae2335,
167136,2410.15534,v2,Morse index and nullity of rotationally symmetric $Y$-singular minimal surfaces: the resonant surface $Y_{\pi/6}$ (Theorem 4.11),Elham Matinpour,arxiv:2410.15534:thm-resonant-surface,H3,4f77ffe57a8976d675cc13561401e20ce5f8ee8acfc1dddcbe162de7e8e9fe0c,
167254,2410.17167,v3,Height pairing on higher cycles and mixed Hodge structures II,"J.I. Burgos Gil, S. Goswami, G. Pearlstein",arxiv:2410.17167:prop:5,H3,555d778412e922f124e51a877ef695ff29c6f231840a61acf1598d6dd692b273,
167284,2410.17583,v2,On a variant of bilinear spherical maximal function,"Ankit Bhojak, Surjeet Singh Choudhary, Saurabh Shrivastava",arxiv:2410.17583:claim:sublevel,H2,cfc8681f855490fc08819b8e6eb174270d8e9ef92fa27304f9331d82d25d9be2,
167443,2410.20071,v2,$\beta$-Uniform Convexity and Divisible Domains,Amelia Pompilio,arxiv:2410.20071:cor:mainfinsler,H3,4c504044dcd6bc9420e3f8c8ff87e6fc9a1832e7ce71a6a4caa8294e69b26fa8,
167707,2410.23440,v4,The Sample Complexity of Learning Lipschitz Operators with respect to Gaussian Measures,"Ben Adcock, Michael Griebel and Gregor Maier*",arxiv:2410.23440:thm:-s-term:-upper-bounds-for-u_pi(s+1),H3,1b9fbbce5e2ad34cc06154295d57b0f837f318adb2042e1b5d8eb731946bd6f1,
167845,2411.01132,v1,Chern flat manifolds that are torsion-critical,"Dongmei Zhang, Fangyang Zheng",arxiv:2411.01132:prop1,H2,b3529eaa24b2ad46097eb831e5ec40bdaf2bf8285076f2304ec71216f1c397f9,
168136,2411.04477,v5,On Medial Quandle and Detecting Causality: the tangle lemma for medial quandles (Lemma 4.5),Hongxu Chen,arxiv:2411.04477:lem-tangle-medial-quandle,H2,2d65e429849d074e47baf9ca3de7cbf41c849a6ae852cc7e5cabf07a8d1f03da,
168366,2411.07358,v1,When does an infinite ring have a finite compressed commuting graph?,"Ivan-Vanja Boroja, Damjana Kokol Bukov\v{s}ek, Nik Stopar",arxiv:2411.07358:thm:inf_ring_1,H2,c795285cc668d6374e57dd203e3e2c7e6e9fa042d963ed3193dd1d1ed38025f7,
168424,2411.08146,v2,The semiclassical measure of certain spherical harmonics on $\Sb^3$,Xiaolong Han,arxiv:2411.08146:lemma,H2,7bfff439ee505520d54a7c0c82eb1ca3e21d7b342bb9f38738966cf18b1a75da,
168694,2411.11729,v5,Bounds on the realizations of zero-nonzero patterns and sign conditions of polynomials restricted to varieties and applications,"Saugata Basu, Laxmi Parida",arxiv:2411.11729:thm:quantum2,H3,4753a5ad6c5d6065b873469dfe87836120cde74f059a13a551e5003fb578391f,
168843,2411.13723,v3,The elementary theory of free Steiner triple systems,"Silvia Barbina, Enrique Casanovas",arxiv:2411.13723:tree3,H2,aa78bf0a3e4cc770ce4a7264dd36841d9c477d216bda83a8841d41e9c843e999,
168913,2411.14447,v3,Oscillations of random multiplicative functions under initial bias,"Rodrigo Angelo, Max Wenqiang Xu",arxiv:2411.14447:transition,H2,6b7eaf92bccb37893ec5fbae9b0a05200249d87bf61887257fc9287621e21830,
168949,2411.14933,v2,Fast-Decaying Polynomial Reproduction,"Stefano De Marchi, Giacomo Cappellazzo",arxiv:2411.14933:eq_stability_quasi_interpoaltion_fast_decay,H2,cc7b216ff6a8af809e8f244af7e370e46b576c04af39c385b924062973f938a5,
168953,2411.14973,v3,Mean Value for Random Ideal Lattices,"Nihar Gargava, Maryna Viazovska",arxiv:2411.14973:le:gamma_estimate,H3,f2b1de7d421e8584a4876b9b6f4295ed5f7d063eb70453db6dd519756857d499,
169055,2411.16309,v3,The Boolean spectrum of a Grothendieck category,Henning Krause,arxiv:2411.16309:th:decomp,H2,d32c4f46ccb62238c544fbafedb7ff38a19cbf3fc95cc107cd7c81a9be154b01,
169074,2411.16543,v2,Fourier transforms and a filtration on the Lagrangian cobordism group of tori,\'Alvaro Mu\~niz-Brea,arxiv:2411.16543:lem:perturbations_surject,H2,e2ea77c6a81ed9eb15f7ab2a73c325f3363999c47e442393f0095cd3d2f9eaba,
169250,2411.18685,v6,All $4\times4$ solutions of the quantum Yang--Baxter equation,"Marius de Leeuw, Vera Posch",arxiv:2411.18685:lem:regularrll,H2,c46db05c7714840db1e641cd4b4c82f5227f4e52974b7e4eeb79a1d1611ffd9b,
169320,2411.19444,v8,Capital Asset Pricing Model with Size Factor and Normalizing by Volatility Index,"Abraham Atsiwo, Andrey Sarantsev",arxiv:2411.19444:lemma,H2,41465297c6b1b6bfe50e67842418e28ce246f4123b7f0b13002ddf8c58e6d98c,
169340,2411.19694,v5,Multiple positive solutions to a perturbed Gelfand problem involving mixed local-nonlocal operators and singular nonlinearity: the Hopf-type strong comparison principle (Lemma 6.4),Sarbani Pramanik,arxiv:2411.19694:lem-hopf-second,H3,deeef71c995bc4375f797e02fda20690fdeb390709fbd4f281a4a9a79578cfbe,
169526,2412.02382,v3,Decentralized projected Riemannian stochastic recursive momentum method for smooth optimization on compact submanifolds,"Kangkang Deng, Jiang Hu",arxiv:2412.02382:lem:inequa,H2,4bd1563fb921451bdbfc7ed65027d997efc0a87b922385e9dcd2fa21aa7e88ad,
169655,2412.04143,v3,Pin Classes I: Growth Rates: the growth rate of the box-plus class as a limit over tails,Ben Jarvis,arxiv:2412.04143:prop-limprop,H2,5523ab6990c0355b585ae2f7c183bc39252f2028b6b62d67234586a1df94f3c3,
169671,2412.04364,v4,Short hierarchically hyperbolic groups II: quotients and the Hopf property: the broad case of two odd components,"Giorgio Mangioni, Alessandro Sisto",arxiv:2412.04364:prop-2_odd_broad,H2,9cf331ecf14f798ed570c2a812165ceacfe32291362baa4a36233481a402150b,
169686,2412.04596,v3,Learning Nonlinear Finite Element Solution Operators using Multilayer Perceptrons and Energy Minimization: the energy identity for the nonlinear problem,"Mats G. Larson, Carl Lundholm, Anna Persson",arxiv:2412.04596:lem-nonlinenergyident,H2,74bba520e463591b362a71ef3a5d64f9b9bbacd43a32af7b3cd103c413ad8a26,
170381,2412.14558,v3,The adjacent Hindman's theorem and the $\mathbb Z$-Ramsey's theorem,"Bruno Fernando Aceves-Mart\'{\i}nez, David J. Fern\'andez-Bret\'on, L. F. Romero-Garc\'{\i}a, Luis F. Villag\'omez-Canela",arxiv:2412.14558:higher-zrtversusaht,H2,142e4d1fec46a699fee5cd66a6cc728d5efb4dfea2759bc325ec029c0c197128,
170998,2501.00542,v5,An Atomic Representation for Bicomplex Hardy Classes,William L. Blair,arxiv:2501.00542:generalbchardyrep,H2,79190dd8b19e4e8927d912b84fd3da7637155692f724d3937d82e68a7c83402f,
171224,2501.03232,v3,Enumerative Geometry and Tree-Level Gromov--Witten Invariants,"Reginald Anderson, Carrie Frizzell",arxiv:2501.03232:proposition,H2,5d5d2e88a19ca33f0c3d681eecdf56c5b45eebd2b29d49d26ef4fb8f57ca0658,
171236,2501.03369,v2,Arithmetic genus inequalities with an application to sums of squares,"David Grimm, Gonzalo Manzano-Flores",arxiv:2501.03369:l:g-fixpoint-pivot-count,H2,0973f2e76ec0f1961e05071a60a44f917d83de6ae102e7d82c351e3bd21e160f,
171337,2501.04506,v2,On the comparison principle for a nonlocal infinity Laplacian,Frida Fejne,arxiv:2501.04506:thm:comparison,H3,ac801a23ce69de8097fa91346e31416ee104c3862c815a7eb20c21a5cf5807a2,
171520,2501.06944,v3,Structure theorem for log de Rham-Witt sheaves with vanishing,Fei Ren,arxiv:2501.06944:thm1,H2,fb3a1a284c62a35c68a7a6d18b4056d29b7ce453e07ee292ac9d3494bf55484a,
171555,2501.07494,v2,Strengthened upper bound on the third eigenvalue of graphs: the block construction is optimal,Sida Li,arxiv:2501.07494:thm-block,H2,8ccb17268aca4f1f49bb814b03120b87e8a7b43e05bfbc592bec8d6aa5e70c31,
171589,2501.07993,v2,The regular singular inverse problem in differential Galois theory: the specialization lemma for regular singular equations (Lemma 2.13),"Thomas Serafini, Michael Wibmer",arxiv:2501.07993:lem-regsing-specialization,H2,fa942827d8f93e45bc727ba22e9fcfad75cf0896ccfdb514919ccbf253271688,
171628,2501.08757,v4,Transient Instability and Patterns of Reactivity in Diffusive-Chemotaxis Soil Carbon Dynamics,"Fasma Diele, Andrew L. Krause, Deborah Lacitignola, Carmela Marangi, Angela Monti, Edgardo Villar-Sep\'ulveda",arxiv:2501.08757:prop_15,H2,468f04fb555c95a5436248bbe95b0d83fa1e61f61e1476f4b93514bf8fcd9089,
171681,2501.09518,v3,On Round Surgery on framed links and their Diagrams for 3-manifolds,"Prerak Deep, Dheeraj Kulkarni",arxiv:2501.09518:lem,H3,001c50470424906860822fe6cfb89f08a476b4cd68702aadfdd446549f6e881e,
171853,2501.11488,v3,Regularity and Uniqueness for a Model of Active Particles with Angle-Averaged Diffusions,"Luca Alasio, Simon Schulz",arxiv:2501.11488:lem:h1-p,H3,58f263147e5e8d1a48415efc1986d9993ad5f1c7d09ed2891cf3c614b6b1565a,
172058,2501.13872,v2,Global existence of Lagrangian solutions to the ionic Vlasov--Poisson system,"Young-Pil Choi, Dowan Koo, Sihyun Song",arxiv:2501.13872:lem:c1,H2,e4e0767ee4f5c87c0ea824a748c5de6d3ea43ae3411b388e86b1d924940bdd0b,
172089,2501.14299,v2,Removable singularities for nonlocal minimal graphs,Minhyun Kim,arxiv:2501.14299:lem-step2,H2,81df6986e5228745dd8b94f2e7202f6ac165c591a766fe28745a646babb0e63f,
172206,2501.15682,v2,Zoll Manifolds of Type $\bCP$ with Entire Grauert Tubes,"Chi Li, Kyobeom Song",arxiv:2501.15682:bundle,H2,592581856017fbb3799877f1205ea06c822c5c32945770266dcb736ec00dc3a9,
172218,2501.15784,v4,Constructing stable Hilbert bundles via Diophantine approximation,"Yucheng Liu, Biao Ma","arxiv:2501.15784:thm:for-each-,",H3,42d3499ca11e1fd2849e37af12d897ba7aca2c53eebfb2c9270d134342ad9205,
172262,2501.16267,v2,The largest automorphism group of del Pezzo surface of degree $2$ without points (Theorem 1.4),Anastasia V. Vikulova,arxiv:2501.16267:thm-nopoints,H2,4b197ccf65887d175fbac960357fabfd11511a62aaa629811abeb6ea305dcdeb,
172288,2501.16632,v4,Optimal upper bound for degrees of canonical Fano threefolds of Picard number one,"Chen Jiang, Haidong Liu, Jie Liu",arxiv:2501.16632:thm.langerineqii,H2,9106903185fdc291a5c2bdc04e0c5157801618b755b98079f76f6f8a81b6db2e,
172467,2501.18570,v4,On the intersection of pairs of trees,"Mikl\'os B\'ona, Fabian Burghart, Stephan Wagner",arxiv:2501.18570:prop:moments,H2,d4a1b23b78687273540ce1daab8af3e795d3ac2342fd501251680c6b572f710b,
172775,2502.02981,v1,A determinant on birational maps of Severi-Brauer surfaces,Elias Kurz,arxiv:2502.02981:largecalc,H2,b2cd685a66c9d41040d8e556db848375d3872d916874840aa6a7ae9e637ab3f2,
172887,2502.04540,v2,Meta gaming in geometric group theory,"Raphael Appenzeller, Kevin Klinge",arxiv:2502.04540:thm:meta-gaming,H3,1ec7389167cea81d37dd44cf65738e2f58fc25b3b80f5ba3dd35a4cd364ccea5,
173227,2502.09176,v4,"On the source algebra equivalence class of blocks with cyclic defect groups, II","Gerhard Hiss, Caroline Lassueur",arxiv:2502.09176:minimalpolynomialanddeterminant,H2,ddae329cd1b7d2151b85fc494e6d220403027edee56a2252c73d8bebdcfb9260,
173570,2502.14266,v4,Homomorphism Counts Quadratic Residues,"Priyabrata Mandal$^*$, Sonu Kumar, Deep Bhattacharjee",arxiv:2502.14266:thm:div,H2,b12d01245ec43c865d597b620dbf91235a2f44eb79257da3fc18a182fdd9dc15,
173692,2502.16015,v2,On the computation of the cumulative distribution function of the Normal Inverse Gaussian distribution,Guillermo Navas-Palencia,arxiv:2502.16015:theorem_expansion_xmu_b0_postivie_remainder,H2,1cc7e4bdad740a6d2b87bc6839d96f7fb5b7a0c0478ad0ac80adf6c0a507bfde,
173765,2502.16953,v2,A unified analysis on the speedup of accelerated gradient methods: An inertial dynamics approach,"Zepeng Wang, Juan Peypouquet",arxiv:2502.16953:lem:-e_k_bound_pl,H2,3c626a39af665ce86625cc85dc57ea4e794634f6b13c9e38f6483e5333fd1ad6,
173770,2502.17031,v4,On homological properties of some Cynk-Szemberg octic hyperplane arrangements,"Marek Janasz, Piotr Pokora",arxiv:2502.17031:gen,H2,05815d98b5cd8d1f38396f360482350e7e4715b4123d0989a20d5af950252850,
173787,2502.17223,v2,"On the admissibility of bounds on the mean \\of discrete, scalar probability distributions\\ from an i.i.d.~sample","Erik Learned-Miller, George Bissias",arxiv:2502.17223:thm:conditional_optimality,H2,e26b6d1ef9b7fb178e37035f2217d25c50d088e9534b5ab3c6c3d3b91d95cc28,
173927,2502.19598,v2,Equivariant unirationality of Fano threefolds,"Ivan Cheltsov, Yuri Tschinkel, Zhijia Zhang",arxiv:2502.19598:prop:cubic-gen,H2,051eaf07de9f13a49af3f55fdc9d1547387f2e3c8db9fa5877907c32b75a9296,
174048,2502.21249,v2,A relax-fix-and-exclude algorithm for an MINLP problem with multilinear interpolations,"Bruno Machado Pacheco, Pedro Marcolin Antunes, Eduardo Camponogara, Laio Oriel Seman, Vin\'icius Ramos Rosa, Bruno Ferreira Vieira, Cesar Longhi",arxiv:2502.21249:prop,H2,5a1fda1f2654d043f25cb35afdf245660af74441029a2427cc575c8ccc136170,
174115,2503.01032,v3,On a problem of Caro on the $\Z_3$-Ramsey number of forests,"Jos\'e D. Alvarado, Lucas Colucci, Roberto Parente",arxiv:2503.01032:prop:siblings-upper,H2,1e72be629f08714fe48da501ee13c2ad76c27cf53de979961dcab62fd3a2df4a,
174376,2503.05311,v4,Upper tail bounds for irregular graphs,"Anirban Basak, Shaibal Karmakar",arxiv:2503.05311:main-proposition,H2,f530460b7970ddf5741b323666910d92f05eca117aaa5ab3b5ebb877e8db3e9c,
174579,2503.08457,v2,Higher Riemann--Hilbert Correspondence and Descent for Regular Foliations,Qingyun Zeng,arxiv:2503.08457:thm:local-rh,H3,9f11cc0ec9c594cdfceb0b16c8e777f205f070d2d6209f0a496f6e003c781520,
174661,2503.09732,v2,The modified boundary contact process:\\ invariant measures and critical extinction,C\'elio Terra,arxiv:2503.09732:prop_uniquenessmeasure,H3,64ccc49aa9185e1dada1f3904e465fb5c5c33a535e320791d68f0ec4c0015a0c,
174754,2503.11322,v2,Gap estimates for the spectrum of $m$-bonacci numbers,"Anna Chiara Lai, Paola Loreti",arxiv:2503.11322:cor1,H2,fdfb0823264d215a94a583ae2fc92a9b37b7b7a616b02c139d3d22fe17fc6c44,
175048,2503.15240,v3,Powerfully embedded subgroups of extensions of powerful pro-$p$ groups and its applications to automorphisms of finite groups,"Sathasivam Kalithasan, Tony N. Mavely, Viji Z. Thomas",arxiv:2503.15240:inng-powerfully-embedded-in-aut_phi(g),H2,a380cd775924e66de636509295ead2ff876273e035cd6412fe47042fe6531324,
175107,2503.16209,v2,"High-dimensional sparse recovery from function samples -- Decoders, guarantees and instance optimality (Theorem 2.8)","Moritz Moeller, Sebastian Neumayer, Kateryna Pozharska, Tizian Sommerfeld, Tino Ullrich",arxiv:2503.16209:thm-error-recovery-ops,H2,db65a8a15e67baa001ea5214fa1be7cd0124cc4fee2ba7686018e78943d1c1cf,
175132,2503.16626,v3,Continuous functions on limits of F-decomposable systems: an LUR renorming of $C(X)$ for $F_d$-compacta (main theorem),Todor Manev,arxiv:2503.16626:main-thm-lur-renorming,H2,b0d3e981a809c2f6132bf1f3dc180ab676fb04d1d744a33ec171df872339fa0b,
175357,2503.19686,v2,Distinct differences of singular moduli,"Guy Fowler, Emanuele Tron",arxiv:2503.19686:lem:small,H2,a8c88838269cb4bb3ff373ad135941acedad1a20772eaf1fb9c866baec5c0a00,
175451,2503.20942,v5,Quantum Max $d$-Cut via qudit swap operators,"Igor Klep, Tea \v{S}trekelj, Jurij Vol\v{c}i\v{c}",arxiv:2503.20942:eq:-type-8,H3,fd61f23c723bba4c2f85987de30fdf8161bfea4ec761aaa94b61f8a66a7fdcc8,
175455,2503.20982,v3,Permutation polynomials with a few terms \\ over finite fields,"Kirpa Garg, Sartaj Ul Hasan, Chunlei Li, Hridesh Kumar, Mohit Pal",arxiv:2503.20982:t05,H2,4f1045eb209fcafe4eb69b1bcf5a016d420991b9e34ba6ac280c10be72c34566,
175535,2503.22067,v3,Descent generating polynomials for ($n-3$)- and ($n-4$)-stack-sortable (pattern-avoiding) permutations,"Sergey Kitaev, Philip B. Zhang",arxiv:2503.22067:lem-length-3,H2,6164773744023f912fab4090efc5920f5edfb3d6780e022f7b8cfad9877af353,
175570,2503.22631,v5,Accelerating a restarted Krylov method for matrix functions with randomization,"Nicolas L. Guidotti, Per-Gunnar Martinsson, Juan A. Acebr\'on, Jos\'e Monteiro",arxiv:2503.22631:theorem:similarity,H2,6c47e306b77aa1ef122b56b4ff0f03f3bf4d0c85c2fa18ee704ed05f632c30d6,
175578,2503.22700,v5,On two Romanoff type problems of Erd\H{o}s,Yuchen Ding,arxiv:2503.22700:prop-metric,H3,3ab30a5fffb58d2c0f0cd1e105e504e5cf38f4b1204f1aa6ccc43e328e5cbb28,
175864,2504.02065,v4,Levelable graphs,"Kieran Bhaskara, Michael Y. C. Chong, Takayuki Hibi, Naveena Ragunathan, Adam Van Tuyl",arxiv:2504.02065:lemma.connected,H2,e1a43825e09531622ec853e26b592c55277e2f933b2bd792800f7f306a9b9584,
175958,2504.03285,v2,Dynamic Optimal Transport with Optimal Preferential Paths,"Marcello Carioni, Juliane Krautz, Jan-F. Pietschmann",arxiv:2504.03285:thm:compn,H2,a10fa75f1165b368731fc31d2e86d54a04addb453e14ae1ac03aadcbb9e74c32,
175989,2504.03566,v2,Nonlinear spectral graph theory,"Piero Deidda, Francesco Tudisco, Dong Zhang",arxiv:2504.03566:thm_spectral_min_partitions,H2,2516869cf4198e0540db5bd477bd560c869150d312f803ff43f8966735aced2a,
176027,2504.04078,v4,"The rationality problem for multinorm one tori: the quasi-permutation theorem for $G_{m,\nu}=C_{m}\times D_{2^{\nu}}$ (Theorem 6.7)","Sumito Hasegawa, Kazuki Kanai, Yasuhiro Oki",arxiv:2504.04078:theorem-6.7-quasi-permutation-nlqp,H3,620f89fbd29b8d8f2fc779f35160eeb444b15250bc5fda2a01d93660f16751ea,
176031,2504.04109,v6,Variation of cones of divisors in a family of varieties -- Fano type case,"Sung Rak Choi, Zhan Li, Chuyu Zhou",arxiv:2504.04109:prop:-mori-chamber-for-eff,H2,77f8243fd08c7df48fe1d73e64ff6f34e39cdcbb778a3c4fc13575c27acfc2a1,
176033,2504.04114,v3,Polynomial functors from free groups to a stable $\infty$-category,Gregory Arone,arxiv:2504.04114:prop:nat-from-sym3x,H3,aabe7f26bf3904ff19a913f470e30c152e4987b7613ca8f59bf72fec4093137c,
176342,2504.08075,v2,Programs as Singularities,"Daniel Murfet, Will Troiani",arxiv:2504.08075:lemma:comparable_hessian,H2,c01da4c5237eb482f069d7673cf407705b7157e2648b5baea3b07ed867ce1648,
176347,2504.08109,v2,Twist-structures isomorphic to modal Nelson lattices,"Paula Mench\'on, Ricardo O. Rodriguez",arxiv:2504.08109:proposition,H2,2a9d6f312ecb805c934c195ce8de0cdd85d80161913dd4653dff3c7ae5289bde,
176380,2504.08374,v2,Generalized Space Time Fractional Skellam Process,"Kartik Tathe, Sayan Ghosh",arxiv:2504.08374:recurrence.gsfsp,H2,f2846d1c4f8706e8e5d3088ffe01fc24df82168985b433c63cc7dd2d23b4e8aa,
176499,2504.10131,v2,A three-functor formalism for commutative von Neumann algebras,"Andre G. Henriques, Thomas A. Wasserman",arxiv:2504.10131:prop:tensstandard,H2,7adc7c82aa373a707f7e086a5b948cc1d8ec0fff1433fc350f0f76ac88ebe8f0,
176829,2504.14829,v3,$\m$-ideals: from Banach spaces to rings,"David P. Blecher, Amartya Goswami",arxiv:2504.14829:fix,H2,3971c292d931d0683269535e011000ac1e4b78ea65b3dedc52bb97488fa63dc4,
176920,2504.16154,v2,On the convergence of a perturbed one dimensional Mann's process,Ramzi May,arxiv:2504.16154:l2,H2,f2bbe8e371dfcd560fc793cc5f54520677e8881ed24a4f55f92ff1617a7cc951,
177037,2504.17580,v2,A linear test approach to global controllability of third- and fifth-order nonlinear dispersive equations,Debanjit Mondal,arxiv:2504.17580:prp_existence,H2,ba81e2f56fe0dbc9fd72ff940907cf6a6d2d5a91d35868b3d94158b09408dd4a,
177089,2504.18354,v3,Homogeneity in Coxeter groups and split crystallographic groups,"Simon Andr{\' e}, Gianluca Paolini",arxiv:2504.18354:15janvier2026,H2,8fbc498aa5c63cc2e33cf3fb0fd2c59a488099c703fe36cc6f98764896b49983,
177193,2504.19743,v5,Generalized Hilbert matrix operators acting on\\ weighted sequence spaces,Jianjun Jin,arxiv:2504.19743:l-6,H2,b8b31d11d850828e269d6861021ff30a97763678d87fa7513f627e77db665ad2,
177255,2504.20523,v3,On an Initial Value Problem Describing the Small Oscillations of a Floating Cylinder,"Vicente Ocqueteau (IMB), Marius Tucsnak (IMB)",arxiv:2504.20523:formula_hilbert,H3,ffb8267c7e9b9c3d37e8ca1bd13e16eb614386722bce9d20bf9ee72121cec806,
177304,2504.21098,v6,Sampling biased spanning forests through marked vertices,Yves Le Jan,arxiv:2504.21098:lemdet2,H3,d56a509df5548409d35949b6bc564af44cf614f7b1d686f3198bbda6ea2e3ca1,
177397,2505.00328,v2,The spectral characteristics of the Sturm Hamiltonian with eventually periodic type,"Jie CAO, Zhenyu Yu$^*$",arxiv:2505.00328:primitive,H2,a99a3767c1d3461b542ac940fe3d070c4a1e1a741dc594f147767dca2f3bc155,
177458,2505.00922,v4,"Cluster deletion in cographs, permutation graphs, and graphs with bounded clique number","Nicola Galesi, Tony Huynh, Arnaud Patey, Fariba Ranjbar",arxiv:2505.00922:thm:tight,H3,287edc7f172587c38bca0d81d151cb3653f61b8e8e8ca86e41ce531698026d43,
177526,2505.01733,v4,Free line arrangements with low maximal multiplicity,"Alexandru Dimca, Lukas K\""uhne, Piotr Pokora",arxiv:2505.01733:propcomb,H2,94adaf3a5582e6daaec13d622f69d5041407db6d4961dd41fa56fa1cbfbce999,
177675,2505.03544,v2,Infinitesimal characters and Lafforgue's pseudocharacters,"Vytautas Pa\v{s}k\=unas, Julian Quast",arxiv:2505.03544:etale_cover,H2,89ede5c9c6455667b05b85f9213380c9ef287216a3fe21507190a3471e582e11,
177719,2505.04092,v1,On the boundary polynomial of a graph,"Walter Carballosa, Marcos Masip, Francisco A. Reyes",arxiv:2505.04092:theorem,H2,17d2d6383f8e82a64fcccb49f5cee542b7edf93b24b2066b8817750d29d478ba,
177877,2505.06229,v2,\Large Neural Network Operator-Based Fractal Approximation: Smoothness Preservation and Convergence Analysis,"Aaqib Ayoub Bhat, Asif Khan,, M. Mursaleen",arxiv:2505.06229:thml,H2,c519e3da63fdbdda2c2c3c73c54c7205c3ebdaad73952d20a7bedd8378f63504,
178090,2505.09078,v2,An accelerated proximal PRS-SQP algorithm with dual ascent-descent procedures for smooth composite optimization (Theorem 1),"Jiachen Jin, Guodong Ma, Jinbao Jian",arxiv:2505.09078:thm-global-convergence,H2,53b637a17664f4e2988a14573443a4744111873dd47f9f834163964bce5fa9c4,
178248,2505.11602,v3,Regularity and Stability Properties of Selective SSMs with Discontinuous Gating,"Nikola Zubi\'c, Davide Scaramuzza",arxiv:2505.11602:prop:sampled_lmi,H2,6ae2664d309a0d915a98208329cfe9c600b77d90c3827e952843cfb861747b67,
178592,2505.16766,v3,"Dynamical Geometry of Principal Bundle Constrained Systems:\\Compatible Pairs, Contact Degeneration, and Adapted Metrics",Dongzhe Zheng,arxiv:2505.16766:thm:critical,H3,a51b2f748e1103e98b1ae0d8921e09568db1859315f7c087b343e718de87d077,
178803,2505.20462,v4,"Bounded cohomology, quotient extensions, and hierarchical hyperbolicity: the pullback lemma for quotient extensions","Francesco Fournier-Facio, Giorgio Mangioni, Alessandro Sisto",arxiv:2505.20462:lem-qce-pullback,H2,f6c6b670432add4d7994e86a06b74c6edcb264a49879b6b8c96e9c646283b16c,
178981,2505.23216,v2,Trefftz Discontinuous Galerkin methods for scattering by periodic structures: the explicit stability estimate away from Rayleigh--Wood anomalies (Theorem 3.5),"Armando Maria Monforte, Andrea Moiola",arxiv:2505.23216:theorem-3.5-explicit-stability,H3,d5dea7ba19343db0ce917450cf019e5f2faaa901c678d1c2da187c84098ee35f,
179029,2505.24109,v2,Bernstein-type theorem for constant mean curvature surfaces in the isotropic 3-space,"Shintaro Akamine, Wonjoo Lee, Seong-Deog Yang",arxiv:2505.24109:lemma2,H2,dde7b73a8bd98b03e60c3ed83fabe42aeb0e050416858d839ab44a9d84a11535,
179044,2505.24526,v2,Spaces with the maximal projection constant revisited,Tomasz Kobos,arxiv:2505.24526:lemisometric,H2,e47714ee141893e7aac150185bceb7efcbe8e07a30e5f2ade5292d09e21b15d3,
179108,2506.00728,v3,Geometric Duality Between Constraints and Gauge Fields: Mirror Realization and Reduction Geometry on Principal Bundles (Theorem 6),Dongzhe Zheng,arxiv:2506.00728:thm-diagonalization-base,H2,cf8102dda238a30e021cf431b85addbe0cea6be9c75b875015c67bb9e174c98a,
179199,2506.02340,v3,On the heat kernel of a Cayley graph of $\operatorname{PSL}_2\mathbb{Z}$: the completeness of the eigenfunction family,"Anders Karlsson, Kamila Kashaeva",arxiv:2506.02340:prop-completeness1,H2,29a5c743f377d69acc235babe48a071e563388f42bf9f4cf7057ad7f6156d254,
179225,2506.02810,v2,Gromov-Wasserstein bound between Reeb and Mapper graphs,"Ziyad Oulhaj, Mathieu Carri\`ere, Bertrand Michel",arxiv:2506.02810:prop:dis_equiv,H2,cb60b7b5ad5e73bf6bee605ed7875cc8b4868cfd7ddbd97c139f4e52372242bb,
179230,2506.02862,v3,Localized frames without inequalities,"Peter Balazs, Lukas K\""ohldorfer, Michael Speckbacher",arxiv:2506.02862:beta,H2,9901e50438b53197b9ddda185888dcd326a4537b2a9b2d837a8b3f4af77090d0,
179279,2506.03623,v4,"The Obstacle Problem Arising from the American Chooser Option: $C^{1,\alpha}$ regularity of the two free boundaries (Theorem 4.9)","Gugyum Ha, Junkee Jeon, Jihoon Ok",arxiv:2506.03623:theorem-4.9-c1alpha-free-boundary,H3,6c72525ce6e4a6aeb7e010386bc2ed0b28965aedf0b7bbcd71bc8c52746f30ad,
179346,2506.04498,v3,Blow-up and blow-up-time estimates for a singular pseudo-parabolic equation with a space--time variable exponent,"Nguyen Thanh Tung, Le Xuan Truong, Tan Duc Do, Nguyen Ngoc Trong",arxiv:2506.04498:thm:positive,H3,4c29ca0e89b2c86928e90778a792b134ddc99da0a6418c10fd2cb85932f61527,
179569,2506.07934,v4,Codimension-Two Spacelike Submanifolds with Umbilical Lightlike Normal Sections and Their Relationship to Lightlike Hypersurfaces,Juan S. G\'omez,arxiv:2506.07934:propo2,H2,52dbb4de07570480ec4ba005431c73a5f851db8bd3c5683bf859cb336f4a526b,
179702,2506.09961,v3,A Branch-and-Cut Algorithm for the Optimal Design of Parking Lots with One-way and Two-way Lanes,"Helen Thomas, Tarun Rambha",arxiv:2506.09961:theorem,H2,9f92c5c819e7ef423c5685870a66e209a9ea2eef9616f6053c381635189a8fb7,
179945,2506.13378,v2,"Radical-Ideal Functors, a Support Bifibration, and Quantale Completion for Commutative Semirings","Pronay Biswas, Amartya Goswami,, Sujit Kumar Sardar",arxiv:2506.13378:thm:k-ideal-quantale-adjunction,H3,983445c205be27c8f1261afbf844df6643b604d553ce91ae624dd7bb86e5f96e,
180060,2506.15111,v2,The Legendrian Hopf Link has exactly two Lagrangian fillings,Bryce Thomson,arxiv:2506.15111:lem:horiziso,H2,2d43bf05f53269c362ec39a30b6bae8bbc9c59eba5d6f7e04249b201d5319ed0,
180149,2506.16333,v5,RELATING DIFFERENT DEFINITIONS OF LINEAR SERIES ON TROPICAL CURVES,Eric Burkholder,arxiv:2506.16333:lem:limits-2,H2,636a5d295be0c29034aa7a4d2ef328176a1518e2a356906c76bb9f67c3ce63fc,
180243,2506.17531,v2,Sharp $L^p$-estimates for wave equation on $ax+b$ groups: the sharp polynomial-in-time lower bound (Proposition 5.1),"Yunxiang Wang, Lixin Yan",arxiv:2506.17531:proposition-5.1-sharp-lower-bound,H3,683c1048471e4cb8654f436f512f94145106baef2498fd733b30fae2a31e9545,
180312,2506.18215,v3,Estimating quantile treatments without strict overlap,"Marco Avella Medina, Richard A. Davis, Gennady Samorodnitsky",arxiv:2506.18215:e:regvar.est,H2,a44923e57e07d41a36133f78490dcb72a32292875c73a11038f04e9d5d40fb59,
180360,2506.18782,v4,Triangle-free subsets of the $r$-distance graph of the hypercube,"Padmini Mukkamala, Ananthakrishnan Ravi",arxiv:2506.18782:thm:lower-main,H3,6f88fc88cdc3c3a706c4df773addf0e2caf3284b77f8cddc9a941d9711bbd3e2,
180682,2506.23119,v2,Asymptotic expansion of the resolvent of the discrete bi-Laplacian at both thresholds for all six resonance types,Sisi Huang and Xiaohua Yao,arxiv:2506.23119:thm:asymptotic_expansion,H3,4163f8437ee0d4c995b648722b935ca4ee116d1942988c3b35f41345b846ce3a,
180847,2507.00910,v3,"The Sadovskii vortex family: existence, regularity and orbital stability of axis-touching maximizers","Ken Abe, Kyudong Choi, In-Jee Jeong, Young-Jin Sim and Kwan Woo",arxiv:2507.00910:thm:sadovskii_family,H2,40fe729f56ad19986a371de95ba0b6b210681011477d262d5a8ca18f1ab41e66,
180972,2507.02823,v4,Osculating Geometry and Higher-Order Distance Loci,"Sandra Di Rocco, Kemal Rose, Luca Sodomaco",arxiv:2507.02823:prop:-gedd-k-regular-surface,H2,9c260a2524eae9329a781a5ecc7ad3a0141f9e764790c28608eaa1d7e09c834c,
180993,2507.03091,v2,Twisted Bredon-Illman Cohomology is a Morita Invariant,"Carla Farsi, Laura Scull,, Jordan Watts",arxiv:2507.03091:proposition,H2,0cb43b1fbf76f4b287d8d731d0ff43980058f5e7674730cffa47c8d5cc1c1075,
180999,2507.03151,v2,Complexity of learning matchings and half graphs via edge queries,"Nikhil S. Mande, Swagato Sanyal, Viktor Zamaraev",arxiv:2507.03151:lem:sorting-thr-equiv-colpermuted,H2,4704fdb70d633de4c2a239bf86f51b4dd6b93c4056cbe1f415f8f744f3832f3b,
181110,2507.04637,v2,Characterization of Generalized Alpha-Beta Divergences and Associated Entropy Measures,"Subhrajyoty Roy, Supratik Basu, Abhik Ghosh, Ayanendranath Basu",arxiv:2507.04637:lem:gab-sufficient,H2,0cf8155afa51e4a6c28c20edf98b06241106f9d36126e6e8dc41fae47491cead,
181150,2507.05059,v5,Asymmetric Self-similar Spiral Solutions of\\2-D Incompressible Euler Equations,Hyungjun Choi,arxiv:2507.05059:lem:3.6,H2,99b5ca48f824e36c327e22ec4d9beaf34c4999e4c2b5653976a6a6e4327c7777,
181172,2507.05395,v2,A Pogorelov estimate along flat directions for optimal transport on convex domains,Tristan C. Collins and Freid Tong,arxiv:2507.05395:prop:VeryGenPog,H2,e83a1def829cbceecaecbf7e3412b5c0654fd67e8309e4812db87c462672d5f8,
181224,2507.06007,v4,Local Craig interpolation is equivalent to preservation of weak pullbacks by the forgetful functor,Matteo De Berardinis and Silvio Ghilardi,arxiv:2507.06007:thm:craig,H2,a79575cfaa5337f0366e870f85524aa0524fc5b365f10536067db88d56494946,
181283,2507.06707,v4,Bias Reduction by Multiscale Quasi-Interpolation for Scalar- and Manifold-Valued Functions,"Asaf Abas, Nir Sharon",arxiv:2507.06707:thm:spectral-damping,H2,dd324b717d09382b649628d76be6e20b7b6325be0b982a167d33c75ee32bf30f,
181286,2507.06754,v3,Exact counts of elliptic curves of bounded height over $\mathbb F_q(t)$ in characteristics $2$ and $3$,Jun-Yong Park,arxiv:2507.06754:prop:nonsmooth,H3,55d081a4c6583cd809f45ce418f7eaa6aed1bb562c291bdda9349bb7b149c6e4,
181378,2507.07922,v4,Commutation up to natural isomorphism for logical topological groupoids,Ali Hamad,arxiv:2507.07922:lem:logical_groupoids,H2,519c75c0d7a609db6f60c08f2265d6bf74d2eef6c17129146a64d12c21ba9e84,
181462,2507.09182,v1,Systolic embedding of graphs on translation surfaces,"Achintya Dey, Bidyut Sanki",arxiv:2507.09182:theorem,H3,8b6a18ecb2769e35fb7c62ed2df79c1b919b2125d39bbad5d6aacba617ccbf46,
181497,2507.09652,v2,Machine-Precision Prediction of Low-Dimensional Chaotic Systems from Noise-Free Data,"Christof Sch\""otz, Niklas Boers",arxiv:2507.09652:theorem,H3,cc2dbfa095fb8a16dd0d5826a46ff23f075118d3cb323f85d20af0d98d6b83c1,
181499,2507.09668,v2,Geometric multiscale analysis via nonstationary subdivision schemes,"Hadar Landau, Wael Mattar, Nir Sharon",arxiv:2507.09668:thm.-details-decay,H2,8844f11eb5520f79042fa0f31c3ca8a5e23fa6cb961c95feecdcb63a763f9fc0,
181570,2507.10506,v4,Optimal decay rates for linear kinetic equations \\ in the half-space,"\'Emeric Bouin, St\'ephane Mischler, Cl\'ement Mouhot",arxiv:2507.10506:lem:moments_unbdd_vel,H2,788b5fc9df7bafe1ee341cc25f8d4bda12c7b553851b7fce34eb23c65de13c13,
181645,2507.11686,v2,Multiset Metric Dimension of Binomial Random Graphs,"Austin Eide, Pawel Pralat",arxiv:2507.11686:thm:upper_bound,H2,245a3016df225ef15742660fafe31a3dbf3ecdfdabbf5e98ec9072681d67d795,
181671,2507.12091,v2,Better Convergence Guarantees for Sign-Based Momentum Methods: the MVSM-v2 last-iterate convergence guarantee (printed as Theorem 4.4),"Wei Jiang, Dingzhi Yu, Sifan Yang, Wenhao Yang, Zechao Li, Lijun Zhang",arxiv:2507.12091:theorem-4-4-mvsm-v2-last-iterate-rate,H3,1b0cd35214db2eda8861ef24c42be400461d1155f4bb2dea412be46f74abb087,
181918,2507.15196,v6,Entropy Expansion for General Polynomial Images\\ of Frostman Random Variables,"Alex Iosevich, Thang Pham, Nguyen Dac Quan, Steven Senger, Boqing Xue",arxiv:2507.15196:prop_pham_correlation,H3,de2acc38ea9e380570cdf69372949e599ceb142cc63496172f4b06bae0e68974,
181955,2507.15657,v2,Bicomplex Hardy Classes of Solutions to Beltrami Equations and the Schwarz Boundary Value Problem,William L. Blair,arxiv:2507.15657:thm:-bcbelbvcon,H2,21869dcd20da4de5232bc80314331d9e3500ef6a3a03880642994aae511c42e9,
181979,2507.15992,v3,"Point counts, automorphisms, and gonalities of Shimura curves","Pietro Mercuri, Oana Padurariu, Frederick Saia,, Claudio Stirpe",arxiv:2507.15992:lemma:-cs_geom_hyperelliptic_bound,H2,77778bb642e861b571b861e8203ddff0804059ee060422719bbe35c4d1f207d4,
182063,2507.17231,v2,Upper bounds for graded Betti numbers of projective schemes in the first nontrivial strand,"Doyoon Ha, Minjae Kwon, JeongDon Lee, Jinhyung Park",arxiv:2507.17231:lem:bs-bound,H2,0139b4b1530a0e1ca6573e67af7e854b0b9b4ec7590c3518fd9317dff3aa0df5,
182082,2507.17469,v2,Nonlinear rough Fokker--Planck equations,"Fabio Bugini, Peter K. Friz, Wilhelm Stannat",arxiv:2507.17469:lemma:remainderintaylorexpansion,H2,ca68adcbb2290ca9be33d7cdcb1359fb21aefd5baf2a383751efbc35059ad019,
182160,2507.18553,v4,The Geometry of LLM Quantization: \\ GPTQ as Babai's Nearest Plane Algorithm,"Jiale Chen, Yalda Shabanzadeh, Elvir Crn\v{c}evi\'c, Torsten Hoefler, Dan Alistarh",arxiv:2507.18553:thm:obq_babai,H2,d0981dd74f4ff308991e22941ccac8d9af5ef7e7dcf8d88af1b95b7676a166bd,
182198,2507.19222,v3,Convergence of the KMP model to the KPZ equation: the limiting constant of the scaling (Proposition 6.7),"Guillaume Barraquand, Francesco Casini",arxiv:2507.19222:proposition-6.7-limiting-constant,H2,4209135fd8c4ca6d4e51cd90653aba850f76bce5a8bd938347151792d48593a8,
182201,2507.19290,v2,Query Efficient Structured Matrix Learning,"Noah Amsel, Pratyush Avi, Tyler Chen, Feyza Duman Keles, Chinmay Hegde, Cameron Musco, Christopher Musco, David Persson",arxiv:2507.19290:lem:one_sided_hidden_gaussian,H2,19eb1b77a9bc0357ab74f9867515380361bf6698d79a66e9b7ea00a253fedf0e,
182208,2507.19417,v3,Cycle-factors of regular graphs via entropy: the expected number of cycles of a random cycle-factor (Proposition 3.4),"Micha Christoph, Nemanja Dragani\'c, Ant\'onio Gir\~ao, Eoin Hurley, Lukas Michel, Alp M\""uyesser",arxiv:2507.19417:proposition-3.4-expected-cycles,H2,6142c7e15e9f54cc4f37a6563e4ff575b6a313a6981054509e856eeb5fa881fd,
182256,2507.20020,v2,Cohomology of the stratified fundamental group of curves,"V.Q. Bao, P.H. Hai,, D.V. Thinh",arxiv:2507.20020:lemma-5.13,H2,ae47e0feb783090b8975be809e16f90e518432ce2c917bc16424c2c6f8c7a927,
182258,2507.20031,v2,The Ekman spiral in primitive equations with wind-driven boundary conditions and Coriolis force,Tim Binz,arxiv:2507.20031:lem:2d-nse_2,H2,2c9d5d5bf7be6548fd7976a2e0eaa93f7a60a589454e2b5e65648e4e766864b1,
182361,2507.21758,v4,"Curves, points, incidences and covering","Arijit Bishnu, Mathew Francis, Pritam Majumder",arxiv:2507.21758:thm:line-converse,H2,f5d70360d5bdc7988bdbf502a29ae4721ea25e637eb0de276b617584cabdf4f7,
182484,2507.23557,v2,Tree-indexed sums of Catalan numbers,"Alin Bostan, Valentin F\'eray, Paul Th\'evenin",arxiv:2507.23557:lem:twin_varnothing,H2,ec1ccb482f84d940d47ddb8033c494b6bae913060ce54576d48f106d3726bf00,
182539,2508.00349,v2,On the Equivalence of the Graph-Structural and Optimization-Based Characterizations of Popular Matchings,"Yuga Kanaya, Kenjiro Takazawa",arxiv:2508.00349:lemy01,H2,3e379a3ce21df41191982209e6960d6fe6e84696839395a5bdca1e55145900ca,
182563,2508.00681,v3,Finite groups with mostly involuted cyclic subgroups,"Vaibhav Chhajer, Palash Sharma",arxiv:2508.00681:basic-property-of-beta,H2,924daae13c9911460b7e8d2f53ee4d26c0a39e579b5698cbe1bcff60be87dfb7,
182584,2508.00944,v4,Positivity of Second-Order Nearly Linearly Recurrent Sequences,"Mahsa Shirmohammadi, James Worrell",arxiv:2508.00944:prop:non-vanish3,H3,1abfffffe6c56efba44cccb62bd95d6075972b27f4294cc810994c703e9392b7,
182615,2508.01417,v3,Edge-Coloring Power Graphs: the intersection power graph is Class 2 exactly for cyclic groups of odd prime-power order (Theorem 3.2),Elie Feinsilber,arxiv:2508.01417:theorem-3.2-intersection-power-class2,H2,76bf807523366ef970a2fcde18dc760bc03ead6a9c2c05ea6b1625fcaec2e92c,
182652,2508.02078,v1,The Arnoldi Aggregation for Approximate Transient Distributions of Markov Chains,"Patrick Sonnentag, Fabian Michel, Markus Siegle",arxiv:2508.02078:thrm:smallest-initial-exact-aggr,H2,86726ddb3c8e40cdac24b91eea68664c7c0306fb49f443a5a836facaf94734e3,
182813,2508.04644,v2,Millions of inequivalent quadratic APN functions in eight variables,"Christof Beierle, Philippe Langevin, Gregor Leander, Alexandr Polujan, Shahram Rasoolzadeh",arxiv:2508.04644:lemma,H2,cc44a4896ac0c2db934bebf87be08ee280abbcd32cd7f78623ad08c14968e662,
182855,2508.05347,v3,"Squares, Three Fleas, Sporadic Sets, and Squares",Giedrius Alkauskas,arxiv:2508.05347:lem:ar,H2,47487cb3fb4f6f20d20214568a56e83fdade38b25a8be8f65502a903177cf00f,
182916,2508.06133,v5,LLM Serving Optimization with Variable Prefill and Decode Lengths: an unbounded approximation ratio for the benchmark policy (Theorem 1),"Meixuan Wang, Yinyu Ye, Zijie Zhou",arxiv:2508.06133:theorem-1-unbounded-approximation-ratio,H2,24f129d03cb424c2b6bf8b66e674090a8898ae95c9a47af734bdca2817fd0e81,
182950,2508.06651,v3,Complete characterization of $2$-near perfect numbers with exactly 2 prime factors,"Richard Fearon, Henry Foushee, Benjamin Porosoff, Alexander Skula, Joshua Zelinsky, Kyle Zhang",arxiv:2508.06651:prop-no-pm-divisor,H2,e338c0bf10d0192f1c645593bffdbba53c02b660e37e42b8594404e96faa600e,
183064,2508.08003,v2,Counting Salem numbers arising from arithmetic hyperbolic orbifolds,"Michelle Chu, Plinio G. P. Murillo, Otto Romero,, Lola Thompson",arxiv:2508.08003:th:diop.-sol.,H2,5341f064562efe573711ccf688b29391eabba6b0505f1a3cb4a9f353f81f7683,
183079,2508.08194,v3,Weyl groups and rigidity of \\ von Neumann algebras,"Cyril Houdayer, Adrian Ioana",arxiv:2508.08194:prop-ucp,H2,8f31f44a271da89f2dfa5054264aa167a2ba868d327c27a1eac0e74375a4e604,
183157,2508.09360,v2,The subgroup stratification of Nakaoka spectra,Noah Wisdom,arxiv:2508.09360:prop:stratum-of-ghost,H2,e3decf061480bd543091ff514d2ff1c11784c52b2f15af326ddfbdfdb6ede640,
183262,2508.10690,v2,Partial regularity for Double Phase obstacle problems: the Euler-Lagrange system for constrained local minimizers (printed as Theorem 3.1),"Filomena De Filippis, Antonella Nastasi, Cintia Pacchiano Camacho",arxiv:2508.10690:theorem-3-1-euler-lagrange-system,H2,48cca3744e48bc6f8078491fe8562f2a18a125dce59435c048132fa8acee127e,
183394,2508.12329,v2,Local constancy of reduction type and related invariants for curves in $p$-adic families,Jakab Schrettner,arxiv:2508.12329:hensel,H2,578d03a154169541a1237e48909fe728150b03b7d3d3607686c37c3892f939a2,
183428,2508.12664,v3,Controlled atomic limit and analytic density of states in a strongly attractive random Kronig-Penney model,Masahiro Kaminaga,arxiv:2508.12664:prop:spectrum,H2,4e4868ad567a585655b954f26f8daf8d579b19edaa6305ab6a188dec17f18ce4,
183625,2508.15412,v1,Equivalence of mutually unbiased bases via orbits: general theory and a $d=4$ case study,"Amit Te'eni, Eliahu Cohen",arxiv:2508.15412:thm:main,H2,fc0a83c38093752982aceb4aeafc21c8398053d19101f9650d98ec1a69569669,
183830,2508.18059,v2,Automorphisms of punctual Hilbert schemes and symmetric powers of varieties: the descent lemma for equivariant automorphisms,"Ashima Bansal, Supravat Sarkar, Shivam Vats",arxiv:2508.18059:lem-open,H2,22d8395141ae8f1b8f5196b0faeed259e90e7c4d19e32fada93d5eca59324fcc,
183861,2508.18386,v2,Hydrostatic bubbles of compressible fluid in an incompressible perfect fluid: the composition of the half-space operators,"Juhi Jang, Ian Tice",arxiv:2508.18386:thm-hk_comp_Cm,H2,cdab6206cb41f877bcb20112c625ccf7c1c3080a5180c30c3abae1bcc35056fc,
183903,2508.18844,v2,The second minimum weight of Grassmann codes,"Mrinmoy Datta, Tiasa Dutta",arxiv:2508.18844:ineq,H2,2c6326699a9161d6eb52b21b3c679eb5800302ebb5f7948cea54b58427c32d11,
183937,2508.19181,v3,An alternate approach to bilinear rough singular integrals,"Ankit Bhojak, Saurabh Shrivastava",arxiv:2508.19181:lemma:ellinfty,H2,29217f5fa809973a5ee4ef028efdceaf368281e07a05c677a077fa5d30b3f6f5,
183992,2508.19975,v3,Expansivity and shadowing for composition operators on Paley-Wiener spaces,"C. F. \'{A}lvarez, O. R. Severiano$^{*}$",arxiv:2508.19975:witness-lemma,H2,bb68aa6aeeb86f8d5fecde620dd3641f6484893fc3bd26c0042610787369ad30,
184030,2508.20593,v2,On the extrema of the mean subtree order of graphs,"Stijn Cambie, Jorik Jooken, Stephan Wagner",arxiv:2508.20593:prop:localsubtreeorder,H2,b670ef08f67f801b18f9c0fde54ca5eb6d7ca7941a22023ad065ad6ba4492a15,
184234,2509.01309,v1,Classification of Certain C*-Algebras Generated by Two Partitions of Unity,"Bj\""orn Sch\""afer",arxiv:2509.01309:class::lemma:phi_is_invertible,H3,8c031fe5f9e86cdb4b801da4807885b44c8e8db19f28388960a1213eead9abb4,
184289,2509.02001,v2,On generalized morphisms associated with \\ endofunctors of $C^*$-algebras,Georgii S. Makeev,arxiv:2509.02001:prop,H2,cca9165f47490e4e236b131f99c884758f0045bb3e08db8522dd9e8dc48ada4d,
184337,2509.02562,v2,Random burning of the Euclidean torus: the coupon-collector phase,"Guillaume Blanc, Alice Contat",arxiv:2509.02562:thm-couponcollector,H2,7555c70873052c76e7420a199dcf952e79d9ca2b8a41000cc464f8ada65d0e9d,
184356,2509.02755,v2,Intrinsic Bottleneck Distance for Merge Trees,David Beers\; and Gillian Grindstaff,arxiv:2509.02755:thm:localeq,H3,e5c3203cb422727e1bfc94634e4e8d5e6eeca0722f0e7ad37e9e242eb7d288b2,
184410,2509.03411,v2,Geodesics on Grushin spaces,"Michael Albert, Samu\""el Borza, Maria Gordina",arxiv:2509.03411:con-times-3d,H3,72cb892c2a6feb64f977129532a251de40aaf2b99962d3f41ca36bddcf591cce,
184416,2509.03450,v2,Localization of lax symmetric monoidal categories,"Vladimir Hinich, Ieke Moerdijk",arxiv:2509.03450:lem:sub,H2,b3d12a5a855bdb41175dc8753c339e0433e87fadcbb42b23ad7240a62f723ea6,
184479,2509.04294,v4,Local points on twists of $X(p)$ with applications: two-dimensional mod p representations with equal determinants and equal inertia restrictions are isomorphic,"Nuno Freitas, Diana Mocanu",arxiv:2509.04294:lem-niveau-two-representations,H2,4c56dee2690846683e9b8a742d9b75831d36925a6df2c3af45db4b4dbbd016f5,
184540,2509.05170,v2,Stochastic Analysis of Overlapping Generations Models Under Incomplete Markets: well-posedness for a given lifespan,"Cangxiong Chen, Sigmund Ellingsrud, Fabian N. Harang, Alfonso Irarrazabal, Avi Mayorcas",arxiv:2509.05170:thm-olg_well_posed,H2,3c29a7e0eb3dad8e1f376173825710a578b27315910ae64eda28b78a6c930de6,
184560,2509.05295,v3,On the convergence of the variational quantum eigensolver and quantum optimal control,"Marco Wiedmann, Daniel Burgarth, Gunther Dirr, Thomas Schulte-Herbr\""uggen, Emanuel Malvetti, Christian Arenz",arxiv:2509.05295:lem:d-respects-splitting,H2,18aa943fd28838bd35a042ab85552d232f464703a30c6f3e636ea5f4292ce212,
184703,2509.07155,v2,Quantum algorithms for general nonlinear dynamics based on the Carleman embedding: BQP-completeness of Poly-CNOP (printed as Theorem 7.6),"David Jennings, Kamil Korzekwa, Matteo Lostaglio, Andrew T Sornborger, Yi\u{g}it Suba\c{s}\dotlessi, Guoming Wang",arxiv:2509.07155:theorem-7-6-poly-cnop-bqp-complete,H3,4e77b3d78885fac97e9abdc513a2f2ed6be00922df452f2963be723efd9d86fc,
184756,2509.07645,v4,"Coderived and contraderived categories \\ for a cotorsion pair, flat-type cotorsion pairs, \\ and relative periodicity",Leonid Positselski,arxiv:2509.07645:ac=ac-bctr-equivalent-conditions,H2,71b1abc4894a0468a134a6c0517235bfc4c98456f1b055104ca9ffc8e70b9d9d,
184819,2509.08377,v3,Landau-level splitting by a circular $\delta$ interaction: boundary overlap and the hard-wall crossover,Masahiro Kaminaga,arxiv:2509.08377:thm:shift,H2,ca325784a609a2509490e7126b03533025d642e7dfd3b4cebcc6d30d85d9c3f5,
184823,2509.08429,v3,"Tensor Derivatives, Unified Tensor-Form Differential Equations, and Model Reduction via Partial Tucker Decomposition","Yiran Xu, Changqing Xu",arxiv:2509.08429:th3-2,H2,41410536044fc00379fe6a75687e77b5008c4af1ea31ceb12fc70f9977f9e5e8,
184852,2509.08844,v3,A New Classification of Positive Integers Via New Divisor Functions,Brahim Mittou,arxiv:2509.08844:thm:factorization,H3,ef703e34e39a62f3e94a87fc80264146021ffe1086e500cc93170e3dc2148a6e,
184869,2509.09035,v4,Asymptotic structure. III. Excluding a fat tree: the quasi-bound of the Voronoi cell of a maximal adjoining-connected set of rebels,"Tung Nguyen, Alex Scott, Paul Seymour",arxiv:2509.09035:thm-notmuchleft,H2,8a905f1f58e3beb29e4f179d553523ee9ddc459b57d3f1509de648c486916fc1,
184910,2509.09463,v2,Minimality of Tree Tensor Network Ranks,"Jana Jovcheva, Tim Seynnaeve, Nick Vannieuwenhoven",arxiv:2509.09463:lem:max_tuple,H2,596b93ccc384a4d0b5cc904b65fa2c3ac894bf7328a80df814f1ad881e63e7a9,
184918,2509.09570,v2,Boolean Rank via Monomial Ideals: monomials in the determinantal ideal correspond to isolated sets (printed as Theorem 4.13),"Juliann Geraci, Alexander B. Kunin, Alexandra Seceleanu",arxiv:2509.09570:theorem-4-13-monomials-in-determinantal-ideal-are-isolated,H2,ff6d82648310d8ee6ef4877f560ce0ab7a59c900f8a73090ab77d8eda0779731,
184922,2509.09633,v3,Orthogonal Latin Squares of Order Ten with Two Relations: A SAT Investigation,"Curtis Bright, Amadou Keita, Brett Stevens",arxiv:2509.09633:thm:pointtype,H2,c862cf78f7291c97d0f22f9be0c9fef433c7188c4af839e57aef51e1ec68127f,
184985,2509.10603,v3,The Classification of 3+1d Symmetry Enriched Topological Order: two-categorical (de-)equivariantization,"Thibault D. Décoppet, Matthew Yu",arxiv:2509.10603:thm-deequiv,H2,b2e77e8e649bdb83e88f9639801558766515d676aa6b1a99055662f353ea7ae1,
185050,2509.11690,v3,Lie symmetry analysis and similarity reductions for the tempered-fractional Keller--Segel system,"Ghorbanali Haghighatdoost, Mustafa Bazghandi",arxiv:2509.11690:proposition:3,H2,bb43d0e3af0de9d9234fe7b642bd6d260de73e4752efa1c49f70de8df270ee31,
185188,2509.13675,v8,Common Causal It\^o Flows under Nondominated Martingale Laws: Capacity Cores and Robust Sensitivities,Guangqian Zhao,arxiv:2509.13675:lem:dyadic-estimate,H2,dc97a15414f05b0a523fac2296883bba1c9fd649f00fddfc65ca6eb02ddbaea6,
185190,2509.13791,v2,"On high dimensional maximal functions associated to Gaussians, balls, and spheres","Valentina Ciccone, B{\l}a{\.z}ej Wr{\'o}bel","arxiv:2509.13791:lem:-identity_for_mu,g",H2,e00c1cb8f0344ef629d6b2526857cd09e429d9888320db4246da45090e4e4a04,
185202,2509.13929,v2,Groupoids of finitely aligned higher-rank graphs \\ via filters and graph morphisms,"Lisa Orloff Clark, Malcolm Jones",arxiv:2509.13929:lem:action_on_ps_of_morphisms,H2,63fb9f837ed064cac54102ff6817dff1a69cc64e87cdf38605a2164e05ccbbfe,
185218,2509.14158,v3,A Compositional Kernel Model for Feature Learning,"Feng Ruan, Keli Liu, Michael Jordan",arxiv:2509.14158:theorem:uniform-lower-bound-on-m-i-beta,H3,d5e406af284ad7d03b635f5638cd920a1ef6939ac0f07d848c4bb5a6be1cedcd,
185233,2509.14311,v2,"$\hat{Z}$-TQFT, Surgery Formulas, and New Algebras","Pedro Guicardi, Mrunmay Jagadale",arxiv:2509.14311:plumbed_link_wavfn,H2,d8f360044cd3abebcbb645b57653574366506876f279718e6645344d0fab5f4f,
185344,2509.16041,v2,A Note on the formulation of the Neumann boundary condition for a nonlocal problem: the measure-preserving outer-collar involution (printed as Theorem 2.5),Antonio Luiz Pereira,arxiv:2509.16041:theorem-2-5-measure-preserving-outer-collar-involution,H2,c998bce4266b445ac4911bf79b30fadea4ff2ef12d027ff3942cadd08ad55006,
185346,2509.16057,v3,Spin(7)-Orbifold Resolutions,Viktor F. Majewski,arxiv:2509.16057:codimensionfourmckayduality,H3,f963cb9960af8883d22e5ad569b31293b85c8ce159ef143d2741d8e4031d19f1,
185376,2509.16424,v2,Code distances: a new family of invariants of linear codes,"Eduardo Camps-Moreno, Elisa Gorla, Hiram H. L\'opez",arxiv:2509.16424:theorem,H2,9b95bbf1052e3cf26a2f454982c8ddf7c46bf39dcc3fd96fec199efe29c75054,
185467,2509.17587,v1,On finite groups with exactly one noncommutator,Saveliy V. Skresanov,arxiv:2509.17587:corollary,H2,ef915dad6e499bf570b93a07957f28d11a16fbe96e7d003ccffc1b7f550f254e,
185501,2509.17996,v2,Rank $2$ vector bundles and degrees of points of del Pezzo surfaces,Claire Voisin,arxiv:2509.17996:prodominant,H3,f44063101880d5657f2d5a5b90eec34ebd97f5c3325af8da1bc27ca2ac6cf28c,
185537,2509.18707,v3,Nevanlinna theory of the Hahn difference operators and its applications: the second main theorem for Hahn difference operators,"Ling Wang, Jianren Long, Xuxu Xiang",arxiv:2509.18707:thm2.5,H2,5539df8312042179c86c6cb7c2baa1a88d015cfe6bf317065d6ee4e7577c1d8f,
185645,2509.19950,v4,"St\""ackel and Eisenhart lifts, Haantjes geometry and Gravitation","Ond\v{r}ej Kub\r{u}, Piergiulio Tempesta",arxiv:2509.19950:theo:1,H2,1011b15d9b1054d234dda820da11f8f37ddcd91b130813620291d7c55806f0fc,
185673,2509.20275,v3,"Polylogarithmic characterizations of the reduced coaction Lie algebra and the double shuffle Lie algebra, and their relation to the Kashiwara--Vergne Lie algebra","Megan Howarth, Muze Ren",arxiv:2509.20275:prop:hex-lie-subalgebra,H3,eb07793c4b87e1fdc7f8c28c0427098cb3c401e4222cfac371b24a9e2154cc21,
185693,2509.20670,v2,"\bf Fundamental theorem of Poisson 3-Lie $(A,H)$-Hopf modules","Yan Ning, Daowei Lu, Dingguo Wang",arxiv:2509.20670:lem:3d,H2,f3e77a89070da9c75746f2b32f2b6997f5e2bd710d7071f786eea8b41f7f7fa5,
185729,2509.21168,v2,On the geometric quantization of $\theta$-almost twisted Poisson manifold,"Nasser Saipele Nansidi, Bertuel Tangue Ndawa,, Joseph Dongho",arxiv:2509.21168:prop3,H3,2cced983b45abb5189f6e08ab9d24034d70c374a1b27c2adea753565c28d48be,
185816,2509.22390,v2,On sharpness in Local Converse Theorems for classical groups and $G_2$,"Moshe Adrian, Shaun Stevens",arxiv:2509.22390:thm:noncusp,H2,98e1b33a4a78bfc739a5b74e2bd4473f1833b45d0183d3eb5b737d27116c4fd9,
185929,2509.24154,v1,Uniqueness of complete two-sided minimal Y-surfaces of Morse index one,Elham Matinpour,arxiv:2509.24154:thm-main-Y-surface,H3,e9decbd45097b6a2d2089e725f093e739814ac03c530be20d458a8f6128eeb50,
185978,2509.24790,v2,Collision types and times in interacting particle systems,"Sergio Andraus, Nicole Hufnagel, Jacek Ma{\l}ecki",arxiv:2509.24790:prop:sn:sde,H2,d465767cca9fb8b92b10d3b08accb76551297b33a2e224043bc6d77a50e704a1,
186030,2509.25674,v2,$7$-located locally $5$-large complexes are aspherical (source label prop:nonempty),"Katherine Goldman$^{\dag}$, Piotr Przytycki$^{\ddag}$",arxiv:2509.25674:prop-nonempty,H2,5fe209ce2d558281b6db00a22714f35889a890693ba60da8b5e2deeaccbf1949,
186046,2509.25981,v3,Topological Vector Spaces,"Pierre Colmez, Wies{\l}awa Nizio{\l}",arxiv:2509.25981:solidification1,H2,9049b11e3e72322d4f898b1f52cecb42d111c2ad3d0e0fb4f0232eabd9e1082b,
186104,2510.00007,v3,On graphical partitions with restricted parts,Gilad Levy,arxiv:2510.00007:d-lemma,H2,eb0d5f1cc2b59751383a8bbcd54d026eec66e0d52acb03f8672e75a783a3c026,
186148,2510.00622,v2,The $p$-spectrum of Random Wavelet Series,"C\'eline Esser$^a$ , Thelma Lambert$^a$ and B\'eatrice Vedel$^b$",arxiv:2510.00622:lm:rid_order2,H3,ede3e0a07371a7303527491cfec11114edd49f200c5374d1274763284563d226,
186153,2510.00717,v2,Fragility Analysis of Data-Driven Feedback Gains,"Yongzhang Li, Amir Shakouri, M. Kanat Camlibel",arxiv:2510.00717:prop:bnonzero,H2,dbe69799bc133ff7ff5dc07c60522c4a3db8ca495b8374a974c58752b3ecb417,
186198,2510.01330,v3,Finiteness and injectivity of Prym maps for cyclic coverings,"Pawe{\l} Bor\'owka, Juan Carlos Naranjo, Angela Ortega, Anatoli Shatsila",arxiv:2510.01330:mainodd,H2,cd5b1499720a4888797cd7c8807a61abf078003872527965b33000f1afa4f593,
186218,2510.01572,v1,An elementary proof of the mod 3 congruence family for $a_5(3^{2\alpha+3}n+(153\cdot 3^{2\alpha}-1)/8)$,James A. Sellers,arxiv:2510.01572:thm:TF_mod3,H2,93a816c97cae16d1540b0e3a88e0d9fd311045196b38177d239e4ce66ea825c4,
186317,2510.02893,v2,A functional analytic theory for differential equations on Banach spaces with slowly evolving parameters,"Dirk Doorakkers, Daniele Avitabile, Jan Bouwe van den Berg",arxiv:2510.02893:lem:red-map-c1,H3,1a14700671d0ca24d782342273892d47eba21056b5c20e717b0aef00b3512fe9,
186333,2510.03094,v3,Bilinear spherical maximal function with fractal dilations,"Surjeet Singh Choudhary, Chun-Yen Shen,, Saurabh Shrivastava",arxiv:2510.03094:u1-measurable,H3,2f95d65ac19d633cd5d4d614b7f1703f7d5900fe83717bbd2badf04d0b4cf1c6,
186345,2510.03210,v2,Characteristic subgroups of $F_2$ with quotient $\mathrm{PSL}_{\binom{n}{2}}(\mathbb{F}_q)$ of arbitrarily large Lie rank,Liam Hanany,arxiv:2510.03210:thm:large_rank_quotients,H2,d9c94e66793afc0709cd88d13501e532d8fc51ae80ab0b1e05c149ae59fbd9dc,
186420,2510.04150,v2,The characteristic subgroup growth of a free group of rank $r\geq 2$ is of type $n^{\mathrm{log}(n)}$,Liam Hanany and Alexander Lubotzky,arxiv:2510.04150:thm:characteristic_growth_free,H2,3200770219b50dacc5a746f2feed57e41ed884dd8652b5edf37971e8f6b36d04,
186462,2510.04690,v2,Integrability and non-integrability of the functions of the second kind with respect to the N-extremal measures,Christian Berg and Ryszard Szwarc,arxiv:2510.04690:prop:1-2,H2,00dade0ae021bffe34c8c4540999346dda6c386e8a6189eae5519657222393b2,
186541,2510.05570,v2,$L^2$ restriction bounds for analytic continuations of quantum ergodic Laplace eigenfunctions,"John A. Toth, Xiao Xiao",arxiv:2510.05570:multiplier,H2,492de7ad1b8215c468e05b48b1d30c0bde6e0d1c17c7647f8df5278693684f38,
186578,2510.06054,v6,Quantitative Driver-Only Capacity Cores and Simultaneous Scalar It\^o Flows,Guangqian Zhao,arxiv:2510.06054:thm:simultaneous-flow,H3,2650dbf88d52d27d884f36cc1a5b4e2488105646ea3e2ec63dc7898686475554,
186614,2510.06524,v6,Stable Central Limit Theorems for Discrete-time Lag Martingale Difference Arrays: Applications to Dynamic Causal Inference,"Walter Dempsey, Easton Huch",arxiv:2510.06524:thm:panel-stage-block-clt,H3,1232a0db2171102fccbb01adccf5f033e2b1364f5b148f168c4e41c48373ad30,
186623,2510.06651,v2,3-manifold polynomials,"Jos\'e Fr\'ias, Jos\'e Carlos G\'omez-Larra\~naga, Jos\'e Luis Le\'on-Medina, Fabiola Manjarrez-Guti\'errez",arxiv:2510.06651:thm:square-shape,H2,2270f289ae94039b38b499604bae8a74988f57a5d565e0de5642b00d5a2aefa1,
186668,2510.07420,v1,Newton-Okounkov bodies for nested Hilbert schemes,"Ian Cavey, Eugene Gorsky, Alexei Oblomkov, Joshua P. Turner",arxiv:2510.07420:lem:-factorization,H2,b09b6a42ac3dc9f6a626ea04f2bb1ca59ac370eff741b7996ac56bb86b005094,
186883,2510.10367,v3,On the Coarse Lusternik-Schnirelmann Category of Groups,Aditya De Saha,arxiv:2510.10367:lem:technical,H2,545dc16ae7c15018708c6a9cb447e67dedd5537be070734fabe439d302040bc2,
187009,2510.11998,v3,Distributed Stochastic Model Predictive Control with Temporal Aggregation for the Joint Dispatch of Cascaded Hydropower and Renewables,"Luca Santosuosso, Sonja Wogrin",arxiv:2510.11998:prop:main_result,H3,00c4f87a648f33bf889ee40eddab83bbc10d5eb390a3c07b90ec1e0582d40c19,
187037,2510.12431,v2,A $q$-analogue of Mirzakhani's recursion for Weil--Petersson volumes,"Norman Do, Paul Norbury",arxiv:2510.12431:f2k+1,H2,d477bcd24a62d1b02707727f270da5e70cb7713c1a3415c36ac4cc24e20feea4,
187095,2510.13134,v2,"Convergence, design and training of continuous-time dropout as a random batch method","Antonio \'Alvarez-L\'opez, Mart\'in Hern\'andez",arxiv:2510.13134:thm:cost_consistency,H2,c90d0991625db7f8011af83b60e0a04eed5c17a195c278449e395583cdb09de6,
187199,2510.14651,v3,Stable toric sheaves. I \\ Chern classes,Carl TIPLER,arxiv:2510.14651:lem:sum-minus-one-on-cones,H2,0b290d60d1d400a54d61b396b956f3307800f7b3451c469bf3c5bf890ab62007,
187257,2510.15435,v2,Nonlinear Dimensionality Reduction Techniques for Bayesian Optimization,"Luo Long, Coralia Cartis, Paz Fink Shustin",arxiv:2510.15435:lem:uniform-reconstruction-in-region,H3,424a17d04ec4465910b1c7c02b87478eea91f672f2ba3f26d7cd1233c57c9144,
187335,2510.16473,v3,Computing matrix functions associated with a Hermitian--definite pencil,"Dario A. Bini, Massimiliano Fasi,, Bruno Iannazzo",arxiv:2510.16473:eq:5,H2,5a4ef678fd6bad605ab349c6dae2beda3bf3129c0087cace6636c2879722bdd1,
187389,2510.17127,v2,The spectral reduction for the double ergodic averages along non-polynomial sequences,Rongzhong Xiao,arxiv:2510.17127:prop:scalar_spectral_reduction,H2,a46125843c0663ceaf281c2147548f5a9b19c9127c2a4db73a318d9da65e0d34,
187465,2510.18010,v2,On the expansion of Hanoi graphs,"David Eppstein, Daniel Frishberg, William Maxwell",arxiv:2510.18010:lem:hanpartialcong,H2,93269c529bfcce532fd3db5786119058c446c4e888b6164b791e9ee81a15332a,
187496,2510.18367,v2,Wasserstein projection estimators for circular distributions,"Naoki Otani, Takeru Matsuda",arxiv:2510.18367:theorem,H2,61695fdb67c74b647deacb985864c56ea076ef4d72b863592916695c7a11d14d,
187529,2510.18816,v3,Hilbert space models and Blaschke frames,Connor Evans,arxiv:2510.18816:psurjective,H2,32c60bb5958087dc78eedd952efd2dc0ad5a5ebe0f5a49143729a541f27db202,
187539,2510.18903,v4,\bf Centered-Innovation MA for Bayesian Dirichlet ARMA:\\ Theoretical Equivalence and an Application to Bank-Asset Shares,Harrison Katz,arxiv:2510.18903:thm:equiv,H2,d61e9eadabff20c9e58a1e1ac658a600f7eeec0c66668b1818fa105d308f87c6,
187576,2510.19502,v6,Correct mathematical models of joint filtration of two immiscible viscous liquids.,"Anvarbek Meirmanov, Akbota Senkebayeva",arxiv:2510.19502:l5.3,H3,a8a8c8313e2084a9a7e6e85eb20313482dbd80d1328166aa1b5bea5250ad6c3f,
187631,2510.20201,v4,\sc Strong-coupling asymptotics for \\ the anisotropic Rabi model,"Masao Hirokawa, Fumio Hiroshima, DongYun Lee",arxiv:2510.20201:lem:diag_conv,H2,eb5ca539d428b7b4c92bc2d554f47d211b9cf608dadafa77d3582c8002aea10e,
188003,2510.25060,v2,Nonlinear Dynamics In Optimization Landscape of Shallow Neural Networks with Tunable Leaky ReLU,Jingzhou Liu,arxiv:2510.25060:prop:-frobenius,H2,83b15407f51e3b3354442fda29c0af9687a619ef93b9ddfd9adfbb26bae89d71,
188035,2510.25452,v3,Controllability as prior knowledge does not relax the conditions for data-driven stabilization,"Amir Shakouri, Henk J. van Waarde, Tren M.J.T. Baltussen, W.P.M.H. Heemels",arxiv:2510.25452:thm-controllability-prior-knowledge,H2,ebefa15f92f9971bb0e11f57b514b1cffab05c6c40cb91df4d0b9f7068594066,
188037,2510.25456,v3,The determinant line bundle is equivariant and the Quillen metric is invariant under the gauge group,Kiyoon Eum,arxiv:2510.25456:prop:det_line_bundle_equivariant,H2,78d3164a01303fb89d4744ae82832a3b1a639fd234ff30189e39fa1738e7ea9d,
188043,2510.25525,v2,Multiparameter L\'evy white noise theory and applications,"Olfa Draouil, Rahma Yasmina Moulay Hachemi, Bernt {\O}ksendal",arxiv:2510.25525:eq:k-bound,H3,c6eb9bd2c254976513a4df67ed90bfa57639f10bf549de1ccdf38167a87e91b4,
188270,2511.00680,v3,Homogeneous Second-Order Descent Method: Generalization and Application,"Yuntian Jiang, Chuwen Zhang, Bo Jiang, Yinyu Ye",arxiv:2511.00680:coro.bisection-bound,H3,310e277419544e623bffeced8489d9cc3fca68fb638344fa1c68daf385ab0c35,
188318,2511.01432,v2,The spaces of gradient and divergence-free fields are closed and the minimizers see the curl-free part,Jaros\l aw Mederski$^{*}$ and Andrzej Szulkin,arxiv:2511.01432:lem:defof,H2,370a73e833cffb6943c1cb4f7ac115567f229e0f9cb61e2a910189045e6d7939,
188342,2511.01631,v2,Weyl modules for Equivariant map Lie superalgebras,"Lakshmi S K, Saudamini Nayak",arxiv:2511.01631:thm:3,H2,2b094a2ca77b72e0482b00d7dd9979b3700a06c460c646fe57a31cff3e6eccd3,
188444,2511.02758,v4,finite free probability and $S$ transforms \\ of compact Jacobi processes,"Nizar Demni ${}^{*}$, Nicolas Gilliers ${}^{*,\,\dagger}$, Tarek Hamdi${}^{\triangle}$",arxiv:2511.02758:prop:heatequationjacobi,H3,338f5a278f4fe14676c9f9200d28b41be0b17a9e69e3dd50089572c28d1c5b6e,
188483,2511.03177,v3,A Lie algebra associated with adjoint multiple zeta values,Takumi Anzawa,arxiv:2511.03177:lem,H3,ee25a981ebe1539fc585d4479f6790be3fb7505aeffc5ddb9985711c65d2075c,
188577,2511.04314,v3,There is no universal separable Banach algebra,Tomasz Kania,arxiv:2511.04314:lem:factor-id,H2,7d073cfe9d5856b3167f9a764fb4553d9521054f652e37aba1849a2cc2c9dc8d,
188665,2511.05440,v2,Shortest self-orthogonal embeddings of binary linear codes,"Junmin An, Nathan Kaplan, Jon-Lark Kim, Jinquan Luo, Guodong Wang",arxiv:2511.05440:ortho-gene,H2,883b3b8b0f639fa62ed0135bb03f26d345f6c4def003215a2b04915bab60dae8,
188689,2511.05911,v3,"Grothendieck-Teichm\""uller Symmetries of Cyclic Operads and Tangles","Marcy Robertson, Chandan Singh",arxiv:2511.05911:prop:-metric-prop-action-through-cyclic-endomorphisms,H3,5915f7e38676b481fe883fe195e755fbb0a145fa52b40da65a6c0c2b8edce6ba,
188716,2511.06193,v1,When Arcs Extend Uniquely: A Higher-Dimensional Generalization of Barlotti’s Result,Tim L. Alderson,arxiv:2511.06193:lem:-main-result,H2,c87882dbbfde5798b85f9b442613e65357756277f08f2ccc2d5452743ba1cade,
188744,2511.06590,v2,"Periodic B-spline--Heaviside Collocation for Fredholm Integral Equations with Piecewise H\""older Data","Maria Capcelea, Titu Capcelea",arxiv:2511.06590:thm:bsh-iterated,H2,d5d7b354b8c382ba25f563e63ebc7676d45eaede4cb8ddb9932727e66e9f0c41,
188774,2511.06933,v2,Transformed Fr\'echet Means for Robust Estimation in Hadamard Spaces,"Christof Sch\""otz",arxiv:2511.06933:lmm:infdtr:technical,H3,e666797b7afd95715e8f0f409b4a015d85edae129b2ff879751694bed3bf19e4,
188778,2511.07018,v2,The growth of residually soluble groups,"Sean Eberhard, Elena Maini",arxiv:2511.07018:lemma,H2,845c7dbc8823a6b0ac7d7ffdd0a333aa88685618a744cacd89db59f812069108,
188879,2511.08302,v1,Numerical Approaches for Identifying the Time-Dependent Potential Coefficient in the Diffusion Equation,"Arshyn Altybay, Michael Ruzhansky",arxiv:2511.08302:thm:direct-wellposed,H3,70e25a1b43daa134ce47b5b9a1a287c856dc1d5b7df4d8a66fee148ccddc3944,
188956,2511.09172,v2,A few techniques to achieve invisibility in waveguides,Lucas Chesnel,arxiv:2511.09172:theorem,H2,71d175d7e7aac78bccca0056b4b7ee9339b4fbda61b9b66b39154d605c9d8e54,
188981,2511.09423,v2,Pseudo-Differential Operators and Generalized Random Fields over Tori,Nicolas Escobar-Velasquez,arxiv:2511.09423:prop:canonical-cov,H2,1b03cdd95ef712b49f31b0f96d987aa0168ddb86a4e4c5577acf80f07da73986,
189064,2511.10777,v4,Support Recovery in One-bit Compressed Sensing with Near-Optimal Measurements and Sublinear Time,"Xiaxin Li, Arya Mazumdar",arxiv:2511.10777:prop2.1.1,H2,632ca59cab3a408b5bd35818903b80fda0a6714e75a0892a050836bdc93b13bd,
189209,2511.12595,v4,Distribution of lengths of closed saddle connections on moduli space of large genus translation surfaces,Shenxing Zhang,arxiv:2511.12595:d,H2,623824f83cdf92639c69cc71f3469a47cc8b92b589e468bb3533f76baed559c0,
189235,2511.12815,v2,Finitely Generated Congruences in Semirings and Canonical Positive Models,Snehinh Sen,arxiv:2511.12815:lem6,H2,aface9190a88a5c4fc6a6b5f6974720809368d6bdfa39d45bb96e5eb1179d3c8,
189284,2511.13491,v2,On moduli of foliated surfaces (Lemma 4.8),"Calum Spicer, Roberto Svaldi, Sebastian Velazquez",arxiv:2511.13491:lem-sing-adjunction-families,H3,fa3210c8197d8ddb7c3eb3bbb483c286f365f612820dab88af225f4764d21558,
189383,2511.14653,v2,Asymptotically optimal approximate Hadamard matrices,"Boris Alexeev, John Jasper, Dustin G. Mixon",arxiv:2511.14653:lem.submatrix-is-flat-orthogonal,H2,3534f7db1a7468189725580fdddd95b28b397350695bc7ebd35f3334c11d7ee7,
189502,2511.16238,v2,Numerical identification of the time-dependent coefficient in the heat equation with fractional Laplacian,"Arshyn Altybay, Gulzat Nalzhupbayeva",arxiv:2511.16238:thm:inverse-convergence,H3,276397fd312490798c78533cb09bd3acaf43f84f8a2a90f7571f20f5a347222a,
189504,2511.16267,v2,On the invariant trajectories of lightlike paths near central potential singularities in semi-Riemannian manifolds of index 2,Fatma ALMAZ,arxiv:2511.16267:theorem,H3,75024c3ffa60bb6e6d876252b4f31f6572a0c125f8cf29749721022e0f896ed3,
189505,2511.16276,v1,On the Detection of Non-Roots of D'Arcais Polynomials,"Bernhard Heim, Johann Stumpenhusen",arxiv:2511.16276:thm:nonrootsonimaginaryaxiswithsigma,H2,d80b62f01ee3cb8df7a21d0ca79f609121996e03600920d6e297373441abc41b,
189541,2511.16959,v3,Generating the symmetric group by three prefix reversals: the case m = n - 2 of the three-prefix-reversal classification (printed as Theorem 4),"Sa\'ul A. Blanco, Mikhail P. Golubyatnikov, Elena V. Konstantinova, Natalia V. Maslova, Luka A. Nikiforov",arxiv:2511.16959:theorem-4-case-m-equals-n-minus-2,H3,4c9703b0317c37a5a7b7643a76399c7f8876952970fa53353facf082375a471b,
189610,2511.17778,v2,Explicit Burgess inequalities for cubefree moduli,"Elchin Hasanalizade, Hua Lin, Andradis Luna Mart\'inez, Greg Martin, Enrique Trevi{\~n}o",arxiv:2511.17778:main-thm-1,H2,a176b28a4fc219517b60bde9d4c4447a1b83b90cfac83bb029b9dec11fa25ffe,
189663,2511.18545,v5,On finiteness properties of the separating semigroup of a real curve,Matthew Magin,arxiv:2511.18545:main_thm,H2,9cac537901a492ecfeca93713425fb5f616aab49973694d7c1f12fd5365b57cf,
189723,2511.19503,v5,On Some Generalisations of Gauss Sequences,"Sathyanarayan Narayan, N. Uday Kiran",arxiv:2511.19503:thm:1,H2,5aac4b98602f88dc547fa07a38a33fd58138b5d4c3297454dd7cdb4846966385,
189750,2511.19962,v3,On codimension-two subcanonical varieties inside $\projective^n$,"Manoj Kummini, Abhiram Subramanian",arxiv:2511.19962:lemma:mmodxi,H2,2cdcb895b80fef7949860e3d5676d7f6c2fa9878256c11afff3d6a5346637354,
189758,2511.20053,v2,Classification of Quaternionic Projective Transformations by Equicontinuity Regions,"Sandipan Dutta, Krishnendu Gongopadhyay, Rahul Mondal",arxiv:2511.20053:th:par4,H2,dcddcf6480c3562e2a6be3b5ba0e0e9d4f9bfd1b6930d437b4094f5d8fc0a356,
189887,2511.21617,v5,"On efficient approximation of quadratic irrationals, signed Chebyshev polynomials and Householder's method","Peter H. van der Kamp, Anthony Overmars, Marcel Jackson, Andrew N.W. Hone",arxiv:2511.21617:thm:tcs,H2,975ba2c445eae1c01f365b03124709c1c317a15654b639cf3a19824a3272c695,
189927,2511.22251,v4,Existence of a zeta assignment dominating the group averages in the extended formulation of symmetric Benders cuts,"Christopher Hojny, C\'edric Roy, Anonymous (e-print placeholder line)",arxiv:2511.22251:lem-zeta-lb,H2,1073b02a9504d9e9f56abef2e7c5e53371821ee3815e97f41204abbc4ad48450,
190104,2512.01142,v2,A Classification of Invertible Stabilizer Codes,"Roman Geiko, Georgii Shuklin",arxiv:2512.01142:prop:recover_code_from_hamiltonian,H3,4d4b42be1283ad05b6c2efe1fc962a2a6ea50a23df2e0d34c4d704bc8648782c,
190234,2512.03017,v7,Hyperbolic links associated to Hamiltonian subgraphs in simple 3-polytopes: links of Hamiltonian theta-subgraphs (printed as Theorem 6.3),Nikolai Erokhovets,arxiv:2512.03017:theorem-6-3-link-of-hamiltonian-theta-subgraph,H2,1d8ee12bc329fd49238b709cb490782b12a9cfd628e61e10054006b0e24c3858,
190264,2512.03452,v4,SIPF-PIC: An efficient Stochastic Interacting Particle-Field method for 3D fully parabolic Chemotaxis Systems,"Jingyuan Hu, Zhongjian Wang, Jack Xin, Zhiwen Zhang",arxiv:2512.03452:theorem:positive_diffusion_kernel,H3,4fc7f27b91a07286d827dfb73066bf64bd3cf5b855f0f3f6d32f3adbeaffd787,
190291,2512.03897,v2,A remark on the log-Sobolev inequality for the Gibbs measure of the focusing Schrodinger equation: the spectral-gap criterion for the truncated Gibbs measure (printed as Proposition 4.6),"Guopeng Li, Jiawei Li, Leonardo Tolomeo",arxiv:2512.03897:proposition-4-6-spectral-gap-criterion,H3,c79ce59aa989a14c90dd85a7b83080706023c47975feea8758aca157cfe73a25,
190296,2512.03947,v2,Data-Dependent Complexity of First-Order Methods for Support Vector Machines (Lemma 7),"Matthew Hough, Stephen A. Vavasis",arxiv:2512.03947:thm-csvm-single-point-certificate,H2,b88a9ecf6923ecff0301084ddca6ab092d56f956f91b1a82f13c6422f9430ed1,
190371,2512.05026,v3,Frobenius generation for algebraic stacks,"Pat Lank, Fei Peng",arxiv:2512.05026:prop:finite_cover,H2,be3a4ab66e3310a45805cd99b5a091a2b442d8d2aaa2b782a408e513b1af1b1a,
190449,2512.05926,v2,Uniqueness of the minimizer of the balanced optimal-transport assignment step from a balanced partition initialization,"Wenyan Luo, Dustin G. Mixon",arxiv:2512.05926:thm-generic-initialization-by-partition,H2,cf8d2e897cde8aa84c041ab833250f697cc0c09ede1f01fe53665fe83f33a97e,
190463,2512.06143,v3,gp2Scale: A Class of Compactly Supported Non-Stationary Kernels and Distributed Computing for Exact Gaussian Processes on 10 Million Data Points,"Marcus M. Noack, Mark D. Risser, Hengrui Luo, Vardaan Tekriwal, Ronald J. Pandolfi",arxiv:2512.06143:theorem:ff,H2,6d137e19121a3455531a1dd3b35782bbcd85ea03e5a861595259ed6c3e5f0091,
190533,2512.06956,v2,Statistical analysis of Inverse Entropy-regularized Reinforcement Learning,"Denis Belomestny, Alexey Naumov, Artemy Rubtsov, Sergey Samsonov",arxiv:2512.06956:prop:likelihood-ratio-variance,H2,5ba01cbd2c5c76360ae629e07957513c571befa3af55a027e2123578aa6bd153,
190580,2512.07554,v2,A simple proof of exponential decay for the near-critical planar Ising model,"Jianping Jiang, Frederik Ravn Klausen",arxiv:2512.07554:lem:moments,H2,0b50528a0074e9703f576aaf09c276abad0a36ef471e13056cbd876514599240,
190625,2512.08049,v2,Spectrally symmetric orientations of graphs,"Saieed Akbari, Jonathan Aloni, Maxwell Levit, Bojan Mohar, Steven Xia",arxiv:2512.08049:thm:10n,H2,7d986821b6ae49c7914e34744d9b793ad1dc8ef78db8a9a9922986d65f2b259b,
190652,2512.08375,v2,A Characterization of Functional Affine Surface Areas,Fernanda M. Baêta,arxiv:2512.08375:regularr,H2,b444788586cb0757044016dbc5984b66ee7f98818e1f4df417f86e469d89c8d2,
190753,2512.09689,v3,Regularity and pointwise convergence for dispersive equations on Riemannian symmetric spaces of compact type,"Utsav Dewan, Sanjoy Pusti",arxiv:2512.09689:transference_principle,H3,a0ab3ed56b6d9bd383d9d5fed3dc00fcf16e0e943c750d01bb95c976f5f07834,
190760,2512.09749,v2,"The real analytic structure of the Teichm\""uller space of circle diffeomorphisms with Zygmund continuous derivatives",Katsuhiko Matsuzaki,arxiv:2512.09749:decomposition,H2,68b028f4df4a50f118ef8b70c8d94b984aaa137c11a7d60358e5d6e336005730,
190870,2512.11434,v2,Stratification of the Helffer-Nourrigat Cone,Cl\'ement Cren,arxiv:2512.11434:lem,H2,224917098b653e24963e2d70d8fd98cc9ff8828882ac39c47ce685b962c213d3,
190887,2512.11626,v2,Differentiability and other properties of the cosmological volume function,Leonardo Garc\'ia-Heveling,arxiv:2512.11626:cor:2,H2,f2ca4b60c9f063a775c4e41c7ab73e3305014942453c23b4186a629443c8ff26,
190900,2512.11810,v2,"Weighted Sup-Norms at Infinity:\\ Exhaustion Functions, Decay Classes, and Anisotropic Ends",Armen Petrosyan,arxiv:2512.11810:thm:coarse-stability,H2,8eafbcb8a21d9ba62a7436f7bd69269f40439b87fc4688a4175d135c08c6acb0,
190986,2512.12954,v2,Linear convergence of relocated fixed-point iterations,"Felipe Atenas, Farhana Ahmed Simi, Matthew K Tam",arxiv:2512.12954:l:fpr-lip,H2,4c471b55e5b714aaa49e4100459a728d50f8dcabb39f7fe2a6c788797c01ba92,
191040,2512.13555,v3,Extensions of the Busemann-Petty Problem for Arbitrary Measures,"Daniel Galicer, Juli\'an Haddad, Joaqu\'in Singer",arxiv:2512.13555:thm:main,H3,bf4e119269f0baa2facfc8a5c75d11d1ab4c3fc2c55899ec68ecd9393dc5b3e3,
191083,2512.14219,v4,Analysis of a finite element method for second order uniformly elliptic PDEs in non-divergence form,Weifeng Qiu,arxiv:2512.14219:thm_a_continuous_complete,H3,ff83c3604480b4b0eda4e1e4969b995e204d27389a642b64a638cd91441b433e,
191097,2512.14416,v2,Reducing Training Complexity in Empirical Quadrature-Based Model Reduction via Structured Compression,"Bj\""orn Liljegren-Sailer",arxiv:2512.14416:the:compressedoptfun,H2,defee545985a755c2b8c6d4c8971ecc1277dbe50466b097c9e3c1417a138826d,
191138,2512.14991,v3,Adaptive Partitioning and Learning for Stochastic Control of Diffusion Processes,"Hanqing Jin, Renyuan Xu, Yanzhao Yang",arxiv:2512.14991:thm:transition-kernel-wasserstein-local-lipschitz-all-together,H3,5999739377d3f4854833339a06e81ce77e3571e90914bbfe7f112b79774e1829,
191139,2512.14995,v2,Full title of the article,Junliang Shen,arxiv:2512.14995:thm3.2,H2,2aa2d34233a2b73f61972038d5389b61693632e3e017b971553018fabf5855a7,
191242,2512.16503,v4,Fiberwise criteria for Fourier--Mukai equivalences,"El\'ias Guisado Villalgordo, Pat Lank, Kabeer Manali Rahul, Nebojsa Pavic",arxiv:2512.16503:lem:fm_cube_pullback_natural_isomorphism,H2,b00bb8c5a111b8ad26e4a2b501605415d7c17b173863d8d16c39ce9348eada8d,
191345,2512.17772,v2,A new proof of the logarithmic Hardy-Littlewood-Sobolev inequality for subcritical and critical mass,"Charles Elbar, Alejandro Fernández-Jiménez, Filippo Santambrogio",arxiv:2512.17772:thm-new-proof-hls,H3,4af235b53c818c0bfa2c37e7853322e67c9792b532912ab5601850104d3ce911,
191404,2512.18584,v2,State--Space Modeling of Time-Varying Spillovers on Networks,"Marios Papamichalis, Regina Ruane, Theofanis Papamichalis",arxiv:2512.18584:lem:gauss,H2,f97bd48aefb1bfddbf49273bab8156f1ea36ae14e2a235e1c71061c7cc55ca38,
191405,2512.18587,v2,\bf Graphon-Level Bayesian Predictive Synthesis for Random Network,"Marios Papamichalis, Regina Ruane",arxiv:2512.18587:lem:onegraphscore,H2,f0c41f105e491f005bdba991e7452a57efdf98c30b72ce217b8455f14774f2b1,
191407,2512.18592,v2,Multiscale Localized Inference for Networks\\with a Measured Vertex Coordinate,"Marios Papamichalis, Regina Ruane",arxiv:2512.18592:thm:adaptive-detection-localization,H3,3f5880d3b3391261e6576837a480bffe0dedb1f0f6a3b73438fc9db582d83eb6,
191444,2512.19063,v2,Sharp Decoupling Inequalities for the Variances and Second Moments of Sums of Dependent Random Variables,"Victor H. de la Pena, Heyuan Yao, Demissie Alemayehu",arxiv:2512.19063:thm:-complete-decoupling,H2,158a9006b33ecd52342629005938e26cc60b29a1edd3f73b2fcc8cf491fba172,
191483,2512.19501,v2,Large deviations for stochastic evolution equations beyond the coercive case: the critical-nonlinearity estimates for $\hat{F}$ (Lemma 3.5),Esmée Theewis,arxiv:2512.19501:lemma-3-5-critical-nonlinearity-estimates,H2,7d19017154328ac646433fce100081bb324975f9e246731e43719288cced7c59,
191558,2512.20361,v3,From the planar Ising model to quasiconformal mappings,Rémy Mahfouf$^\mathrm{A}$,arxiv:2512.20361:lem:constant-logarithm,H2,8e0b471e25fe2f8131d7d016028b032c1fd31b374689c784be77ae111295be48,
191619,2512.21140,v3,On Borel sets in ideal topologies,"Miguel Moreno, Beatrice Pitton",arxiv:2512.21140:approx_lemma,H2,39ea8381ec8681d681741467f2e09f789da35a9b45ce160e8ba54aa796805bab,
191665,2512.21517,v1,Variance-Refined In-Diameter Lower Bound for the First Dirichlet Eigenvalue: the variance-refined in-diameter bound (Theorem 1.1),"Thomas Sch\""urmann",arxiv:2512.21517:theorem-1-1-variance-refined-in-diameter-bound,H2,fb30e93e7565f26b3bf60347752382c4b46f96aa8e13f8d597227d6fc2e23b9b,
191698,2512.21935,v3,Benign Nonconvexity of Synchronization Landscape Induced by Graph Skeletons,"Hongjin Wu\textsuperscript{\normalfont *}, Ulrik Brandes\textsuperscript{\normalfont\textdagger}",arxiv:2512.21935:lemma:leaflike,H3,90c5d2926fc3a00b40a0e722824947a27f2e0cacaaf1e36c494cc89bea7005b8,
191774,2512.23047,v2,Bayesian Effective Dimension from Information Growth,Sayantan Banerjee,arxiv:2512.23047:thm:exponential-spectrum,H3,d4ba1d46be07c6a4951f77b60f42576296d94317274b007d3f401d882fecd759,
191809,2512.23521,v1,On the continuity of the product of distributions in local Sobolev spaces,Stefan Tuti\'c,arxiv:2512.23521:wf_tenz_proiz,H3,0f1d919354023843da609481772539ffed39db5c632e0658683eed2822579302,
191847,2512.24051,v2,full title,"Alessio Basti, Fabio Camilli",arxiv:2512.24051:prop:properties_scheme,H3,d87e03fce6651ac4c1ae065a692b55963024ac3bd4aecbc09eb0d3a23d989869,
191861,2512.24199,v2,Discrete Gaussian free fields on Hamming graphs,Shuhei Mano,arxiv:2512.24199:pro:limcovd,H3,90d891f89ae1cc8c6bfc337daf32b1f74ee2c560b8276df623f3cb4fa48e663d,
192019,2601.00721,v2,Symbolic Integration of Differential Forms:\\ from Abel to Zeilberger,"Shaoshi Chen, David A. Cox, Yisen Wang",arxiv:2601.00721:thm,H2,c6c214c97b645a9733bbb174bc008ce7786b488617f279b22a494583a754db62,
192134,2601.02120,v2,On the Subtractive Ideal Structure of Commutative Semirings,"Pubali Sengupta, Amartya Goswami, Pronay Biswas,, Sujit Kumar Sardar",arxiv:2601.02120:loc3,H2,3b8606260e045598c6cf8f1f5af959c4cb51d82d2f5ab321579fb1c12e0bb3a4,
192162,2601.02547,v2,Tree metrics and log-concavity for matroids,"Federico Ardila-Mantilla, Sergio Cristancho, Graham Denham, Christopher Eur, June Huh, Botong Wang",arxiv:2601.02547:lem:ultra,H2,55e97cc60c7ef7f0329592080d0239d1ede3b784d18f7c9ca230bea3d400344b,
192207,2601.03107,v5,On the monotonicity of the entropy production in the Landau-Maxwell equation,C\^ome Tabary,arxiv:2601.03107:thm:main,H2,32972048931ecec60004db0402221889173e1c828a12233e9098b121b021b8fd,
192218,2601.03297,v8,Thermodynamic Dictionary for Syracuse-like Maps,Eduardo Santana,arxiv:2601.03297:finite_syracuse,H2,0b03e93254389d67f099027b6cbb4d149b8b339dab9f69a39fa83f59f3e77c19,
192223,2601.03411,v2,A one-dimensional activated random walk is explosive above the critical density and not explosive below it,"Nicolas Forien, Christopher Hoffman, Tobias Johnson, Josh Meisel, Jacob Richey and Leonardo T. Rolla",arxiv:2601.03411:thm:explosive,H2,c3d30962914274abebfdf9815228b39d94f933bf2fcf2561b2e68c3144ccf162,
192245,2601.03778,v3,"On perfect matchings, edge-colourings and eigenvalues of cubic graphs: spectral characterisation of truncated cubic graphs (Proposition 3)",Willem H. Haemers,arxiv:2601.03778:proposition-3-truncated-cubic-graphs-spectral,H2,aee716a717339fc0dba8b331e50ca0b61924dd03fe18ff0a91cdf8151ce78a2c,
192257,2601.04027,v3,Asymptotics of high-codimensional area-minimizing currents in hyperbolic space,"Xumin Jiang, Jiongduo Xie",arxiv:2601.04027:thm-c41,H3,40f1aa94f394b96c7c8ebb35c2f46f2978a073469ee74847e8b6118829b02991,
192285,2601.04256,v3,"The monitorable and non-monitorable relations form Borel sets, the first comeagre and the second meagre",Riccardo Camerlo and Francesco Dagnino,arxiv:2601.04256:thm:trn,H2,8c5d8fc94eb519bf7b02316ba27c820d59e7679896f38e479f26dfac1756a753,
192380,2601.05971,v1,Repetition in Permutation Wordle,Aurora Hiveley,arxiv:2601.05971:theorem,H2,11ea58313ee059d53f6e97cee6c9abaafb5e0f1a08e742a0f1e39626eccb2fb4,
192381,2601.06005,v2,Generalized Poincar\'e inequality for quantum Markov semigroups,"Marius Junge, Jia Wang",arxiv:2601.06005:main:tracial,H2,5b9f2a473378e540f39775ecead6e66e1e54b75b3ccf0a97d98e74e2b6780594,
192406,2601.06369,v3,Exact Solutions for Compactly Supported Parabolic and Landau Quantum Barriers,"Peter Collas, David Klein",arxiv:2601.06369:1,H3,59518728953f5353bac2304b3badafcb096e565d0ceb202fedd4ae3e096881e1,
192414,2601.06470,v2,Non-Linear Generalization of the DLR Equations: $q$-Specifications and $q$-Equilibrium Measures,"F.H.Haydarov, B.A.Omirov, U.A. Rozikov",arxiv:2601.06470:tt3,H3,36ca7fd22169463530b3462bf565e0203e9c919f4d5b741c976e2824acea6266,
192624,2601.08774,v2,Integral points over number fields: a Clemens complex jigsaw puzzle,"Christian Bernert, Ulrich Derenthal, Judith Ortmann, Florian Wilsch",arxiv:2601.08774:prop:elements_to_ideals,H2,a226a2b33882a8bb6e7f887eeafbc721d4da951484803dcf66bcaf875dda32e7,
192630,2601.08805,v4,Quantum braid Floer homology,"Cristina Ana-Maria Anghel, Andr\'as Juh\'asz",arxiv:2601.08805:prop:w-s,H2,95f38accf2f72397134ce33f7f4980c91209e0adae205eae948f7a6891baee91,
192632,2601.08824,v4,Breaking the Orthogonality Barrier in Quantum LDPC Codes,Kenta Kasai,arxiv:2601.08824:theorem,H2,62baa8134696cccfec1949106bde62f2fae204dfe4f60cb50bbca62b258a4824,
192668,2601.09375,v2,Norm attaining dual truncated Toeplitz operators,"Sudip Ranjan Bhuia, Puspendu Nag",arxiv:2601.09375:thm:na-density-finite-blaschke,H3,72135fd9532b0658b84375191826095c3fb31c53b6220907fef0147a2fdcc650,
192683,2601.09508,v3,Oracle-free Boltzmann Sampling for Powersets,Jean Peyen,arxiv:2601.09508:prop:probcov1,H2,e332fff690b67fd3a400978cdd3690139cd60f65f71604db260dfe88353f8993,
192688,2601.09551,v3,Proof of a Conjecture on Young Tableaux with Walls,"Zhicong Lin$^{\color{blue} \dag}$, Feihu Liu$^{\color{blue} \ddag}$, Jiahang Liu$^{\color{blue} \S}$, Jing Liu$^{\color{blue}\P}$, and Guoce Xin$^{\color{blue} \maltese}$",arxiv:2601.09551:theorem-omega-k-1,H3,49a3277ab8e1167a9d5d3d3a2560f5427c2f2a460537ae908385af524e0f2e30,
192787,2601.10647,v3,Michael--Simon inequality \\ for anisotropic energies close to the area \\ via multilinear Kakeya-type bounds,"Guido De Philippis, Alessandro Pigati",arxiv:2601.10647:complement.bis,H2,95f8652d43864d457f2eb2877a1d866ba783bf7c4c26bc879b0a200ea164432c,
192943,2601.12409,v3,The dual category of local transversal strings is braided tensor equivalent to the representation category of the quantum double,"Shiyu Cao, Zhian Jia and Sheng Tan",arxiv:2601.12409:thm:category_equivalence,H2,4e6a36fc329b77b15060864c3791a3f7acf596e851a3d503804227ba8c89324e,
192952,2601.12461,v2,Homological $k$-systole in $n$-manifolds with positive intermediate curvature,"Jingche Chen, Han Hong",arxiv:2601.12461:topology-inherit,H2,e326025a749492511e60c1c0c1709e960a975ec10af322bccb5ba61a792bd049,
192962,2601.12597,v2,Conjugating full cycles by adjacent transpositions: diameter and sorting time,"Ron M. Adin, Eli Bagno, Yuval Roichman",arxiv:2601.12597:obs:4,H2,8ff54ba6ef347c435b80f18975e93343701600e87ecb2c4bfa9f9d0564fc8e56,
192996,2601.13051,v3,Uniqueness of weak solutions for the power-law Navier-Stokes-Voigt problem,"Ankit Kumar, Hermenegildo Borges de Oliveira and Manil T. Mohan",arxiv:2601.13051:thm:UniT,H2,2fd04df2d2febe84b2751ee1a2c645fd078d2595224ffea76e42f6e73d1a389e,
193021,2601.13390,v2,Linear relations on star coefficients of the chromatic symmetric function,"Rosa Orellana, Foster Tom",arxiv:2601.13390:lem:ab1k,H2,8faa6d5d447f7f201084f79e1fa07c7366999337db4392fd0d04dabde39933d4,
193061,2601.13977,v2,Toric Euler-Jacobi vanishing theorem and zeros at infinity,"Carlos D'Andrea, Alicia Dickenstein",arxiv:2601.13977:neq,H2,657b7502c4a96145795b93a14e25c6a96eb1f34635afb9d0621b35b881d0e241,
193098,2601.14586,v2,The cluster size distribution of a stationary discrete random field is the normalized weight sequence of its clusters,Dan Cheng and John Ginos,arxiv:2601.14586:thm:CSD_d,H2,2065bc0e292afa79886ef3495882d6bfc39906e904baf4bb32aeb7f144bc25a0,
193140,2601.15185,v4,The Zariski Topology on Homeomorphism groups,Luna Elliott,arxiv:2601.15185:main,H3,f57118a0ec132913ebcfcd46e27352d2a192f0f45172df947c06760e9427c512,
193141,2601.15194,v2,Entropy of Soft Random Geometric Graphs in General Geometries,"Oliver Baker, Carl P. Dettmann",arxiv:2601.15194:thm:final_finiite_bound,H2,785a4626d1cad469a0e0c7230d294492b0fb94e1d50bda2844aec6a046ecf00d,
193150,2601.15268,v3,"On the Real Zeroes of Half-integral Weight Hecke Cusp Forms, II","Jesse J\""a\""asaari",arxiv:2601.15268:random-averaged,H2,dd5ddf9a0086e9447b0c3a0ffca6921cd7e7a50b02999dc9b7fae9d75eca25c3,
193219,2601.16167,v3,On the dimension drop for harmonic measure on uniformly non-flat Ahlfors-David regular boundaries.,Aritro Pathak,arxiv:2601.16167:eq10,H3,1740515fbd717caef3ad5d88e0ffe71e79afca189ba74b497d09a2d2d8d440e8,
193228,2601.16337,v2,Chemotactic Feedback Controls Patterning in Hybrid Tumor–Stroma Model,"Jiguang Yu, Louis Shuo Wang, Zonghao Liu, Jingfeng Liu",arxiv:2601.16337:thm:positivity,H3,9fab4849b5984db7d8f42b0821a755c60ba8a187cb611dc9d8cda51d3081849b,
193280,2601.16945,v2,A new class of colored Gaussian graphical models with explicit normalizing constants: the characterisation of RDAG-admitting colored graphs (Theorem 6.1),"Adam Chojecki, Piotr Graczyk, Hideyuki Ishi, Bartosz Ko{\l}odziejek",arxiv:2601.16945:theorem-6-1-rdag-symmetric-cer-characterisation,H2,1c8bba6f9e94b9aea32c218af091a6229fa7b8676039c8f53a272a967ad17f73,
193296,2601.17171,v2,A Unified Kantorovich Duality for Multimarginal Optimal Transport: the compact-case Kantorovich duality (Theorem 1),"Yehya Cheryala, Mokhtar Z. Alaya, Salim Bouzebda",arxiv:2601.17171:theorem-1-compact-multimarginal-kantorovich-duality,H2,588861b1687d597cb6ac97938792d95fc04061a23b6a8630b096ad13c44c2903,
193311,2601.17380,v3,Fixed Point Theorems for Set-Valued Maps with Contractive Orbits,Detelina Kamburova,arxiv:2601.17380:t=>p,H2,a355f2995713d0d87cfbf29681b13d62ed1d7354b506cc9736c89ad3cf15fb29,
193320,2601.17519,v2,The optimal polynomial lower bound on the edge-isoperimetric number of the graph square,"Aida Abiad, Nils van de Berg, Emanuel Juliano, Harper Reijnders, Robin Simoens, Thijs van Veluw and Jim Wittebol",arxiv:2601.17519:thm:lowerbound_G2,H2,8e9c8b2f0203a45e41e075bcd0841279ada096d7285e8717760d2257072d2c59,
193342,2601.17765,v4,Jacobian rings and the infinitesimal Torelli Theorem,Julius Giesler,arxiv:2601.17765:lemma,H2,99fb553ca1f4a309b669c6bfdd7a8424191d690f630ffa527c4471ecd79a6ea3,
193353,2601.17945,v2,The semipermutation map is a bijection exchanging the descent number with the lecture hall statistic,Giovanni Gaiffi and Giovanni Interdonato,arxiv:2601.17945:thm:bijection,H2,77d51c826a60c755a912e31c841aa480c4b0760d48de214ecbd96681571421cb,
193416,2601.18774,v4,The Blown Lead Paradox\\[0.25em]\large A Pathwise Calibration Benchmark for Win Probability Forecasts,"Jonathan Pipping-Gam\'on, Abraham J. Wyner",arxiv:2601.18774:thm:supp-discrete-unconditional,H2,08fe858f990ccb497cef8f8ba66cf735c5775ead7fbb65818900668db9f0278d,
193456,2601.19443,v2,On the maximal subgroups of almost simple\\and primitive perfect groups,"Patricia Medina Capilla, Luca Sabatini",arxiv:2601.19443:lem:wreath',H2,586b7666c8cad0733ca5a6cda1dc643f7f9abf155f7da424a42681c3d0514bb6,
193536,2601.20596,v3,"Annihilator of $Ext^i_R(R/I,R)$",Mohsen Asgharzadeh,arxiv:2601.20596:cl,H2,4ab96e94ffd11dd750fc449978e9afdd9899b5ef104fcfe32f2db823efbd317f,
193538,2601.20603,v2,A Canonical Characterization of Normal Functions,"Peter V Dovbush, Steven G Krantz",arxiv:2601.20603:thm:norm-manif-1,H2,ec83a6bff728c01c9e2fa4d486238463ed626d45f1f57b393d78dff34947fb9f,
193547,2601.20770,v2,The tie set count for mixed prime parking functions and its dependence on the two parameters,"Pamela E. Harris, Selvi Kara, Erin McNicholas, Kathryn Nyman and Mei Yin",arxiv:2601.20770:thm:Tie_Set_count_mixed,H2,c5e510876dd3e1c6b43e989648a97ac456fcee1b9a165f0a94a39ef029d82df9,
193578,2601.21243,v4,Solving the Offline and Online Min-Max Problem of Non-smooth Submodular-Concave Functions: A Zeroth-Order Approach,"Amir Ali Farzin, Yuen-Man Pun, Philipp Braun, Tyler Summers, Iman Shames",arxiv:2601.21243:prp:sadex,H2,2e30e977ab8f59ae455d1cd0243a91bfa01cdd08421957993db3009daed1e8dc,
193620,2601.21888,v2,"Synchronization points: growth, asymptotics, congruences, and the synchronization zeta function: the form of the synchronization zeta function for two permutations of a finite set (printed as Theorem 30)","Alexander Fel'shtyn, Mateusz Slomiany",arxiv:2601.21888:theorem-30-synchronization-zeta-function-form,H3,26f35fbb5a54ff5d76edc1b38d8fb9dcfcfa35aa703d4a7d0aa4d15573f231f3,
193627,2601.22005,v2,Hierarchy of discriminative power and complexity in learning quantum ensembles: sufficiency of $k=N$ for full discriminative power (Theorem A.3),"Jian Yao, Pengtao Li, Xiaohui Chen, Quntao Zhuang",arxiv:2601.22005:theorem-a-3-k-equals-N-full-discriminative-power,H2,1351dab943e9013cbb2b568031e370a0439b3e4144ba2bc7a78787be940cc0d1,
193683,2601.23101,v3,Bipartite Graphs Are Not Well-Quasi-Ordered by Bipartite Minors: the tadpole is a bipartite minor but not a minor of the cycle (printed as Theorem 1),"Therese Biedl, Dinis Vitorino",arxiv:2601.23101:theorem-1-tadpole-bipartite-minor-not-minor,H2,96b8a754c8ba9684b4a917f08ac5d644372834f7e7c09ff60c51c4cc243c4bee,
193726,2602.00530,v2,"On the Hamiltonicity, traceability, and toughness of complements of line graphs.",Adam Mammoliti,arxiv:2602.00530:t:main,H3,2f869740dd7061f9cb9c6f37bbb234ff13a91be6abc04a2a47cba42a6c71482b,
193769,2602.01178,v2,From subtractive ideals of semirings to deductive and inductive sets in general algebras,"Elena Caviglia, Amartya Goswami, Zurab Janelidze, Luca Mesiti,, Vaino T. Shaumbwa",arxiv:2602.01178:detthmlatticeuniversalrank,H3,ff4bb6527d8a687677601972bada598b4378190bf05f9c1d30800b94fed3d2dc,
193809,2602.01803,v2,Polynomial Interpolation of a Vector Field on a Convex Polyhedral Domain: piecewise polynomial interpolation with tangency and divergence constraints (printed as Proposition 6.2),"Junyan Chu, Shizuo Kaji",arxiv:2602.01803:proposition-6-2-piecewise-interpolation,H2,5fb2d065368847e09b31342101ab41634b7530e6b432c56cefef00eee43a08bc,
193873,2602.02938,v3,A Correspondence between Billiards and Geodesics,Daniele Giannetto,arxiv:2602.02938:lem:coord_connectors,H2,4708bc98e0c5b8d6ff0f46b62a9488ebfd84a7ab2d70adfdfa05612ad86c0971,
193956,2602.04134,v2,Refined upper bounds for the numerical radius via weighted operator means,"Shankhadeep Mondal, Ram Narayan Mohapatra, Kasun Tharuka Dewage",arxiv:2602.04134:thm:main,H3,b625342b9d7ae7882e663037560090aa1f23e01678f6637d5e857883d464cd1a,
193961,2602.04222,v2,Nearly Gorenstein normal graded rings,"Tomohiro Okuma, Kei-ichi Watanabe, Ken-ichi Yoshida",arxiv:2602.04222:hypell,H2,e9acb162227caf3227e498e6dfcb99b38cfde43e7b094b08c61352b8889640d3,
194139,2602.06913,v4,Minimal model for confined operator dynamics in Floquet quantum circuits,"Marcell D. Kov\'acs, Christopher J. Turner, Llu\'is Masanes",arxiv:2602.06913:lemma:u_unique_decomposition,H2,00bda04e756f3b2066c103598f63585230c9f48e4be147c175414b53a88dc3bf,
194159,2602.07217,v3,Dynamic Interval Scheduling with Random Start and End Times: NP-hardness of the CDSRSE model (printed as Theorem 3.2),"Rui Gong, Alejandro Toriello",arxiv:2602.07217:theorem-3-2-cdsrse-np-hard,H2,0c29267df7785dea045e30358c2963f662f9a485bab6be305efefed10a4c3fe8,
194176,2602.07404,v2,Adaptive Experimental Design Using Shrinkage Estimators,"Evan T. R. Rosenman, Kristen B. Hunter",arxiv:2602.07404:lemma:sure,H2,9a5baf91d8a02533a1c82f8c9c525df725d1f32401ef08d7587b367f9eca93fa,
194307,2602.09261,v4,"Fibre-Product Stability, Kummer Gluing, and Composita for Universal Koszulity",Marina Palaisti,arxiv:2602.09261:thm:split-raag-lattice,H2,d240200c7de58d03d5a344512134b633c547203fde1d04d07bd6ddcfed42f20b,
194371,2602.10123,v3,Inverse Theorems of Point--Sphere Incidences over Finite Fields,"Shalender Singh, Vishnu Priya Singh Parmar",arxiv:2602.10123:thm:rnc-block-indecomp,H3,1cc6119e43823e3829f7678131c5f1fb8e06cdb143b36bf55c0cf572647a09d6,
194396,2602.10420,v4,Prediction--Loss Alignment for\\ Sampler-Robust Flow Matching Training,"Jiadong Hong, Lei Liu, Xinyu Bian, Wenjie Wang, Zhaoyang Zhang",arxiv:2602.10420:prop:flow_target,H2,7b26bb87e3b0d15b4d0605f2bee700dd9b6f43e54b790b9c2a9d2c97e6c6d933,
194420,2602.10707,v2,Quasi-inequivalence of Thurston representatives of non-conjugate pseudo-Anosov classes in the identity component of the homeomorphism group,Lukas Böke,arxiv:2602.10707:thm-main-thing,H2,ef5a1a45164f98718a6c8a1171fa1667f0f7c250225c9d32d839fc103fa400a3,
194480,2602.11559,v6,Towards Monoidal Categorifications of Twisted Products of Flag Varieties,Yingjin Bi,arxiv:2602.11559:lem:beta3move,H3,eeda2e509bfc3a808950ae84849344f8322b3e1282925eeddacddeb47c59bed0,
194532,2602.12226,v2,A resistance invariant of special alternating links,Michal Jablonowski,arxiv:2602.12226:lem:pseudoinverse,H2,8ec7ad682bb81821a1356d1ae97df2ee7297ea463f0c4de4da0a629734163c29,
194561,2602.12598,v3,"The Oka principle for holomorphic fibre bundles of H\""older--Zygmund classes on strongly pseudoconvex domains",Franc Forstneri{\v c},arxiv:2602.12598:th:theoremapar,H2,d1eacf2b0cabc4445a835e8c1ce7db4bd2bd6022f7384223f1b926a668136076,
194584,2602.12815,v2,Subgroup measures and profinite rigidity in free groups,Shrinit Singh,arxiv:2602.12815:thm:universal,H2,f0114d9a69f796332b49fc4116e65c71687fc165b965bfff19511e98c7b3d32b,
194614,2602.13099,v3,Spectrum of the partially transposed Haar moment operator: eigenvalue formula for every partial transposition and the resulting rank,"Riccardo Castellano, Dmitry Grinko, Sadra Boreiri, Nicolas Brunner, Jef Pauwels",arxiv:2602.13099:prop-PT-toric-Haar-spectrum,H2,4c5f3f6d56278ad155940874fe8b9244d292f31de78e7f4e478996c77b6b9c71,
194631,2602.13375,v3,Groupoid Homology and Classifying-Space Homology Are Not Isomorphic,Luciano Melodia,arxiv:2602.13375:lem:pushforward,H2,dc47089e14528d653c119fa63094e587477ca4766df206bdbc65d99654471289,
194651,2602.13527,v2,Bruno ideal and the variety of centers for singular germs of vector fields,"Mar\'ia Mart\'in-Vega, Daniel Panazzolo",arxiv:2602.13527:lemma-bound-expu,H2,7b48a0f7e8ea50f34e1168e265455326e25ab8789d417bbfa4b8d5339f33fa40,
194744,2602.14797,v2,On the behavior of analytic torsion for twisted canonical bundles under degenerations,Ken-Ichi Yoshikawa,arxiv:2602.14797:thm:leading:term:torsion,H2,0123ed3806b6a49e84b8ece049e03a5a0a999b7c4cd1f0db6d140a5caf7e41ea,
194774,2602.15151,v3,Revisiting transportation problems under Monge costs with applications to the Discrete Ordered Median Problem: compact optimal dual solutions from the northwest-corner rule (Theorem 2.5),"Stefan Nickel, Justo Puerto, Simon Ramoser, and Alberto Torrejon",arxiv:2602.15151:theorem_u_v_formulas,H2,f0818a4de534e7cc32d051ea9a6420a0a445ad780a4c4af5fd2c1eca8566e75f,
194799,2602.15463,v3,subgroups with all finite preimages isomorphic are conjugate,"Ido Karshon, Alexander Lubotzky, D. B. McReynolds, Alan W. Reid, Mark Shusterman",arxiv:2602.15463:lem:rigidity,H2,8d3bcaa4ae60371173fe1bdc93b3c094aa0b07e7d2f2c0734a062d7a1ce6b708,
194829,2602.15810,v2,An effective energy-enstrophy diffusion process with a condensation bound,"Alain-Sol Sznitman, Klaus Widmayer",arxiv:2602.15810:theo2.3,H3,9e0af2c7ace038f73cdc3f9aaecfcb0362088e8b14ee6c2c44664f4ab446dbe1,
194849,2602.16126,v5,Martin boundary and invariant fields for multiplicative SHE,Hongyi Chen,arxiv:2602.16126:prop:lambda_heat_kernel_mixture,H2,73ac300055cd644dfbd96c336e04054ae1743152e2722fefab96684141c41dfe,
194867,2602.16293,v3,The application of decay character on the global behavior of damped wave equation with Riesz potential-type power nonlinearity,"Trung Loc Tang, Dinh Van Duong, Duc An Phan",arxiv:2602.16293:thm_blow_up,H3,ff641d7825938d42c07c43b67789e2e2d3922fa618df8175e290116a38e8fe92,
194883,2602.16458,v2,"Genus two Goeritz equivalence in lens spaces $L(p, 1)$","Brandy Doleshal, Matt Rathbun",arxiv:2602.16458:lem:inequalities,H2,f036ad685216089c83c3c6c0620d73f45095ccf03401d844efc03da623974bd0,
194949,2602.17285,v2,A stochastic Schauder-Tychonoff type theorem and its applications,"Erika Hausenblas, Ankit Kumar$^\ast$, Jonas M. T\""{o}lle",arxiv:2602.17285:lccthrm,H3,99c4836fa3f7b2a832126b481ec7c6330d974b8fef4b206e1cd2242dce50b77b,
194973,2602.17570,v3,Viscous counterexample to locally self-similar blowup: the inner-profile exponent cannot exceed one half,"Peter Constantin, Mihaela Ignatova, Vlad Vicol",arxiv:2602.17570:prop-nse,H2,3bd2a29dd5d4a1b8a338d89669e8a08b275e354b1243436e253cafdc7dfeb872,
195209,2602.20695,v1,On the singular nature of shallow-water convergence of the intermediate long wave equation on the real line,"Andreia Chapouto, Benjamin Harrop-Griffiths, Guopeng Li,, Tadahiro Oh",arxiv:2602.20695:lem:res,H3,28ca1291c9a11b01a1c13de45461289a24b81b73b51144b3cef7940f9418c7bf,
195241,2602.21048,v3,Higher Degree $t$-Hermitian Forms and Positivity-Preserving Contractions,Isaac Dobes,arxiv:2602.21048:theorem,H2,8d2e5ccc4096a4619b327fb8643386302bc13a27e6b9e53b3bb41a6ff38ba350,
195385,2602.23207,v2,A Study of the Extreme Points in the Unit Ball of $\JT$,Spiros A. Argyros,arxiv:2602.23207:theorem,H2,cb0a8fca23e503e0d3ddb1e5e6de00bcb58bb5af3656d229b621fa4253a0f824,
195432,2602.23892,v3,Towards Tsallis Fully Probabilistic Design,"Vyacheslav Kungurtsev, Giovanni Russo",arxiv:2602.23892:th:solnonefp,H3,36c3a330de2df70516d52a7c523f93f0b4e378b4e59030c16776529801f22436,
195518,2603.00836,v3,On a conjecture due to Kanade related to Nahm sums,Cetin Hakimoglu-Brown,arxiv:2603.00836:thm:kanade,H2,7e04b966750b182d737bd106edae9059b1c677ac787eb11056d4bf1dec54e711,
195536,2603.01079,v4,Growth-ratio bound for balls in the Cayley graph of the fundamental group of a spherical manifold,"Ilya Alekseev, Ivan Nasonov, Gaiane Panina",arxiv:2603.01079:lemmaNonAm,H2,07aebd951c970661e0548c37d8767a29b29b6ad7d74e986767bc6c90e8b97191,
195541,2603.01114,v2,A new order for ideal sequential compactness,"Adam Kwela, Dorota Lesner",arxiv:2603.01114:prop:fin_vs_tall,H2,768fe2bd2d4da6eba02b399474a89fb684a384c22badcb530cac812faff9a0f9,
195588,2603.02009,v3,"The Quintic Wave Equation with Kelvin-Voigt Damping: Strichartz Estimates, Well-posedness and Global Stabilization","Marcelo Moreira Cavalcanti, Valeria Neves Domingos Cavalcanti",arxiv:2603.02009:lem:chain,H2,b4e68f0d165f217689ae79f48fed1e0781cc7c67fe44acddd035e84ed0524b65,
195741,2603.04396,v2,Abelian-normal decimal expansions,John M. Campbell,arxiv:2603.04396:theoremxi10,H3,12e6bced93fd113bf4920114114606b9235149f09e7db6b2dcc831b5ff06e9c3,
195766,2603.04886,v2,Global versus regional internal–external potential field separation,"X. Huang, C. Gerhards, Z. Ren",arxiv:2603.04886:thm:instability,H2,434cb7a01fe67e870339c15e7ace48d583d9e8ea39314b232bcc86aabf7f3c7f,
195803,2603.05443,v3,Cross-free families have linear size,Istv\'an Tomon,arxiv:2603.05443:lemma,H2,93ce92b707f44a51d8e29723826d99021ef7f32d11bb7325b6b217b63743a611,
195844,2603.06177,v2,Finiteness conditions on skew braces and solutions of the Yang-Baxter equation,"Rosa Cascella, Silvia Properzi, Arne Van Antwerpen",arxiv:2603.06177:unsatisfacttheorem,H2,9c964ab43702601240980c0623a30642501b6e30b00ece613a77d6cff7c5fb6d,
195909,2603.06965,v2,Enveloping algebras via motivic Hall algebras,"Xinyi Feng*, Fan Xu",arxiv:2603.06965:babb,H2,39303d9293755fd7093dde769fd6c64fda85dd340d79089cb3ce6b2f4ebc6087,
195938,2603.07362,v4,$\sigma$-matching and interchangeable structures on truncated polynomial algebras,"Kobiljon Abdurasulov, Jobir Adashev, Feruza Toshtemirova",arxiv:2603.07362:3.1,H2,550e91b3cf18787d2f820aa12a7dd3a894eec39b0133bef79db0a4d2bcbf4d1b,
196013,2603.08539,v3,"Subdivisions of root polytopes, generalized tropical oriented matroids, and generalized matching ensembles","Tianyu Jiang, Yuan Yao, Qingyue Yu,, Chenyi Zhang",arxiv:2603.08539:prop:ms_decomp,H2,74f6293dbd816bdff1b11dba6757da6d882185b9b3cb365ec9efb0384d059b59,
196021,2603.08656,v2,Structure-Preserving Generalized Manifold Galerkin Reduction for Port-Hamiltonian Systems,"Silke Glas, Hongliang Mu",arxiv:2603.08656:theo:exists_jr_inv_bvbar,H3,ef8d913a9acff1ea323ca8185637ca98976306f58e009a4de1754e415b01b526,
196032,2603.08838,v3,Asymptotic v-number of graded families of ideals and the Newton-Okounkov region,"Mousumi Mandal, Partha Phukan",arxiv:2603.08838:artinreeslemma,H2,ebbd1c276df37f1fd05c7fcbf78c88e79145b2ef49fe48307300a46d5120ae3b,
196036,2603.08895,v2,"Degree-based weighted adjacency matrices: spectra, integrality, and edge deletion effects",{\small Bilal Ahmad Rather$^{a}$ and Hilal Ahmad Ganie$^{b}$},arxiv:2603.08895:thm:spectrum_complete_multipartite_updated,H3,dbc2fad1f696798daf72d44cd1ed1fb0e179f90c97af0516adbef393da42e63d,
196069,2603.09522,v3,"\LARGE\bfseries Weak-Coupling Limit of the Lattice Nonlinear Schr\""odinger Integral Equation",Felipe Taha Sant'Ana,arxiv:2603.09522:prop:gap,H2,19f49d5a02859f4152c8773be816ca082b262ad034e0eefe5c032bd41c7849f5,
196085,2603.09767,v3,\bfseries Age-Structured Harvesting Models: A Structural Comparison of Rate-Control and Effort-Control Optimality Systems,"Jiguang Yu, Louis Shuo Wang, Ye Liang",arxiv:2603.09767:thm:necessary_pr,H2,6350b703ea72699c48ce27c82588bde06486defc3ba593fd4f144e35f13d668f,
196088,2603.09790,v3,Scalable $s$--step Preconditioned Conjugate Gradient with Chebyshev Basis and Gauss--Seidel Gram Solve,"Pasqua D'Ambra, Massimo Bernaschi, Mauro G. Carrozzo, Stephen Thomas",arxiv:2603.09790:prop:fgs-residual,H3,7ca83f098583e9efffefbb32195972ad903cfa833e875ba8af34deff93a2b62e,
196093,2603.09864,v2,Sparse Cuts for the Positive Semidefinite Cone,"Oktay G\""unl\""uk$^a$ \and Paul J\""unger$^b$ \and {Jeff Linderoth}$^c$ \and Andrea Lodi$^b$ \and James Luedtke$^c$",arxiv:2603.09864:lem:dnnform,H2,c1f42096de061e30bb7d4c78cf4476f4f00f1c9bc359cb40a4e07e70bd30ce12,
196162,2603.10736,v3,Vertex Dismissibility and Scalability of Simplicial Complexes,Mohammed Rafiq Namiq,arxiv:2603.10736:prop:7,H2,55a0f6e398c17e7e422eaa0baa1262386b0732a700eafa95200adb5eae0fba0c,
196202,2603.11232,v2,Long-time asymptotics of the heat kernel on a homogeneous tree,Effie Papageorgiou,arxiv:2603.11232:prop-heat-asymp-ell1,H3,913979c0d6a7abdc1fbd5b0c8689cac749baf6b924387052ac0ebedc03c61d6a,
196255,2603.12058,v3,Drift Estimation under Low-Rank-plus-Sparse Structure for High-Dimensional L\'evy-Driven Ornstein--Uhlenbeck Processes,Marina Palaisti,arxiv:2603.12058:thm:det_exact,H2,1d187d0bb59f20e97dd4796fc70becd17e9c17341fe127c286c3fe501e3066ff,
196338,2603.13535,v5,Edgewise Envelopes Between Balanced Forman and Ollivier-Ricci Curvature,"Giorgio Micaletto, Tebe Nigrelli",arxiv:2603.13535:lem:leftover-rigorous,H2,bac58f3f9b240cf604bfa31956569467dcca6ec40915a3da56ae9a593bcb47e6,
196341,2603.13587,v2,State-space models through the lens of ensemble control,"Ye Feng, Jianfeng Lu",arxiv:2603.13587:thm:ensemble-relative-smoothness,H3,65dd684c0a5f982f91bb93d24125145a0c48df1418c98bb0edd069cda85062b0,
196342,2603.13588,v2,Feedback Control and Local Convexification of \\ Wasserstein Gradient Flows,"Dante Kalise, Lucas M. Moschen,, Grigorios A. Pavliotis",arxiv:2603.13588:prop:constrained_projected_hessian,H2,11afee42784674d5af23056de79aee08944e7511997e5972bb368c1e4f9ce57a,
196363,2603.13953,v3,Random discrete copulas,"Damjana Kokol Bukov\v{s}ek, Bla\v{z} Moj\v{s}kerc, Nik Stopar",arxiv:2603.13953:th:exk_hat,H3,d979c1c0124ebe7600bd230381a51cd2599ce70402954bf8efb30f68442fdb65,
196436,2603.14835,v2,Evaluating time-to-event forecasts under fixed-horizon right-censoring,"Robert J. Taggart, Nicholas Loveday, Simon Louis",arxiv:2603.14835:cor:expectation-not-provisionally-elicitable,H2,06716c71e953c3858e2fab935be924a6c6853af71d8ad543328f77f0b9b2cc56,
196447,2603.14970,v3,Self-referential universal property of the upper-triangular gluing as a lax limit of stable infinity-categories,Gustavo Jasso,arxiv:2603.14970:prop-lax-limit,H2,56079a19abb2304cbe5d6e23ec4dbf396ee61bd05219e030508c9bd10e0ecb55,
196456,2603.15071,v2,Conjugation criterion for an additive code to be equivalent to a linear code over the quadratic extension field,"Kanat Abdukhalikov, Duy Ho",arxiv:2603.15071:additivecharacterization,H2,abbbb8c69fd9adb4e080fd4320061013c5224c82dec76913e9ee1fb85bb43079,
196555,2603.16491,v2,Annihilators of local cohomology modules over modular invariant rings and Dickson polynomials,Tony J. Puthenpurakal,arxiv:2603.16491:dual-dim,H2,39fb51c2989df5cd1cb8b3e244b3b8f7cb97688990ab927be049334e9a690519,
196609,2603.17197,v2,\LARGE \bf Information Revelation and Alignment Faking in Stochastic Differential Games,"Daniel Ralston, Xu Yang, Ruimeng Hu",arxiv:2603.17197:prop:exist_unique_baseline,H2,4445f5b4e5e08c175d8b17db76e5cd34e5f845ff3a567111385b2e14274aaf50,
196621,2603.17485,v3,On generalized canonical bundle formula and boundedness of complements in complex analytic setting,Kenta Hashizume,arxiv:2603.17485:lem--fano-type-bimero-cont,H2,c0bc12490595d2d253ff4292478ffe74526888e1e95856b661c7bbd90f5ea7d6,
196646,2603.17776,v2,Explicit Betti Numbers for Skeletons of Chordal Clique Complexes and Their Alexander Duals,Mohammed Rafiq Namiq,arxiv:2603.17776:thm:3,H2,6eda799082d433f5a026e5f71c8019f1c2c4e30658a2a0e161869e5bde4edaba,
196687,2603.18321,v2,Substitution coherence of the interpretation of the term calculus for the free cornering of a monoidal category,"Chad Nester, Niels Voorneveld",arxiv:2603.18321:lem-substitution-coherent,H2,63bf04ba1e655a2c39fe1a0371fe08df6d654ef2e6878e90115a4f604dbcaf02,
196699,2603.18504,v2,Homogeneous Sobolev gradient flow of the length functional,"Philip Schrader, Glen Wheeler, Valentina Wheeler",arxiv:2603.18504:globalexistence,H3,79067e59127f4c3af1441a56c9f0350de4f590092d3bc3d40ffdaf5b348f2194,
196810,2603.19900,v3,Bounds on the determinant \\ of an exponential matrix,Michael S. Floater,arxiv:2603.19900:lem:reductionupper,H2,fc5145a7046ab755a090036c0fecfa6ba1957fa1e453b6290cfd837ee48bd95b,
196897,2603.20947,v2,Block Structure and Spectrum of Zero-Divisor Graphs of Lipschitz Quaternion Rings Modulo $n$,Bilal Ahmad Rather,arxiv:2603.20947:thm:fullreducedspectrum,H2,861a9561d52f4efaf384f641d8dad4dc565d991ff2a2e8e0df169b3b2ca1c3ff,
196999,2603.22134,v2,Pansu pullback and spectral complexes,"Filippa Lo Biundo, Francesca Tripaldi",arxiv:2603.22134:prop:triangularity-classical-differential,H3,351b116c75ae07fdc8cc3a84032c4b1658cd021ef5d09c386126e530cad44bbe,
197017,2603.22431,v3,Korn's inequality from the viewpoint of calculus of variations,Gabriele Cassese,arxiv:2603.22431:prop:lowerbound2,H3,23ef131fb54b5d982d5282bea6d6a42c5545344106f100da03021522c71b2e87,
197022,2603.22514,v2,Communication-Efficient Approximate Gradient Coding,"Sifat Munim, Aditya Ramamoorthy",arxiv:2603.22514:lemma:cost_hadamard_convergence,H3,9f586bbd754e4249af68ff116df410b7cd854ac306d55a26c32b63f34bbf427a,
197023,2603.22524,v2,Contraction properties for holomorphic functions via isoperimetric stability on the Bergman ball,"David Kalaj, Jian-Feng Zhu",arxiv:2603.22524:lem:ift_radial_graph,H3,a18d72f002e80f2af44e8cb6e815d27b65ffd03d8582efc914437015191548ad,
197052,2603.23090,v2,Stability Regions and Bifurcations for Higher-Order Fractional Difference Equations,"Janardhan Chevala, Sachin Bhalekar",arxiv:2603.23090:thm:bifurcation-values,H2,5187248a2b08fc55d28035257d93f235044b0018a94d7e65f1c896cfb732ee74,
197056,2603.23151,v3,Exponential Decay \\for a Boundary-Controlled \\Nonlinear Parabolic Reactor Model,"Yevgeniia Yevgenieva, Alexander Zuyev, Christophe Prieur, Peter Benner",arxiv:2603.23151:lem:dependelne_on_alpha,H3,4a2c6d8e91adbc60638bd0a0594fbd00eed72e133927637e445776bca567f373,
197120,2603.23928,v2,On the paucity of lattice triangles,"David Kurniadi Angdinata, Evan Chen, Ken Ono, Jesse Thorner, Jiaxin Zhang, Jujian Zhang",arxiv:2603.23928:prop:reduction,H2,90a31e2eac3d77ea1dd2d407a4136e1dcaea72d5b2bb7ade7458114147309894,
197158,2603.24605,v2,Bid--Ask Martingale Optimal Transport,"Bryan Liang, Marcel Nutz, Shunan Sheng, Valentin Tissot-Daguette",arxiv:2603.24605:prop:digital-call-spread,H2,2870940aaac46a11d6cec92f30467c6ce23529399b4391f65e654cdf088860e5,
197163,2603.24666,v2,Bounds on the Mordell-Weil rank of elliptic fibrations,"Antonella Grassi, Rick Miranda, Kapil Paranjape, Vasudevan Srinivas, Timo Weigand",arxiv:2603.24666:lemma:bsaz,H2,64d6bed7933b9293c6f0d18d6e2b896fdf6d94a55c8369184de6897cb712be4f,
197307,2603.26883,v3,Characterising regular double Stone and pseudocomplemented Kleene algebras in completions of rough sets induced by reflexive relations,"Jouni J\""{a}rvinen, S\'{a}ndor Radeleczki",arxiv:2603.26883:prop:irredundant_cover,H2,ba4711eb8da19b2ed5a3187e70856de5b15af34da7e6056fad630e7b15ab801a,
197321,2603.27032,v3,Asymptotic Universal Koszulity in Galois Cohomology,Marina Palaisti,arxiv:2603.27032:prop:galois,H2,6341da70d2890cae9d16f2ac9525c57e19c587f73e5d88cce66f8e34f0c0855b,
197340,2603.27368,v2,Size-Selective Threshold Harvesting under Nonlocal Crowding and Exogenous Recruitment,"Jiguang Yu, Louis Shuo Wang, Ye Liang",arxiv:2603.27368:prop:necessary,H2,1980b174fe84c16d1ae5792093954a35f3ae52a42e8d2c27d909010b94ce505e,
197371,2603.27659,v2,Operator Norm Bounds for Multi-leg Matrix Tensors and Applications to Random Matrix Theory: the two-leg scalar bound (Theorem 3.1),Benoît Collins and Wangjun Yuan,arxiv:2603.27659:Thm-main,H2,fd0ef761c04ed1ec726725836646263dadfbd67abfd9c41ee711ca55b53e29bb,
197375,2603.27689,v2,On sets of subspaces with restricted hyperplane intersection numbers,"Tim Alderson, Simeon Ball",arxiv:2603.27689:lem:-enumerating-secants,H2,96ad95d33e8a23e396e3101f6ac03673528d893010bdf18daec2d48f99a6c0a8,
197401,2603.28007,v2,Legendrian and Lagrangian higher torsion,"Daniel \'Alvarez-Gavela, Kiyoshi Igusa, Michael G Sullivan",arxiv:2603.28007:prop:-torsion-for-special-leg,H2,e8805e8f1e417034050cd9c11ea4cae3382783a64b8cbad4ae1602fb73e05ae1,
197409,2603.28093,v4,Random Stability of Random Variables,Andrey Sarantsev,arxiv:2603.28093:eq:deriv,H2,67f57807335f542b80d477c983ea06620120de1adecf857bf1958110e6fee4e5,
197436,2603.28419,v3,Skipping terms: a shorter chain of algebraically closed sets with the same normality condition,"J. de la Nuez, González, Zaniar Ghadernezhad, Paolo Marimon, Michael Pinsker",arxiv:2603.28419:skipping-terms,H2,85c4da1e3b99ac377b65dcaa0478cad86a34143797b4e479b29c0fac26aa3eed,
197438,2603.28438,v2,Asymptotic behavior of small solutions to the Vlasov--Klein--Gordon system in high dimensions,Ho Lee,arxiv:2603.28438:lem-homo,H2,1e7e34c411d93a866128d7e09b4e5d5e2555f6759feb99b70dcf6f46506536a9,
197444,2603.28468,v2,Farey graphs and geodesic expansions of complex continued fractions,"Hitoshi Nakada, Rie Natsui,, J\""org Thuswaldner",arxiv:2603.28468:theorem,H2,08885b109a7ee006455dbfc13598def94bfa0232c9315db6e2c9efbadeb4c2e8,
197475,2603.28893,v2,Central Limit Theorems for Outcome Records in Disordered Quantum Trajectories: the second-moment comparison for arbitrary initial states (Proposition 5.4),Lubashan Pathirana,arxiv:2603.28893:univ:prop:moments,H2,bcc871a1e14b3cf2d0fc681742537b0dc29825d7077b7dc7f1067302ca5ccd86,
197487,2603.29050,v2,Stable Walking for Bipedal Locomotion under Foot-Slip\\ via Virtual Nonholonomic Constraints,"Leonardo Colombo, \'Alvaro Rodr\'iguez Abella, Alexandre Anahory Simoes, Anthony Bloch",arxiv:2603.29050:proposition,H2,ec7ddd4b35ddaa3a04adb36cc4344ef1dc3c70e8afe00f6c8adaff120e4c4778,
197490,2603.29073,v2,Beyond the Laurent phenomenon,Andrei Zabolotskii,arxiv:2603.29073:thm:poly:main,H2,8b1e150fbfc4628b8f167bc2859be8fd8317e6411bb676b20cf1c744621953e2,
197518,2603.29524,v2,Geometric Inverse Semigroup Theory: a note on the Milnor-Schwarz Lemma for inverse monoids,"Giorgio Mangioni, Francesco Tesolin",arxiv:2603.29524:thm:milnorschwarz,H2,ac46a96f0287c7e9f4ee69e8a4c2aea66db94875352f534aedab218c6662ffb4,
197524,2603.29566,v3,The Geometry of Polynomial Group Convolutional Neural Networks,"Yacoub Hendi, Daniel Persson, Magdalena Larfors",arxiv:2603.29566:lemma:-jac_varphi_simplified_case,H2,3d134beb11f7e9ed7c740602add2aed6a527036a2d6cf4e223df011454069e84,
197627,2604.01004,v4,"Modeling Schr\""odinger equation diffraction with generalized function potentials and initial values","G\""unther H\""ormann, Nathalie Tassotti",arxiv:2604.01004:3.5,H2,baa24caa506d74af8b074e157da89bc97bdd43c4b91c581c917c1ca970c1556f,
197631,2604.01037,v3,Stabilizing the Rayleigh--Ritz procedure by randomization,Nian Shao,arxiv:2604.01037:lem:kappa,H2,80ac6d58852c88648a0b44d4236ec1bf0c5b8ff81a52f318a7c7b2896282a399,
197674,2604.01555,v2,Scalable Ground-State Certification of Quantum Spin Systems via Structured Noncommutative Polynomial Optimization: Proposition 4.1,"Jie Wang, David Jansen, Ir\'en\'ee Fr\'erot, Marc-Olivier Renou, Victor Magron, Antonio Ac\'{\i}n",arxiv:2604.01555:proposition-4-1-heisenberg-moment-symmetry-reduction,H2,c07beb688646daf521dec5e871cafac852b41ccd9285b2deae6b50967f258da5,
197777,2604.02995,v3,A penalised Saito functional for heuristic search of free line arrangements,Tom\'as S. R. Silva,arxiv:2604.02995:thm:penalised-saito,H3,1d5ea9d84ddd0f85e2623ff2516100c5b7cff4430657551642580412913c3040,
197779,2604.03013,v2,Order jumps in Spectral Deferred Corrections: Theorem 2,"Eugen Bronasco, Joscha Fregin, Daniel Ruprecht, Gilles Vilmart",arxiv:2604.03013:theorem-2-order-jump-sdc,H2,e0181fdb316ae0ae6d614f092f3bdccf8694e377082c0d6d7eadcd3858eb9cbd,
197815,2604.03620,v3,"On the instability of some upward propagating, exact, nonlinear mountain waves: the unstable set of stratified layers (Theorem 13)",Christian Puntini,arxiv:2604.03620:prop:strat,H2,eef59696969bbdede13bf4241d5d16220b60a9ecc473c5aa07f822af42cf86ba,
197839,2604.03845,v5,A categorical and algebro-geometric theory of localization — Proposition 4.13,"Mauricio Corr\^ea, Simone Noja",arxiv:2604.03845:proposition-4-13-localisation-torsor-excision,H2,cb4086165132c6fe1dd81c1161eddddae688ef7ae887f764dc8ab9e4f286a394,
197847,2604.03947,v1,Uniform Sampling of Proper Graph Colorings via Soft Coloring and Partial Rejection Sampling — correctness of the hybrid sampler,"Sarat Moka, Ava Vahedi",arxiv:2604.03947:theorem-3-hybrid-sampler-correctness,H2,dd52412fdf047bcaea4795a20125cef12204fffa87419cbd0f54404ea361bb04,
197961,2604.05542,v2,Localization of Bergman Kernels and the Cheng--Yau Conjecture on Real Analytic Pseudoconvex Domains,"Chin-Yu Hsiao, Xiaojun Huang, Xiaoshan Li",arxiv:2604.05542:2-3-lem1,H2,45bd5d64c4385f0631772dc472bd8da354681d14bbca0c40d6f27314ac3e48b7,
197975,2604.05720,v3,Mathematical Models of Evolution and Replicator Systems Dynamics,"A.S. Bratus, S. Drozhzhin,, T. Yakushkina",arxiv:2604.05720:c2:t2.5,H2,9b02fb9dabe34bd91db9798e6b477a67c686e77d07709ca18437e18dc857103e,
198005,2604.06136,v2,When a meromorphic function that omits three values is of bounded type,"Alexandre Eremenko, Aleksei Kulikov, Mikhail Sodin",arxiv:2604.06136:claim:n,H2,3cdb019e25b0930493ddaf37646381f4308451c0b2de87695a7c3c4dc5ffef07,
198014,2604.06338,v3,\LARGE \bf Adaptive Control with Sparse Identification of Nonlinear Dynamics,"Trivikram Satharasi, Tochukwu E. Ogri, Muzaffar Qureshi, Kyle Volle, Rushikesh Kamalapurkar",arxiv:2604.06338:lem:errortermformulation,H2,bc9c48f6cbc8bb65f3c7b858d9e949944bd6c3cb02120b813b5717abff75f933,
198099,2604.07567,v2,Marginal Persistence and Dynamic Copula Dependence in Sovereign Rating Migration Counts:\\ A Discrete Interval-Likelihood MAGMAR Analysis,Marina Palaisti,arxiv:2604.07567:prop:dt,H2,c928341f388613b2e8aefbe03e67de85ee3cf19ac15a64f1ae38a2e3df3b2d54,
198126,2604.07948,v3,Closed discrete bases in countable-dimensional topological vector spaces: Lemma 2,Ol'ga Sipacheva,arxiv:2604.07948:lemma-2-closed-discrete-basis-finite-field,H2,219b66a73cd17a71c08d392b5fc8343a70314bb73afcd76a9bf114400b388409,
198158,2604.08485,v2,Formalizing building-up constructions of self-dual codes through isotropic lines in Lean,"Jae-Hyun Baek, Jon-Lark Kim",arxiv:2604.08485:thm:qary-universal-rank-r,H3,ede8794a68b7ddd6c9a324cbd70e1e1b8e110db722fd1e5155cc7cf4f0e1b89b,
198209,2604.09469,v2,Rigidity and Galois theory of 3-manifolds branched over Chebotarev links — Theorem 6.7,"Nadav Gropper, Jun Ueki, Yi Wang",arxiv:2604.09469:theorem-6-7-exactness-localisation-sequence,H2,c2fe4aff2185195e768ca06a3706a7875746337e2eec1d6af2b41db2db1c4a5e,
198214,2604.09509,v2,An Improved Bipartition Cover Bound for the Multispecies Coalescent Model,Zachary McNulty\textsuperscript{a},arxiv:2604.09509:lem:balanced_trees_minimize_increasing_convex_sums,H3,c415dbc3f70af556b404134178502937ca3ee9f252b7ca3271b7fee67bd09053,
198251,2604.10225,v2,A Local Characterization of Unique Equilibrium States,C. Evans Hedges,arxiv:2604.10225:lem-example-continuity,H2,0eeca7bde24b7b0fdcd23d4aef439c7979d723c24342e520644ff0474bd49a4b,
198285,2604.10641,v2,On the Capacity of Distinguishable Synthetic Identity Generation under Face Verification,Behrooz Razeghi,arxiv:2604.10641:thm:full_cap_iff,H2,dc49493353409cefa6418ce8c9c09343ae042bf95666113e5abc0b4fa7861a72,
198295,2604.10822,v4,Beatty solutions of almost Golomb functional equations,Benoit Cloitre,arxiv:2604.10822:prop:defect_substitution,H3,53315fc1c65ae215d0ac1e15ddbe7b2d0de838594e902949a85106ff24d744d8,
198296,2604.10855,v4,Sample Average Approximation for Distributionally Robust Optimization with $\phi$-divergences,Yan Li,arxiv:2604.10855:thrm_sample_bernstein,H3,8b105af471af27a2a876d2d41a6cb02422ea6ae8a52c7d34ace704811aab23b8,
198297,2604.10857,v2,Query Lower Bounds for Diffusion Sampling: Proposition E.1,"Zhiyang Xun, Eric Price",arxiv:2604.10857:proposition-E-1-bounded-reweighting-robustness,H2,ad6ca36e3302b32547c72be01dc1a47d28ba72e7847b2f3394b7850ccbdef059,
198358,2604.11735,v2,An analogue of irreducible cuspidal representations for the group $\PGL(2)$ over a two-dimensional local field,"Alexander Braverman, David Kazhdan",arxiv:2604.11735:upsilonm-m,H2,456634afe0edfe6d63b14d6655f39a5da00fad93b8aa90b3c2b1023dc6bb0435,
198473,2604.13431,v2,"Explicit Rank Extractors and Subspace Designs via Function Fields, with Applications to Strong Blocking Sets","Zeyu Guo, Roshan Raj, Chong Shangguan, Zihan Zhang",arxiv:2604.13431:lem:fs-deg,H3,60aa3c85913a6cfe688285ca1cece4a167730ea11e44db625a1c7f5d71ccdc9c,
198488,2604.13625,v3,Critical regularity and dissipativity for stochastic reaction-diffusion equations in Bochner spaces over spaces of continuous functions,"Xuewei Ju, Xiaoting Tong",arxiv:2604.13625:le4.3,H3,7a51e77390d63292bd01e3be650f28d879efa8aa48e2a597e78fb95a6ca9597f,
198526,2604.14211,v2,Ollivier-Ricci Curvature of Riemannian Manifolds and Directed Graphs with Applications to Graph Neural Networks,Eleanor P Wiesler,arxiv:2604.14211:thm:-l1-bonnetmyers,H2,ed9e6bd63551c129af40de96e322d5855d005fc143339145a86139d1a8c20560,
198534,2604.14384,v3,Minimal resolutions of toric substacks by line bundles,Zengrui Han,arxiv:2604.14384:prop:mp-inverse-entry,H2,b55deeb9324ec50182db081530dd8cf89f72d7163b6db730d052c36af52b26d7,
198584,2604.15158,v3,Projector additive group codes,Javier de la Cruz,arxiv:2604.15158:cor:idempotent-neu,H3,9bcb9441ca35f757fafdcfbfe7ef5034ab3e4f7bbcbc6618bff1537608d1b273,
198613,2604.15526,v2,Safeguarded Accelerated Adaptive Search under Unreliable Gradient Oracles: Theorem 1,"Shunzhi Zhang, Shichen Liao, Congying Han, Tiande Guo",arxiv:2604.15526:theorem-1-high-probability-stopping-time,H2,2a74dba3d460808f28e21418691fdd93e6a98945ead006638b405ea2209fe836,
198624,2604.15599,v1,Making ends meet or just meeting at the ends? Assessing end-to-end distance in folded RNA sequences and other branched structures,"Torin Greenwood, Christine Heitsch",arxiv:2604.15599:prop:dyckmotzkindepth,H2,3965d8d9a28156d6ee4acaa1f9495eb73b96e627c9c954937673d7cf33e3288e,
198797,2604.18410,v2,Crossed product $C^*$-algebras associated with non-minimal actions on the circle,Jamie Bell,arxiv:2604.18410:l-minimal-supp,H2,33f1db6e7586ffd8a9d74683148c94cd772668b940a8d46148ad935cc35ab079,
198803,2604.18480,v2,Skew fields not finitely generated as algebras,"K. R. Goodearl, E. S. Letzter",arxiv:2604.18480:iso.simples.vs.eigenvals,H2,8165ebbeff9a7f93b8042c88931f40e71a42febfea8e247474e8211d6354cbee,
198899,2604.20042,v2,On Threshold Pairwise Compatibility Graphs,"Sheikh Azizul Hakim, Md. Shamsuzzoha Bayzid",arxiv:2604.20042:thm:threshold-set-system,H3,aa0b73980913a21ddb304e67e7a0a2a768b1259c14035922b76f3fd724cd836d,
198916,2604.20233,v3,Entropy lower bounds and sum-product phenomena,"Lampros Gavalakis, Marcel K. Goh,, Ioannis Kontoyiannis",arxiv:2604.20233:lemzsupport,H3,c1278513d49ff09d20a042b9467476da80c2ec481f7bc8821c7c9f607323b979,
198918,2604.20250,v2,Higher rank Gelfand-Kapranov-Zelevinsky fans,"Rocco Chiriv\`i, Martina Costa Cesari, Xin Fang, Peter Littelmann",arxiv:2604.20250:thm:gkz:complete,H2,65907b2fad76012565f1d73225edba346bc39f262761e66ef2da521976b864dd,
198922,2604.20294,v2,Lattice-ordered algebras admitting a polynomial growth continuous function calculus — Corollary 3.7,David Mu\~noz-Lahoz,arxiv:2604.20294:corollary-3-7-polynomial-growth-calculus-characterisation,H2,47b67f4707a783a2fb06768d80086fa6db5ac53d2d6dd5ecbfbac39b0de8c8fc,
198928,2604.20387,v2,A sharp $p$-subadditive bound for the $\ell_p$ Hausdorff distance from convex hull,Mark Meyer,arxiv:2604.20387:lemma:parallelogram_reduction_k_norm,H2,019c12c64ff662ff962ec1fa8fe0dfa6d0a7e4b7115c451de68f28bd69ea99cd,
199033,2604.21582,v2,"Quantum Mixing for Schr\""odinger eigenfunctions in Benjamini-Schramm limit","Kai Hippi, F\'{e}lix Lequen, S{\o}ren Mikkelsen, Tuomas Sahlsten, Henrik Uebersch\""{a}r",arxiv:2604.21582:le:free_hs_est_exponential_mixing,H3,e51ad2d3f220ab0487e7f0e5520dd29978e43743b4ae18ca28cc80dc83bf2b9f,
199063,2604.21998,v3,Minimax Robust Designs for M-Estimated Models — Lemma 3,"Rui Hu, Douglas P. Wiens",arxiv:2604.21998:lemma-3-uniform-convergence-psi,H2,4c739a83424c803da65ceae04097b8f8cfbcf7289a5065dbb6f5e7b804355cf7,
199073,2604.22138,v2,\LARGE \bf Training Dynamics and Induced Preconditioning \\ of ReLU Policy Gradient for Scalar LQR,"Jhojan A. Rodriguez-Gil, C\'esar A. Uribe",arxiv:2604.22138:lemma_j_geometry,H2,dcfea2cf32a966dcecca06e4c5db3c77e9cdfc968f91d1eb9580e68fa26a1ede,
199084,2604.22366,v2,Statistical Estimation of Monge Transport Maps via Brenier Potentials,"Elsa Cazelles, Edouard Pauwels, L\'eo Portales",arxiv:2604.22366:lemma,H2,779a2f5fbd24018f40a8425c88c315c3260087e75e0d6a05955e00c252195750,
199087,2604.22387,v2,Embeddability between $3$-manifolds is not stable,"Giulio Belletti, Renaud Detcherry",arxiv:2604.22387:thm:main,H2,8acd8aa9d8c8b7817ee1e3869a1a4dc2b90079321c32847cad4d30dbd04f6613,
199090,2604.22412,v4,Uniform amenability at infinity,Narutaka Ozawa,arxiv:2604.22412:lem:borelamencriterion,H2,f082e8f711841a8a5f4d97671eb9848b059258a4fe5ec5333636e2bb3f5f4c85,
199104,2604.22568,v2,On truncations of hierarchical equations of motion for finite-dimensional systems: spectral convergence of the truncated Liouvillians (Theorem 2),Vasilii Vadimov,arxiv:2604.22568:th:spectrum-convergence,H2,c3812470899808d78a0eaf7d0f170605d06a1548833d24c81bcaa97baea424ba,
199112,2604.22630,v2,Upper bounds on the running time of bootstrap percolation,"Weichan Liu, Xiangxiang Nie, Sim\'on Piga, Bjarne Sch\""{u}lke",arxiv:2604.22630:thm:main,H3,d032ada05a1c015689ffdcc7aed3bbcf77aea018336874672b2c0fe657ce6935,
199181,2604.23690,v1,Nonlinear maps preserving the polynomial,Andrey Yurkov,arxiv:2604.23690:thm:homogenphipsi,H3,833731c928a8476fbef7b30d8b3def086a92eb2dd2c0ad0fa5cedcc1224d075b,
199284,2604.25228,v4,Linear continuous operators with bounded supports,Vesko Valov,arxiv:2604.25228:lem,H2,febd1f1e56fefbdb7e175c79250480b112e316a4f701a5920334d56286cda642,
199331,2604.25815,v2,Region of Attraction of a Backstepping Observer\\ for the Quasilinear Heat Equation,"Mohamed Camil Belhadjoudja, Kirsten A. Morris",arxiv:2604.25815:f_b_1,H2,d87ed4138d1771fd8827ec8ee1a03b566f22efd56595ccda55013ef04e1b8356,
199380,2604.26287,v2,Newton-Cartan limit of Klein-Gordon AQFT: spectral concentration and metastability of gravitational atoms (Corollary 1),"Leonardo
Pachón",arxiv:2604.26287:cor:metastability,H2,6e170d7651ea73eda514738e3530fe211518508b06f6d45090b1113b79d8e906,
199439,2604.26993,v3,State-Dependent Lyapunov Analysis of Rank-1 Matrix Factorization,Jaehong Moon,arxiv:2604.26993:prop:boundary_inward_rank1_approx,H3,d88cbd9d252d2b8ccae8054e5475861c70921f440af02d0a7e22320b532435c0,
199479,2604.27528,v2,From finite to infinite length modules\\ over tame hereditary algebras,"Lidia Angeleri H\""ugel, Andrew Hubery, Henning Krause",arxiv:2604.27528:pr:subgroup-fin-def,H2,8508f182d53a587feae7dfa99cac8acdb45dac98a2bdf5ccdc033b729af71514,
199497,2604.27755,v3,Garding Polynomials: the symmetric reduction on the boundary of the Garding cone (Proposition 9.11),Hao Fang and Biao Ma,arxiv:2604.27755:prop:symmetry,H2,3f0d68d857a343d4374e0fd5af21726dcd1f0b05dec16233de5d7c8f93616f9f,
199527,2604.28144,v2,Global Optimality for Constrained Exploration via Penalty Regularization: the smoothed-entropy regularity and dual translation bundle (Lemma 10.3),"Florian
Wolf, Ilyas Fatkhullin, Niao He",arxiv:2604.28144:lem:SmoothedEntropyProperties,H2,eaaca1ed5729a3bdd5d9347ab9075d16bbde537174236600495ac09377e0d46e,
199571,2605.00524,v2,Optimization and Complexity of Inertia-Type Bounds on the Independence Number: the equivalence of the two mixed-integer formulations (Theorem 3.2),"Aida Abiad, Stan van Hoesel, Valentin Michaux",arxiv:2605.00524:thm:milp-equivalence,H2,1683d3b341fa717732a7c99826b0cbea15b15a85aa1298a092acb77501bae071,
199572,2605.00532,v2,"\bf \Large Linking PageRank, Time Reversal, and Policy Evaluation","Konstantin Avrachenkov, Lorenzo Gregoris, Nelly Litvak",arxiv:2605.00532:thm:resolvent_conjugacy,H2,4465f186ee0afb293a78dad6d09a7176a27cc938bba45721fb6efd1aed6d55dd,
199575,2605.00579,v2,Linear KL-Optimal Frequency Normalisation,Kamila Szewczyk,arxiv:2605.00579:thm:redundancy,H2,d90393cfa71fc0019834bfc599f937218ea87936176fe83dc32fead44744bced,
199645,2605.01572,v2,On Lacunarity and Sidon-Type Properties for Subsystems of Characters of Compact Abelian Groups,Anna Kazakova,arxiv:2605.01572:th-0,H2,aa8f6ea79840f27dcf280d68789e078060b7506a6495a5221667791b267b257d,
199688,2605.02058,v2,Quantitative Estimates for Mean-Field Limits and Correlation Functions through a Duality Framework,"Nadia Khoury, Pierre-Emmanuel Jabin",arxiv:2605.02058:lem:one_particle_k,H3,aebf7f5ce1b92cf36c645e5c0eedfa784102f4c66f79e8a7e1b86c5263f5eae8,
199720,2605.02530,v2,Orthogonal polynomials and the centres of the universal central extensions of superelliptic Krichever--Novikov algebras,Felipe Albino dos Santos,arxiv:2605.02530:thm:cross_closed,H2,e913b3a7e3d3d72134e762f7affbb39547fcc976315ed4843ae61225b9eb6660,
199733,2605.02653,v2,Mirror Descent for Deterministic Optimal Control,"Ye Feng, Jianfeng Lu",arxiv:2605.02653:lem:first-variation,H3,a6d5f45615a8b3cc191ae40a766f8c7adf4def8f95126c29f5296ba69bd35144,
199837,2605.04181,v2,Boundary Hyperbolic Packets in Axisymmetric Euler Flow,Rishad Shahmurov,arxiv:2605.04181:thm:dini_final,H2,5e674fb80890a2333db3bae1dd439bd3880778e44cd4eaafea2b7556239508ce,
199862,2605.04462,v3,Stabilization by a background magnetic field: global well-posedness of the compressible isentropic ideal MHD equations with velocity damping,"Liening Qiao, Jiahong Wu, Fuyi Xu$^{\dag}$, Xiaoping Zhai",arxiv:2605.04462:dingli,H3,cfbfeb838aeeab56d7bb321ee03569a871d37e4113b508fd309cfe8ad4e5c1c6,
199887,2605.04703,v2,Entropy and Distributed Source Coding of Connected Soft Random Geometric Graphs,"Oliver Baker, Carl P. Dettmann",arxiv:2605.04703:thm:nbhd_reduction,H2,5760e7e197383165115f3680266f727a03e8cf04f1bec95b4a7c263e945eb66b,
199891,2605.04734,v3,Hamilton decompositions of equal-side directed tori (Proposition 4),SangHyun Park,arxiv:2605.04734:prop-pinned-selection,H2,5d43ae3f4cae1bcb362b8d94625cf64d1b5ce19caf921ea3c0a1fa20fe031315,
199963,2605.05550,v2,Defective Chromatic Polynomials: the closed form for the linear-forest counts of two cospectral tree families (Lemma 5.2),"Shamil Asgarli, Tamsen Whitehead McGinley, Nicholas Xue",arxiv:2605.05550:lem:linear-forest-counts,H2,1a58386696e9f32625fdcaa9bf6ca7c46a4177118974660384b2d3b857d60c4e,
199967,2605.05582,v2,Revised Demailly's Affineness Criterion and Algebraization of Entire Grauert Tubes,Kyobeom Song,arxiv:2605.05582:jet,H3,bad6b6ce454c3d7aa2b32680c8374b34d457508a9223f8686a5fbac136cd1d32,
199974,2605.05660,v2,From Dual Tracking to Clipping: Provably Faster Distributionally Robust Multi-Objective Optimization,"Yufeng Yang, Fangning Zhuo, Ziyi Chen, Heng Huang, Yi Zhou",arxiv:2605.05660:singleloopdescentlemma,H2,e5a2cb240bc1bcf2f621c3a62258ccba153bbd1e7fe508eaa5e32fc8e118d45a,
199995,2605.06090,v2,A Sugawara--Legendre mechanism\\ for the four-point Heisenberg algebra,Felipe Albino dos Santos,arxiv:2605.06090:lem:l0-level,H2,4ce3bd087309d0a4282e00372a1be3de372ea13e7404524ec5f49dc0fff449d0,
200056,2605.06866,v2,A Finite-Iteration Theory for Asynchronous Categorical Distributional Temporal-Difference Learning,"Ege C. Kaya, Abolfazl Hashemi",arxiv:2605.06866:prop:mtd-proj-affine,H2,3a014a7ac2be66ce10f78eb8f17a0325487754fc9d8eb03319d2399b9d2865ef,
200106,2605.07671,v2,The Endogeneity of Miscalibration: \\ Impossibility and Escape in Scored Reporting,"Lauri Lov\'{e}n, Sasu Tarkoma",arxiv:2605.07671:thm:reserve,H2,f6f2105c0680579e4fc993e89d62af2ba029099c2d66565180e3e3ff0065ad59,
200146,2605.08304,v2,Combinatorics of higher order degenerate $r$-DERANGED Bell Numbers,Sithembele Nkonkobe,arxiv:2605.08304:theorem:5,H2,47f5f81737de9b4d353df9a786e3acfe8bef12fd0817fc05fd50feb2ac44c4b2,
200358,2605.11451,v2,Convex order under majorization for projections of ell-p balls,Soufiane Fafe,arxiv:2605.11451:thm:app-append,H3,7b76e1a61c4cd21fc226028f34a6e4bc43a64b1d414286b8a4a3bacad82f9d7f,
200393,2605.11950,v2,Weil-Moore anima,Dustin Clausen,arxiv:2605.11950:localtate,H2,2532618932f997ef7b8cc4d5fe302856fd002b8e3ffc0a80458e40783843574e,
200471,2605.13014,v2,A note on unitary invariance of Connes spectral distances of quantum states,"Bing-Sheng Lin, Ji-Hong Wang, Zhi-Kang You",arxiv:2605.13014:theorem,H2,0401104aab72a94afefaab8862d83cfd6fa4e357d5ef5e25d6f9305167a0d154,
200560,2605.14159,v3,"Boundary dynamics, triple transitivity, and mixed identities in weakly hyperbolic groups",Ekaterina Rybak,arxiv:2605.14159:gromov-product-is-bounded,H2,938a0ca701f6f63ca594923b94e79fee019c2332fed309ffc071f672ce6ec705,
200607,2605.14732,v3,Compact Embedding Theorem Associated with Classical Weight Functions in Two Variables,"M. K. NANGHO, B. J. NKWAMOUO and J.L. WOUKENG",arxiv:2605.14732:dderiv,H2,5c8882231938ebb137118ab4c6498b1cc09f16c162ee0e24fe4258d1691c0bae,
200617,2605.14846,v2,Successive~Convex~Optimization for Transformer~Encoder~Model~Predictive~Control,"Xingxiao Chen, Mark Cannon",arxiv:2605.14846:eq:softmax_bnds,H2,7b522d9eb012f8893979dff77935a144e8ad3b2a5f6c5e5c956a91430b1eb7f3,
200897,2605.19164,v3,Weak Convergence and Gaussian Limits for a General-Dimensional Origin-Invariant Cram\'er--von Mises Statistic,"Marco Mandap (Bulacan State University, City of Malolos, Philippines)",arxiv:2605.19164:thm:op-self-adjoint,H2,20cd4215c9230753018ffb107cd2796fe5c99c6d8a60f09939319882ed282c5f,
200936,2605.19706,v5,"Finite-Precision Quantum Mechanics: Quantum Parcels, Information and Geometry",Abbas Edalat,arxiv:2605.19706:thm:volcontraction_qubit,H2,4583479531b1a81485ecb4d72d0f65ed0bc3817c8088089dc8cb5fa770ca2266,
201197,2605.23229,v2,"Strichartz estimates for Schr\""odinger equations with nonlinear boundary interactions","Nicola Garofalo, Gigliola Staffilani",arxiv:2605.23229:t:well,H3,60343e58141d9a499e11f1e1c63c387366ebc37a1b0ebf30c8ae7b6451e92faa,
201226,2605.23644,v2,Balanced intersection size distributions in finite geometries and vector spaces,"Zolt\'an L\'or\'ant Nagy, Zsuzsa Weiner",arxiv:2605.23644:thm:growing-upper,H3,152c5564364a6504145761cc0d774cb248f1b2aed173ac8f539905211ee6eb52,
201245,2605.23894,v3,A Two-Branch Finite-Field Construction for Regular CSS LDPC Bases,"Koki Okada, Kenta Kasai",arxiv:2605.23894:prop:verified-distance-upper-bound,H2,adc78db6ea7923cc9e02a90ace07ea48cc7f0b7be2f81291ecdffaa3cf845278,
201440,2605.26748,v2,Polynomial-time isomorphism test for solvable groups with abelian Sylow subgroups,Saveliy V. Skresanov,arxiv:2605.26748:lred,H2,07ebd9fb204d432434bd44b16ec3f37ab3cbb2ba2935150e2d849c5b8ef72988,
201664,2605.30285,v3,On the equivariant $KU_G$-local sphere for finite abelian groups,Yingxin Li,arxiv:2605.30285:lem:fixed-point-of-ecyc-and-inflation,H2,5fad8529819d527d45712bc1d6507065242d927ed1b51c5f720271bd4152a5a4,
201759,2606.00528,v3,Perturbation-resilient inertial Krasnosel'skii-type hybrid retractions for generalized nonexpansive mappings,Markjoe O. Uba,arxiv:2606.00528:thm:bregman,H3,a2c9f9c952ec4c9f84b3534fc409c54be81c9f90be10d075eeab6c41a0715107,
201809,2606.01216,v2,\LARGE \bf Riemannian Optimization for\\Hadamard Products of Low-Rank Matrices,"Pratik Jawanpuria, Ankish Chandresh,, Bamdev Mishra",arxiv:2606.01216:prop:gauge,H2,16fc60382c175698aaa714bf794efe9584c398e9ff230616ac9710fadf8c45ee,
201833,2606.01499,v2,Realizing Arbitrary Depth,Ethan Akin,arxiv:2606.01499:lem1.04,H2,b427e0a644a02d29549c2eb3821f6520001f742f6c95ece639907b4b4adfeb6d,
201837,2606.01536,v2,Inexact Proximal Point and Tseng Algorithms with Nonsummable Errors to Solve Monotone Inclusions,"Ba Khiet Le, Boris S. Mordukhovich, Michel A. Thera",arxiv:2606.01536:thm:ita,H2,eef8226dfd4fb5c3a9e98a6b0654aba06df1dcd040cbe944374fd6af6d6f343a,
201996,2606.03721,v2,Wasserstein stability and the nonsingular Borel lifting problem,"Nachi Avraham-Re'em, George Peterzil",arxiv:2606.03721:lem:martcont,H2,80324db43b7c4353644f5e235d0a013acafbbe694906049224245ffc9264e751,
202019,2606.04014,v2,Bounds on the $F$-Pure Threshold of Isolated Hypersurface Singularities,Yotam Svoray,"arxiv:2606.04014:lem:c(f,jac)_fpt",H2,7a793746848077ff79c2b265cdcbe3776ce491d332276227b725f303e7060713,
202078,2606.04837,v2,Maximal Minimal Spacing for Random Points,"Fabio Deelan Cunden, Noemi Cuppone, Giovanni Gramegna, Pierpaolo Vivo",arxiv:2606.04837:thm:ld,H3,07395c229cfe6a50bcb6ffba88b30c4c166ad706961023e78de00af860eebdd8,
202098,2606.05193,v2,Hineva Inequality for Submanifolds of Real Space Forms with Semi-Symmetric Non-Metric Connection,"M. S. Lone, M. A. Lone",arxiv:2606.05193:cor:pnor,H2,1c80c0d21f0323dc896e5df3c78d708cefe212b594fc77b00709ab3d6234f187,
202171,2606.06258,v3,Erd\H{o}s-Hajnal conjecture beyond five-vertex graphs,"Shenwei Huang, Yiao Ju, Yidong Zhou",arxiv:2606.06258:lem:coro-lem,H3,709b55c3c774adb39fdff4d71f8adc9fcc1b40b693534d9db7e791fc37ca8e60,
202213,2606.06807,v2,A new bound for the Kalton--Roberts constant,"Boon Suan Ho, Tomasz Kania",arxiv:2606.06807:lem:extremal-families,H2,8469237bdb9d7bf09af4fa0c7f3e977cba495ecae2658d3bb253d85b05f278f3,
202274,2606.07785,v3,Explicit bounds for Dickman's function,Andreas Weingartner,arxiv:2606.07785:lemalpha,H2,e7b1e70ee17e2b73dc6fe88ca6106eead0469308bd3b0188d057d0092a809f9a,
202293,2606.07959,v2,"On the sequence $\gcd(a^n-1,b^n-1)$",Khai-Hoan Nguyen-Dang,arxiv:2606.07959:thm:common-factor,H2,602471554761c9a1ee229968a299d12a1423ae6fe997262f329aae2c19f7f274,
202337,2606.08556,v2,From generalized Poincar\'e to Poincar\'e-Sobolev inequalities via self-improving methods,"Alejandro Claros, Carlos P\'erez, Linfei Zheng",arxiv:2606.08556:thm-ps-4,H3,38c09b569014f268820571c94df214d8c25923d7892c38039605d7959b8f4aa6,
202416,2606.09673,v2,Uniformly recurrent subalgebras in finite von Neumann algebras,"Tattwamasi Amrutam, Pierre Fima,, Yongle Jiang",arxiv:2606.09673:lemclosedlineprojections,H3,a841b98fd7243249c16c2ff6c5dd3838b57124bd5c9d48e622d9cc8bb3394284,
202431,2606.09807,v2,A pathological de Branges--Rovnyak space,Thomas Ransford,arxiv:2606.09807:l:deltavcalc,H3,a934e9f2f08ceee473867c9be2e50e15b8d6f39a60a4f7a99262dde3e6ae675a,
202556,2606.11511,v2,Convergence of a Critical Multitype Branching Particle System with Mixed Finite and Infinite Mean Lifetimes,"J.H. Ram\'{i}rez-Gonz\'{a}lez, Fabio Prates Machado",arxiv:2606.11511:thm:mixed-renewal,H3,afbe73586c6dfb07ba37f69a716f9db54e8c695a28918e358a3d555d2a845e35,
202579,2606.11852,v2,The relaxation complexity of the standard simplex is logarithmic,"Gennadiy Averkov, Simon Keil, Stefan Weltge",arxiv:2606.11852:lemfreejoinrelaxation,H2,5e778061d18741276a3342367e05072113d8e333b6de0aaf3e6c32f005974324,
202616,2606.12331,v2,Asymptotics of the Meandering Number of a Cyclic Permutation,"Charles Daly, Diaaeldin Taha",arxiv:2606.12331:lem:estimate_prob,H2,753a406f378301bdab7fd904d4659f4893f27a015302181147662a295a47219b,
202749,2606.14019,v2,"Tail representations for absolute, signed-power,\\ inverse, and logarithmic moments","Roberto Vila, Eduardo Nakano, Cecilia Castro",arxiv:2606.14019:thm:integer,H2,02d1b5ce79dda595eb4ae735aeae8645b43d4d058bf01cd01b6336c3853fdbfd,
202777,2606.14336,v2,Ricci solitons from the perspectives of energy function,"Shubham Yadav, Hemangi Madhusudan Shah",arxiv:2606.14336:lemma,H2,e33cfd4bc19dffefbe4a2022f3c1c5b26247dac262a566ce0d46aeb9eddb7e91,
202792,2606.14529,v2,On Some Non-Permutations of Quadratic extensions Of Finite Field,"Bidushi Sharma, DHIREN KUMAR BASNET*",arxiv:2606.14529:t1,H3,4cd3447be6a38474b4da9e66155439f555b88c6222d7c35e214ab7540de8c1ec,
202832,2606.15109,v2,Torsion and Positive Rank in an Elliptic Family Arising from Cubic 2-Cycles,"Sompong Chuysurichay, Sawian Jaidee,, Chatchawan Panraksa",arxiv:2606.15109:prop:et-2torsion,H2,14aae2e8fa84b8a4f38a839490bf5e6c381df4e3d01025eb88faa3e6e240f125,
202966,2606.16793,v2,Decay estimates for the two-dimensional Beam equation with potentials,"Shuangshuang Chen, Han Cheng, Zijun Wan and Xiaohua Yao\textsuperscript{\dag}",arxiv:2606.16793:prop_second_2_3,H3,20b208019669b0e8fd53e3b0fe09eafd2cd77eb4699214f0b6d32d8463cfc761,
203031,2606.17755,v2,"Tridendriform algebras on hypergraph polytopes, the other way around","Pierre-Louis Curien, B\'er\'enice Delcroix-Oger, Jovana Obradovi\'c",arxiv:2606.17755:shuffle-restriction,H2,5e885e9a2d40edeaedbd68c64fed87e421430a2d6087108794ffec3b4e36e266,
203170,2606.19783,v2,Convolution algebras associated to representations,Dragoș Crișan,arxiv:2606.19783:affine_image_in_hm,H2,2d26205d7b77e003d3a219289d4a10c631ab5ddb5acfb8c3032ff5ef39e7a46a,
203278,2606.21575,v2,Nonsmooth Obstacles and Killed Resolvents in Reflected Stochastic Control,"Louis Shuo Wang, Jiguang Yu",arxiv:2606.21575:thm:verification-boundary,H2,63b701b6f446bdc89c2fbaed0583e08f70ffefa375e31daa1ae069b8bc649015,
203294,2606.21759,v3,A Note On Gaussian Random Fields \& Underlying Markov Processes Through a Central Limit Theorem,Edward C Waymire,arxiv:2606.21759:extendtime,H2,5569513c768e233187c7ef166e4c2560401794059918766e04f01bb4dc84800e,
203328,2606.22155,v2,Lower Bounds for the Hales--Jewett Numbers\\ via Symmetric and One-Weight Colorings,Younes Mouhib,arxiv:2606.22155:thm:radix,H2,639d691ce62b53b7b74ea8fad41cd64c3f612c222ef9bc6b21efdfb793537a63,
203340,2606.22358,v2,Gabriel-Type Estimates for Harmonic Quasiregular Mappings and Stoilow Classes,Elver Bajrami,arxiv:2606.22358:thm:main,H2,c81fddc5b0d2c1f157cf8e15ae36a2d651256cba0411ebdcdb27ab0b6669fc62,
203350,2606.22513,v2,Betti Numbers of Sequentially Cohen-Macaulay Co-Chordal Graphs and Their Applications,Mohammed Rafiq Namiq,arxiv:2606.22513:thm:master_nilpotent,H3,d2a54eecfb50cfc60d88dee4b09ab8142be5661745946b9546fa8e01eb984ae5,
203415,2606.23198,v2,Incremental Learning in Mirror Flows,"Rapha\""el Berthier, Loucas Pillaud-Vivien",arxiv:2606.23198:lem:proof-support-function-simplex,H2,5035121cacf6a51705273b04feb6a88a1da71611dc1ad1babc572cd9b3c69ffa,
203425,2606.23376,v3,A Note on Quaternions over Commutative Rings,Antony Telveenus,arxiv:2606.23376:theorem,H2,867940c0eb7245e26881526d7b8702d6bc816b066e4cd6e9e10e21a34ab780c8,
203585,2606.25194,v2,Hodge Spectral Surrogates for Topology-Constrained Optimization,"Satoshi Kanno, Yoshi-aki Shimada",arxiv:2606.25194:proposition,H3,efde646d96583bb20aa4fc795da0949b16939164912813ba3718bf234b51e22c,
203627,2606.25649,v2,Finite-Rank Commutators of projections onto shift-invariant subspaces,"Rounak Biswas, Srijan Sarkar",arxiv:2606.25649:k-finite,H2,8a95a0a1c5405e557bac560dc03bb439cbea559da1a084b380639cfce2d1f165,
203650,2606.25857,v3,Selection principles for quasi-stationary distributions and reinforcement processes,"Michel~Bena\""im$^{\dagger}$, Tresnia~Berah$^{\ddagger}$, Pierre~Germain$^{\dagger,\S}$",arxiv:2606.25857:lem:block-time-limsup,H3,deb8aad83e17f56fcad2f9c28c7c6496dc327ceac9f9181c3f2b6a01225ab37d,
203692,2606.26498,v2,Mean-Field PhiBE: Continuous-Time Mean-Field Reinforcement Learning from Discrete-Time Data,"Erhan Bayraktar, Martin Hernandez, Qinxin Yan, Yuhua Zhu",arxiv:2606.26498:lem:first_order_coeff_error,H3,92d9621831c658272c16d412e06df2fdb29578a4c48360ee971085edb686ffd1,
203771,2606.27516,v3,Sharp Upper Bounds for Moments of Dedekind Zeta Functions,"Benjamin Durkan, Nilmoni Karak, Kamalakshya Mahatab",arxiv:2606.27516:shifted-moment-trivial-bound,H3,5142bb4afc4f90ea98f5041cdd197ff64141290d7b0fea31ae11c86de0b386c3,
203785,2606.27647,v3,Shadowing and Hyperbolicity for Endomorphisms of Locally Compact Groups,Dekui Peng,arxiv:2606.27647:lem:local-error-equation,H3,67b7cba2c01d449ea7dbc73d476d8d6cc377372df2fbcfca44ac7173438e944e,
203866,2606.28651,v3,"On the Thickness of Infinite Generalized Sidon Sets, I",Kevin O'Bryant,arxiv:2606.28651:lem:energy,H3,fcc6da0568c47d5e64a47fb373541d04db845c67d6b6deb6a02648dc6bae0e8f,
203876,2606.28740,v2,Some applications of the real strict order property hierarchy,Scott Mutchnik,arxiv:2606.28740:embedding-into-the-standard-tp-structure,H3,3d85ae0292081fcb0be29e5a72257591038b8e05af6aa060dcb40fc2e819113b,
203882,2606.28825,v2,\sf Deformation maps on quasi-twilled Lie conformal algebras,"Taoufik Chtioui, Sami Mabrouk, Abdenacer Makhlouf",arxiv:2606.28825:eq:induced-bracket-ii,H2,b08df4673e5c0dae3398e2c2215fd58669caa1a583db5e7970ca3b0d28821534,
203910,2606.29183,v2,No involutions in the missing Moore graph,Yawara Ishida,arxiv:2606.29183:thm:local,H2,84c6fd5839d5723e09c01ccce992e8caf5dcaf9983789dbdb1c66115e28a2e4c,
203923,2606.29292,v6,"Gaussian Operator Algebras:\\ Observability, Reconstruction, and Microscopic Limits",Guangqian Zhao,arxiv:2606.29292:thm:arity,H2,f7d73d1c88b8078f0a11d818ceb10362cd8225728eedfb1d33e5b05c6db5a4e4,
204062,2606.30954,v2,Perimetric Contractions and Their Iterates in Complete $b$-Metric Spaces,"Mujahid Abbas, Alemayehu G. Negash, Meaza F. Bogale",arxiv:2606.30954:prop:continuity,H2,34fdc8621c78910c084f383fd90c90c667f0be5475dd16b65e18d99e00d8ce5b,
204163,2607.00311,v2,Thermal Concentration and Poisson--Dirichlet Edge Statistics for Random-Lattice Gibbs Ensembles,Masahiro Kaminaga,arxiv:2607.00311:prop:local-critical-thermal-mass,H3,473fa74b88fbb7cf306d303eef1efbcef57fa8aa9e9d98d7f330660ee6f812f8,
204182,2607.00637,v2,\LARGE \bf Iterative graph lifting for automatic design of path-complete stability certificates,"L\'ea Ninite, Rapha\""el M. Jungers",arxiv:2607.00637:thm:relaxation_forward,H2,d154fd9d4586d988aca645a63ba8e5aa641b8aaabf43081d8895bdb93b84f57e,
204191,2607.00818,v2,$\ \ $ A realizability criterion for rational maps with three branch points,Zhiqiang Wei,arxiv:2607.00818:co1,H2,5dc3a5aac192b0df8d5cb81125d06264adc561c8f83e84622c5659996f0471e8,
204200,2607.00966,v3,Dynamic Averaging on Regular Graphs,Dean Kraizberg,arxiv:2607.00966:prop:one-step,H3,2dbde01f5d4a4bb99a6d7f862827841c295692c99b1626cb6ac8957ce2e45cd2,
204202,2607.00999,v2,Yang--Mills--Higgs Classification: \\ A Geometric Theory of Binary Labels on Non-Contractible Spaces,Catalin Vasii,arxiv:2607.00999:thm:proximity-scaling-2pt,H2,c2f515872eb283fe23302f783a8cb86542b34479d35c1ffee8f0da8605ae33b3,
204209,2607.01109,v3,A $2/3$ Bound for Vizing's Conjecture,"Mohsen Aliabadi, Elliot Krop",arxiv:2607.01109:thm:packing-function,H2,dad50fdf1b3e6f57f0a2303364b7461ddac52eec563f63c5d25703ba5956a35d,
204242,2607.01347,v2,Bilinear control of age--space structured populations,"Jiguang Yu, Louis Shuo Wang, Ye Liang",arxiv:2607.01347:lem:frozen-linear-wp,H2,d1daa2ea41481dd781e871d46a2e8635e5c7c6973556d984274913014300f23c,
204285,2607.01985,v2,A nine-line counterexample to a conjecture on the minimal degree of Jacobian relations,"Alexandru Dimca, Piotr Pokora",arxiv:2607.01985:lem:lattice,H2,df1f538751f36243aa0ca2635a29df0e71d20fea5f8a65b7bcc475a440e2d157,
204346,2607.02877,v2,Endogenous Feedback in Size-Structured Transport Equations,"Jiguang Yu, Louis Shuo Wang",arxiv:2607.02877:lem:main-ev-props,H3,8d6231e1b4192d585df547b93904083d667287bdf9663f4b284874c921f02e28,
204347,2607.02883,v2,Paths and Intersections: Repelling Pairs,"Yu Chen, Pavlo Pylyavskyy, Zihan Tan",arxiv:2607.02883:thm:minimum-realization,H2,5b8d6dbf17ab364ac98e6b5f14ad118c859c819fdb935263f9e39beb337e8ca9,
204424,2607.03813,v2,Computational Oncology of Chemotaxis-Driven Tumour--Immune Spatial Patterning and Stability,"Zonghao Liu, Jiguang Yu, Lei Su, Louis Shuo Wang, Yang Du, Jingfeng Liu",arxiv:2607.03813:thm:tumour-free-threshold,H2,041e2f8df9696eaac4a5c9e254e21245dd2238105981e3b41a345c2817483a28,
204429,2607.03864,v2,Spherical subgroups in reductive algebraic groups,"Friedrich Knop, Gerhard Röhrle",arxiv:2607.03864:lemma:hard,H2,091698e3828b7c355f2d9f6801a245298df3a304c848cca625753358d76f121a,
204530,2607.05294,v3,Polynomial Initial-State Jumps and Christoffel Transforms in Krylov Complexity,"Abhishek Chowdhury, Ajit Prasad Mahapatra",arxiv:2607.05294:prop:chord-radial-filtration,H2,6c04b939d2d6ca76ca13300da066b5108b7e378871635d57248bb9b77bfbc551,
204554,2607.05567,v3,One construction for the Miura-ori flip-graph degree sequence,Chakshu Gupta,arxiv:2607.05567:lem:frozenbdy,H2,f9de5d86e6672677bff054f6e04874df4726ae7528985eecb848d21cb944ab02,
204572,2607.05796,v1,"Nowhere continuity of the flow map of an integrable derivative nonlinear Schr\""odinger system on the torus",Toshiki Kondo,arxiv:2607.05796:prop:app,H3,bfd84f12de86cf52b01e179b7247e930a837d90da7cfc925e3b6be4f11fc6c49,
204652,2607.06580,v1,Picture Fuzzy Multigroups,Taiwo O. Sangodapo,arxiv:2607.06580:theorem,H3,6ab7145f520b67e8947cedfebc3506d5bb6171adf3c80d60d74ee0bb7e7d160d,
204653,2607.06581,v1,Continued Fractions of Polynomial Type:\\ Theory and Encyclopedic Dictionary,Henri Cohen,arxiv:2607.06581:proposition,H2,49965538f83c313eef287ed98a5b73489a01d4883b0985bc60ede024c217515a,
204655,2607.06693,v1,Stable Phase Retrieval for Spans of Independent Random Variables,"Pedro Abdalla, Jaume de Dios Pont, Jo\~ao P. G. Ramos, Mitchell A. Taylor",arxiv:2607.06693:prop:concentrated,H3,01b740ad5d825d03672e6667ea566893ec11133b67763cec563deb3126699a06,
204661,2607.06795,v2,On $\eta$-periodic Formal Ternary Laws,Tao Huang,arxiv:2607.06795:prop:ftl-nonpositive-coefficients,H2,f0922adc81873e749a758d636a3ec371ba45fd043486fcb951242db5c185c8a4,
204664,2607.06816,v1,Dynamic Driver Allocation Under Latent Demand Regimes: Indexability of a Partially Observed Markov Decision Process,"Pedro Cesar Lopes Gerum, Jiong Liu, Ellen Bernal Cavalheiro, Luiz Felipe Martins, Matteo Giaretti",arxiv:2607.06816:lem:translation,H2,bcebcd5f97bd22d53b16b7acb5ff2d8567a42caf37b2ed968ac8e8a4c599465a,
204667,2607.06874,v2,Gaussian comparison above the median,Colin B. Fogarty,arxiv:2607.06874:thm:conv,H2,5446288407fa349307cde770f70bbd0d0891394c90b68a9e24d22303ba708042,
204674,2607.06980,v1,On difference-differential Lax pairs and integrals of Painlev\'e equations in finite characteristic,"Nalini Joshi, Tomas Lasic Latimer, Pieter Roffelsen",arxiv:2607.06980:lem:trace,H2,5311e461ba7064daba652f3eac2704b730063c6e95c4e752d6d2fa9f80ff33e2,
204675,2607.06992,v1,A Study on Cumulative Residual Extropy of Linear Consecutive k-out-of-n:G Systems,"Aman Pandey, Chanchal Kundu",arxiv:2607.06992:theorem,H3,6a1dd3796f5b51aac7ec4b8e796427a20ce5ece7dcbd0229cda5756fc238ca66,
204676,2607.07014,v1,Local large deviations for linear-region growth in random piecewise-linear networks,"Recep \""Ozkan, Christian Hirsch",arxiv:2607.07014:thm:main-bridge-lower,H2,cab9ba8b7c83aad9b54eed65792c3a1aa0a6fc3b19ea8da6740082cb4fada20c,
204678,2607.07057,v2,Hamiltonian reduction from particular integrals,"R. Azuaje, A. M. Escobar-Ruiz, I. Gutierrez-Sagredo",arxiv:2607.07057:maintheorem,H2,3d71015adbb8aa9c7383dac2e60be1830ad7888dffbdb69e520aecfba46cfbc7,
204686,2607.07180,v1,Schanuel Integration and Euler Characteristic of Semi-algebraic Sets,Yuxuan Xiao,arxiv:2607.07180:thm:basis-independence-schanuel-euler,H3,d67970f75b1da4f3dd68b2d9c276226fc3ee037006641c9800515667e0c21d0f,
204691,2607.07249,v1,Gradient-free stochastic optimization of derivatives under strong convexity,"Arya Akhavan, Sirine Louati, Alexandre B. Tsybakov",arxiv:2607.07249:thm:upper-bound,H3,c8db900b86afc62604bc0be0c6a93d4b141bc4f2e446db078e7c560344cd30c7,
204694,2607.07308,v1,Norm Bounds for Sparse Random Tensors and\\ Spectral Gap of Random Hypergraphs,"Kevin Lucca, Lucas Pesenti",arxiv:2607.07308:lem:solidcontain,H2,3eed0c0283ec4ffede6b4a2e8756637f8928eb9addd22b2e159e99189509700e,
204695,2607.07309,v1,Quantitative limit theorems for generalized P\'olya urns with applications to random tree models,Morenikeji Neri${}^{\MakeLowercase a}$ and Pedro Pinto${}^{\MakeLowercase b}$,arxiv:2607.07309:prop:urn:sa,H2,9d53690ef7ec3a84425114510f29031fc49aac3cfd83e4893f3a130573819235,
204696,2607.07319,v1,"Maximal-Hull $z$-Ideals, Congruence Closures, and Coherent Frames of Commutative Semirings","Pubali Sengupta, Amartya Goswami, Pronay Biswas, Sujit Kumar Sardar$^\dagger$",arxiv:2607.07319:thm:regularity,H2,ad584d4b25760ddee35446feb4d2f864fe69318fd7c12f3d25a3654a84f86e16,
204705,2607.07404,v1,Network Realignment Complexes over General Graphs,"Fabienne Klatt, Iason Papadopoulos, Marc Raffelsiefen",arxiv:2607.07404:prop:fourcyclecompletion,H3,fd1a50939141407c0475b88ce2f584246cc993e954d95de2f4d0fdf1c410ccc8,
204711,2607.07496,v1,"Finite complete rewriting systems for graphs of free groups with applications to free-by-cyclic, one-relator, and three-manifold groups","Robert D. Gray, Marco Linton",arxiv:2607.07496:prop:prod,H2,6b91822b2cd84d35f40da0b86427e89783d7ee826fc32d16c191e49e8c814f2c,
204712,2607.07497,v1,Explicit stabilized implementation of singly diagonally implicit Runge-Kutta methods,"Ibrahim Almuslimani, Gilles Vilmart, Konstantinos Zygalakis",arxiv:2607.07497:eq:h_bound,H2,c10bb5cd21965bdcfbc949d9cc146c2377e56820e349195be57c3ab837d70600,
204713,2607.07503,v1,Newton polygons for the non-bipartite dimer model,Vladimir Bo\v{s}kovi\'c,arxiv:2607.07503:real-rooted-marginals,H2,09aa7f3dc26577560ac1aa1921e0b2a7067f0f849766847c46ce6fc3647c29a6,
204715,2607.07525,v1,Geometry and topology of the tempered Iwahori-spherical representations of a split semisimple $p$-adic group,"Dominic Majda, Graham A. Niblo, Roger Plymen, Nick Wright",arxiv:2607.07525:lemma1,H2,11fd4dcb63fc249e3280d1ef09cebb0923c447ef957b526ce45e1f3e64495833,
204722,2607.07613,v1,Time-periodic vortices near translating symmetric dipole patches,"Luca Franzoi, Taoufik Hmidi, Riccardo Montalto",arxiv:2607.07613:lemma.empty.n,H3,71f5d309b0ae534561dc72b232a0f0e39469a163a0248c82a04daed5c09af4dd,
204730,2607.07665,v1,Guidance Breaks the Fitted Operator:\\ A Terminal-Fitted Repair for Classifier-Free Guidance,Shiheng Zhang,arxiv:2607.07665:prop:glayers,H2,16c177fde75b33aee26be233ff38e029787af1b75b0a1048f965cb73d0542a3f,
204732,2607.07692,v1,Error bounds for the truncated Baker--Campbell--Hausdorff and Zassenhaus formulas in unitary problems,"A. Arnal, F. Casas, J.L. Ruiz-Benito",arxiv:2607.07692:th:general_bound,H2,856bfb338c8804dac8812eef381e2b1c9dcc27dc4aaff44e3857aa57bfca274c,
204775,2607.08380,v2,Dynamics of Gradient Descent with Large Step Size Near a Manifold of Flat Minima,"Lachlan Ewen MacDonald, Ren\'e Vidal",arxiv:2607.08380:proposition,H3,a821741708dc0f71357dfdc808edecc18496bc95cffce9c699832ee817ce026c,
204878,2607.09585,v1,"Sharp and Endpoint Two-Weight Fractional Integral Estimates for Schr""odinger Operators with Inverse-Square Potentials","Haochen Liu, Qinghao Yu, Hongyan Zhou\texorpdfstring{\textsuperscript{*}}{*}",arxiv:2607.09585:cor:hardy-sobolev,H2,9f1719d3fa6025696ca1dd9bcf0149f706e737b13ce94ab84ce035ae129bbab0,
204884,2607.09631,v1,Cut-homotopies and the complexity\\ of edge-coloring problems,"Alexey Barsukov, Roman Feller, Maximilian Hadek, Davide Perinti",arxiv:2607.09631:prop:nohomotopies,H3,d8adfd63f3f03a1f63577cb0ff79292c23f0c6232794007f0a5c70e8a90a6378,
204886,2607.09642,v1,Weak-type estimates for the Bergman projection on planar domains,"A. Walton Green, Cody B. Stockdale, Brandon Sweeting, Nathan A. Wagner",arxiv:2607.09642:thm:max-1,H2,00c67ffbaa4c95bd04c1f9677d50931916e0bfd67ba85daf75218f73fdc527b6,
205088,2607.12128,v3,Categorical Tensor-Graph Semantics for Quantum Algorithms,"Naihong Hu, Ruining Li, Futao Wang",arxiv:2607.12128:5.1,H2,ab7cf85a360cb6943ac821ade009321b581fa344c9944b9e86b3e740f84ac4a0,
205114,2607.12449,v2,Tverberg's theorem for unions of convex sets: Sharp bounds and colored extensions,"Gennian Ge, Yang Shu, Zixiang Xu",arxiv:2607.12449:lem:two-part-amplification,H2,ce79613a1d8f61047f46d645a0a9f689d6a304255e2c2a8464f53e0e68580cde,
205120,2607.12511,v2,"Hankel, Toeplitz, Hermitian--Toeplitz Determinants and the Zalcman Functional for a Class of Biholomorphic Mappings on Complex Banach Spaces","Nabadwip Sarkar, Pradip Das",arxiv:2607.12511:l4,H3,fe579d1f75414aad6725de6c0852fb78146768aac5f2a6737f64e430e771a5b7,
205123,2607.12530,v2,Sard property for rank 2 polarizations \\ in metabelian Lie groups,"Enrico Le Donne, Antonio Lerario, Luca Nalon, Nicola Paddeu, Luca Rizzi",arxiv:2607.12530:proposition,H2,7c45768b89b7fa6d26beda7021b5a9f8348b38aed0d3503e7b2826b54667c5b8,
205246,2607.13944,v2,Propagation dynamics of an acid-mediated invasion model with degenerate tumor diffusion,"Xinyue Cao, Quentin Griette, Xiong Li, Yang Wang",arxiv:2607.13944:lem:u-basic,H3,c01245706794eff44052aa02d12ad558b20c53d527b4d9e0f85fd3bdbb57cc15,
205278,2607.14268,v2,NGMRES convergence analysis and proof of acceleration for contractive and noncontractive iterations,"Y. He, L. Rebholz, M. Xiao",arxiv:2607.14268:lemma1,H2,85dd0c97f3243657ed157d9b4390b7eea8777fea80b03ec5c1d033b0dc368eb1,
205292,2607.14407,v4,Decision Making Needs Uncertainty Quantification [Lecture Notes],Osvaldo Simeone,arxiv:2607.14407:prop:ra,H2,b0f97d20964ae8f995fca6ffadd7d8e860525b7de0ad9ccc83fc7a9629d00952,
205361,2607.15137,v2,A Bombieri-Vinogradov theorem for exponential sums over products of $k$ primes,P\'ea Bazin,arxiv:2607.15137:main,H2,554ddab3cc30ee7480719153d45329d9c631e84831cecea6add9bce4ef0d8294,
205397,2607.15502,v2,Sharp Bounds for Discrete Cube Skeletons,Dean Menezes,arxiv:2607.15502:prop:lower,H3,c1a185064f1efc1783b5b759f42b626331413a13180e3e6408bbb08277f6ed92,
205417,2607.15821,v2,Global solutions for the sensors placement problem via weakly convex optimization,"Giovanni Bruccola${}^{a,b}$",arxiv:2607.15821:prob:-sl3-not-final,H2,a65d2fc8c3a7d0c03fb81e1f78dc69a398cea7cad1bfb7883c55ea4cb5cd2ec4,
205486,2607.16679,v2,\bfseries A Log-Log Saving for Matrix-Algebra Length and Terseness,Florian Ito Sprung,arxiv:2607.16679:lem:subadditive-b,H2,e0f81423fc842c719050dc0a3f1272d688e7e297e4f7bbe75301b729393fb84b,
205559,2607.17333,v3,An affirmative answer to Owings's sumset question,"Wen Huang, Zhengxing Lian, Song Shao, Rongzhong Xiao, Leiye Xu,, Shuhao Zhang",arxiv:2607.17333:prop6-2,H3,d9b8ed874b1157edc6e3f334762390523c15177478ecc70d1c058fe19214ac13,
205621,2607.18037,v2,"Quantitative Oppenheim in signature $(2,2)$ \\ via determinant values","Wooyeon Kim, Hee Oh",arxiv:2607.18037:lem:d2-reconstruction-from-quasinull,H3,b680294401c121865e541222aa06969f9eabc47b01c3e775e01869cf415caf9a,
205622,2607.18038,v2,Determinant values on lattices,"Wooyeon Kim, Hee Oh",arxiv:2607.18038:thm:globalcontraction,H3,4c64fbf0ca7cf412104fbb24a29c0cdfff36adfb4b7bc99674be5fbd8e864552,
205660,2607.18585,v2,Counterexamples to Conjectures of Wehlau on Noether Numbers,Muhammad Fazeel Anwar,arxiv:2607.18585:prop2,H3,6ed7dca4d02b0749931c42ce8af084eae873b8ded60d7fa42bf92e95d9dd2234,
205662,2607.18599,v2,Hopf $2$-cocycles for certain affine algebraic reductive groups,Shlomo Gelaki,arxiv:2607.18599:lem:transitive-groupoid-reduction,H2,2c02a58b14cb7364b382a11fe40af2fbb9de5afbed8091f0e5c13847192bfa91,
205810,2607.20422,v2,The sharp exponent for the minimal distance problem,Cosmin Pohoata,arxiv:2607.20422:prop:nf-lift,H3,65071d7fdfdbe001884720017241832387cf1be5c099312b61984ad30a46f7ff,
205830,2607.20741,v2,The Penrose conjecture for initial data sets satisfying a $2$-convexity condition,Conghan Dong,arxiv:2607.20741:thm-weak-mono,H2,44b3bb0668eb5d22d6c0a7128e63c0125fa990587ff9c106546ab58dd0f0d812,
205855,2607.21110,v2,The mean-field limit of non-exchangeable particle systems with non-conservative dynamics and adaptive weights,Katarzyna Ryszewska,arxiv:2607.21110:taustar,H2,9f3a633c1ecc8b3f5fe87540badb32ba4d7980b4fc8c84b6da6773521cc80e6e,
205885,2607.21658,v1,A phase transition in the directional growth\\ of lamplighter groups,Mohammad F. Marashdeh,arxiv:2607.21658:prop:variational,H2,7e3b811b51645a88e0983631f27edd703de4d55a367df1862908b7088625cbea,
205887,2607.21698,v2,Non-Invertible Symmetries Mixing with Witt Non-Trivial \\ Quantum Cellular Automata,"Kansei Inamura, Oskar Wojdel, Lukasz Fidkowski, Sakura Schafer-Nameki",arxiv:2607.21698:thm:qca_extendability,H3,02d571dac46e5cec3bd59041f12625e57c236f7a7c9b123a9962b87f1984fe86,
205891,2607.21755,v1,The Hessian equation on nonsmooth $k$-convex domains or in the presence of subsolutions,J. Lukas Gehring,arxiv:2607.21755:lem:stone=000020dini,H2,0f0791727153736a52fa68634d455fd887add422841b88b196846d4bdd825341,
205893,2607.21805,v1,Natural Invariant Measures for Chaotic Game Dynamics: Finding Order in Chaos,"Jakub Bielawski, Thiparat Chotibut, Fryderyk Falniowski, Micha{\l} Misiurewicz, Georgios Piliouras",arxiv:2607.21805:averages2,H2,d984e2f0aae473e6ffd9c98337a6d103a2a372a142477457e9593ef32297bbef,
205894,2607.21815,v1,Unit Killing Initial Data,Igor Khavkine$^\flat$ {} and Salvador Mengual Sendra$^{\sharp}$,arxiv:2607.21815:thm:canukid,H2,f1209a7ca24a5dab73dbd0b1f97c398a50a449136db7604c77cb6320ea6e4bdf,
205895,2607.21822,v1,On convergence of solutions to nonlocal optimal control problems with quasi-minimization constraints,Joshua M. Siktar,arxiv:2607.21822:lem:-nlclosureofminimizationquasi,H2,3a4b6ae4819131d151856c871e2d1e95ae61b31e64dc1429f732f4e78e515cf3,
205899,2607.21892,v1,A More Efficient Algorithm for Finding the Number of Permutations of $\ZZ/n\ZZ$ with Distinct Partial Sums,"Baker, Quinn",arxiv:2607.21892:lem:branch,H2,d3d5f6e9ac69862638cdbe0111221c731fad6a7e1bb6f8810151451d6c240839,
205902,2607.21968,v1,NONLOCAL-TO-LOCAL LIMIT FOR LINEAR TRANSPORT EQUATIONS WITH MEASURE INITIAL DATA,Immanuel Ben Porat,arxiv:2607.21968:duhamel-principle,H2,15eebc3c8c51c436fd3b884bc5be6e586860d7b8d43bf572275afebad90c0da7,
205906,2607.22018,v1,Unlocking Novel Topological Structures via Rough Families,"Sourav Mandal, Lakshmi Kanta Dey, Pratikshan Mondal",arxiv:2607.22018:theorem,H2,8646b42d8d09b699bb50fb1c5ec7f140e07fca5dfe5080b71f6513c69c8a35cc,
205911,2607.22097,v1,Enumerating monophyletic characters in mathematical phylogenetics,"Mareike Fischer, Michael Hendriksen, Kristina Wicke",arxiv:2607.22097:thm:binary.summary,H2,c2afc287fb926af7b75369d53ecb1d706f1b5423c0ac251a8ba0800db9bf0cd1,
205914,2607.22121,v1,Non-Negative Conjugate Gradients,"Thomas Schmelzer, Martin Stoll",arxiv:2607.22121:lem:inexact,H2,a4127cd69e482803e1912585adb37bab85ec216f09c2d2ceb7839ddbe075f09d,
205915,2607.22125,v1,On the completeness of the countable fragment of geometric logic,Matthew de Brecht,arxiv:2607.22125:theorem,H2,169a24d9df112b5950585aac1581a520eef09d6cd4d20b9240fca5f78d432fae,
205929,2607.22301,v2,Positivity of stretched Littlewood--Richardson\\ coefficients for partitions of length at most five,Alper Ferudun,arxiv:2607.22301:prop:certificate,H2,f7eb2f27441bceea7ac7c3dac284d3e797bdc19f93fea1601b94ee5cdcf863f4,
205930,2607.22303,v2,Isomorphisms and automorphisms of graph products of groups,"Amandine Escalier, Camille Horbez",arxiv:2607.22303:claim:step-1,H2,e0ddc112d55f7c818c01c71ec0c1e3bf6b1fba9cdb3afd2324cd48ab6721920e,
205950,2607.22537,v1,A uniqueness result for finite-state mean field games with non-separable Hamiltonian,"Alekos Cecchin, Luca Di Persio,, Nicola Fraccarolo",arxiv:2607.22537:theorem,H3,3f1d224cb00ac534192e27b1eff5ebe346eb8a7c11aa795dc24abe1c4e41f971,
205960,2607.22620,v1,A Resolution of the SS--RS--GD Inequalities,Binghui Peng,arxiv:2607.22620:lem:amgm,H2,191913c0faf7567675300b9385f458e961939134def49b19a74b1d72b76e7a8e,
205966,2607.22660,v1,Generalized Fine-Tuning of Diffusion Models via Stochastic Control and FBSDEs,"Zirui Wang, Lu Wang",arxiv:2607.22660:theo:regularity,H3,9719af7243d845b9c0ab61629854a2c892d58ec0e730874c7fee9e61b31689b2,
205969,2607.22751,v1,Symmetric Jacobi Polynomials on a Triangle and Their Spectral Algebra,"Misael E. Marriaga, Miguel A. Pi\~nar",arxiv:2607.22751:lem:highest_order_generated,H3,9ef4b4b0a1c4022abd140478a00ef9ab8849c046875e7cde55471ba08117e211,
205974,2607.22848,v1,"$C$-complexes, Clasp Number, and Triple Linking Number","Christopher William Davis, David Lawrence, Jack Paulsen, Nathan Phillips",arxiv:2607.22848:lem:casewise,H2,100e9296daf903e34b512dcde26f5ab704c95068a70d01a0d6c1d84e6298435c,
205975,2607.22865,v1,Structured Coordination Games on Planar Graphs: a Dual Approach,John S. McAlister,arxiv:2607.22865:lem:potentialfunction,H2,cf2a3c7b6e586d5eba9720007fb3dae75321dd1d3acca6c04e80873c6bad162a,
205976,2607.22878,v1,Clustering of large deviations in heavy-tailed moving averages: the catastrophe principle in the long-memory case,"Jiaqi Wang, Gennady Samorodnitsky$^*$",arxiv:2607.22878:lemma:cluster_equi_pt,H3,3e02d87d4fcb618093ccc013fe782528b5225a9aae242bf4c60b550f2f4169c2,
205978,2607.22888,v1,On General Linear Degenerate Elliptic PDE Systems,"Nikos Katzourakis, Frederick Temple",arxiv:2607.22888:lem:1,H2,630372c348e15b3d8d7b8ec8b50961aadd5f4cb7ddece2dd5cb1e11b7e160e2e,
205980,2607.22895,v1,Curvature Recycling Douglas-Rachford Splitting: Transported Quasi-Newton Models for Expensive Smooth Proximal Subproblems,Musa Maharramov,arxiv:2607.22895:lem:certified-inner-contraction,H2,9ae7018ef42f25a85fe3af4b0124ea3b938e48f74611ef9ce67f300f7923aa17,
205983,2607.22915,v1,MAD Phase Transitions in the Oriented Chromatic Number,"Alexander Clow\,",arxiv:2607.22915:thm:-critical-upper,H3,f5bbbb7ce2ee4a2afbfa212c979d640939bb0eb9db3a34032a789f973fd8909f,
205985,2607.22920,v1,Equidistribution of currents\\ under Anosov group actions,"Nguyen-Bac Dang, Michael Kapovich, Mikhail Lyubich, Shengyuan Zhao",arxiv:2607.22920:thm:transvection-contraction,H3,f352ec0daef11e692bcd8a1bf7f9c6c4c02ada63cde2d36f322641f4bdfcbca0,
205987,2607.22955,v1,Holonomic Sequences Arising from Laplace Transforms of Generalized Second Order Sequences,"Rigoberto Fl\'orez, Robinson Higuita-Diaz, Jos\'e L. Ram\'{\i}rez",arxiv:2607.22955:thm:wn-recurrence,H2,9ab58496c71d49c2014156cf13a7cc3008063da9fdb288a6d0e22936ae63e53b,
205989,2607.22982,v1,Finite-Time Analysis of the Natural Policy Gradient in Finite-Horizon Markov Decision Processes,"Asha Barua, Sajad Khodadadian",arxiv:2607.22982:lem:kl,H3,447d9caf051d81d938c45f0f5162da794a7b50668ae0f654fa592df9b4bd8994,
205991,2607.22991,v1,Mixing times and spectra of non-equilibrium symmetric exclusion processes on general graphs,"Leonard J. Schulman, Alistair Sinclair",arxiv:2607.22991:lem:lowerbd,H2,33dc3488aea78663afe918eef382593cd3a4cf80005fe7c1efb01450f3d0b574,
205995,2607.23076,v1,On the Frobenius Number of Quotients of Numerical Semigroups,Feihu Liu,arxiv:2607.23076:thm:main,H2,82cca36fe8be9fd8a3572b34a8b6a94b8b77feffeb430e69057f5a3cb2796231,
206001,2607.23107,v1,\Large Optimization of Kinetic--Stoichiometric Growth Bounds over Autocatalytic Subnetworks,{\large V\'ictor Blanco$^{\dagger}$ and Gabriel Gonz\'alez$^{\ddagger}$}\bigskip,arxiv:2607.23107:thm:mu_values,H2,5873977468d910e0c6b05751b17c5ebbadd4fe42393ee5ff60709a534034a735,
206005,2607.23144,v1,"Categorical Algebra of Atomic Monoids: Presentability, Regularity, and Pretorsion Theories","Federico Campanini, Laura Cossu",arxiv:2607.23144:lem:pullback-presentation,H2,1492c5948a7db021bed08ca6e8655d33dfe80ad3b8f69f4a98ee9e7832b19feb,
206006,2607.23148,v1,A Linear Lower Bound for Dominating Sets in $k$-Majority Tournaments,"Jiangdong Ai, Xiangjie Yi",arxiv:2607.23148:prop:four-orders,H2,21d0f163a9d3666274af13d4b7eda5eccadd1374f68261e0f17e0303127025e1,
206007,2607.23150,v1,On the role of higher roots in prime ideal races,Mounir Hayani,arxiv:2607.23150:difference2proots,H2,2402d639809ba91550f529a4f3998062dbd15da363d29ca087df7d5a1075c18f,
206009,2607.23185,v1,Strong Ramadanov Conjecture for Real Ellipsoids in $\CC^2$: two approaches,"Jan Gregorovic, Ilya Kossovskiy, Son-Ying Li,, Kevin Shi",arxiv:2607.23185:weightcheck,H2,53d112eb2e1934b5ef42bd3e010dd7fbbf329c398cc9641eadcc1270b240fd78,
206013,2607.23255,v1,"A Variance Representation Formula for H\""older's Inequality",Li-Chang Hung,arxiv:2607.23255:theorem,H3,57854f290603cb28e11f6e0c89e01db195111e29cdf64fcad7dbe6015413c214,
206017,2607.23302,v1,Optimality of Wouter van Doorn's Upper Bound for the Mayer--Erdős Farey Problem,Ricky Cipollini,arxiv:2607.23302:lem:totient-increments,H3,fe6cfed8f350e7c8b07f8bae18482ec15b250296fa3fa2b4b3f91102619ea025,
206019,2607.23350,v1,"Incompressible surfaces, hierarchies \\ and unknot recognition",Marc Lackenby,arxiv:2607.23350:lem:essentialpushesforward,H2,8cc3a287a5629c2c59a66cc896a86aab6a7ad85fe775e0b6ddf5aca2ed162b2f,
206025,2607.23411,v1,A note on Tight Irreducible Affine Spreads,"Fusun Akman, Papa Sissokho",arxiv:2607.23411:thm:2,H2,0a9e69b497fe294cb3bff173e3f7b36e35ed29224409082d21a0ba37afa577a9,
206028,2607.23431,v1,Periodic solution and its stability of a damped BBM equation posed on $\mathbb{T}$,"Chun Ho Lau, Taige Wang",arxiv:2607.23431:estw,H2,a973f2e10b6fe58821aa766c6bcadc796fb40f5955776f598e373907ee649983,
206029,2607.23453,v1,Tiling a triangle into a prime number of congruent triangles,Michael Beeson,arxiv:2607.23453:theorem:case3,H2,789753277109aaffdbf12ea9240f5c7da6fa094dfeb97693e24d215896ac9d82,
206031,2607.23476,v1,On the convexity of Sum of Separable and Biquadratic Forms,"Shaon Naskar, Sujeet Kumar Singh",arxiv:2607.23476:theorem,H2,5cb2fd1b2a2a6780b07be2d74e5d8e3bca09e2cd865aca4c8bf828e948d57eef,
206032,2607.23500,v1,Formalizing Flag Algebras in Lean,"Gyeongwon Jeong, Seonghun Park, Jihoon Hyun, Sang-il Oum, Hongseok Yang",arxiv:2607.23500:lem:semantic-bound,H2,a0f4b3b42f18515ce0d2087414460b22b5c85faedfd9a9dfcdfd05b34a3ae650,
206033,2607.23510,v1,How Entanglement-Enabled Connectivity Can Boost the Next-Generation Communication and Computing — A Tutorial,Dick Maryopi,arxiv:2607.23510:proposition-decoder,H2,b4ad68558f6bed6d84149ad45bec8db0169da143d070b86a013be9501cb6de43,
206034,2607.23521,v1,"Additive Bases from Primitive Dyck Words:\\ Regular Underapproximations, Motzkin Coding, and Digit Lifting",Takayuki Kuriyama,arxiv:2607.23521:lem:extremal,H3,78d9155e57568636330578ccae5fa37a74af1016e032f32b66c69418580f9e9e,
206038,2607.23578,v1,Decay estimates for a class of dispersive equations with partial inverse-square potentials,"Jiabin Qian, Manli Song",arxiv:2607.23578:key-lemma,H3,9e17c798bbf70e23300c25ab64bbe3ff785a19420243850d5c70a08a9a6e15de,
206039,2607.23587,v1,Actions of $(\Z/4)^4$ on rationally connected threefolds,Konstantin Loginov,arxiv:2607.23587:thm-sharp-bounds,H2,4b2e7abbfdfaa363956bc57a9249c112638f0f44a21d9f2996a13f9a2454aa40,
206041,2607.23609,v1,Random Indexing for Image Change Detection: \\ A Distance-Threshold Vocabulary Approach,Cristiano Tamborrino,arxiv:2607.23609:prop:degenerate,H2,80ebf84857e1ed91f160fed89118d0787309741f6281cfd9f200bf6b43e18da8,
206044,2607.23663,v2,Erd\H{o}s--Ko--Rado theorems in $\ell_2$-norm for three finite spaces,"Qian Bao, Yaojun Chen, Yanbo Zhang",arxiv:2607.23663:lem:general-spectral,H2,2c93d983e505967c2c023543ae8682d529409086d6d4ca88de6b116e8416d502,
206075,2607.23914,v2,"The Phase Transition in Online PCA Depends on $n/d\log(d)$, not $n/d$",Apratim Dey,arxiv:2607.23914:lemma:exact_behavior_rho_subcritical,H2,b3c5d90e7fc2e71d4087433c48b4296ffd04d242c316c8c750cd1b9ee60ab3f3,
206078,2607.23926,v2,"Balance Constants, Majority Cycles,\\ and the Gold Partition Conjecture\\ through Fourteen Elements",Anish Gupta,arxiv:2607.23926:prop:equality,H2,50b546c1e7da2c9abf1787eee80700b2fa2db0e2a859d3f8b86e6ccb7cc9cf4e,
206109,2607.24445,v2,"Finite-Precision Algebraic Quantum Field Theory: Quantum Parcels, Locality, Modular Structure and Factors",Abbas Edalat,arxiv:2607.24445:prop:rs-state,H3,9cde92395ed132a1f96361cc5d206341512a57bd8dc6a8e096955ce3b3982e63,
206127,2607.24595,v2,Fixed-time stabilization of systems with nilpotent matrices in the presence of large unknown delays,"Kang-Kang Zhang, Emilia Fridman, \textit{Fellow, IEEE}, and Pengfei Wang",arxiv:2607.24595:vv,H2,6c3501a493736685e7de99e90524988de4f3cc136befdcc79a8417c4055e5838,
206129,2607.24643,v1,"Anderson acceleration of the proximal point method: the exact adaptive minimax, a spectral phase transition, and optimal safeguarding","Zheng Jia, Yekini Shehu, Yonghong Yao",arxiv:2607.24643:thm:growth,H2,de308a013ef91c6b37deeb4d3e6f95172910d0db97aa81df03ed5b47dd3d0012,
206131,2607.24655,v1,On the problem of large gcd for disjoint residue classes,"Jan Fornal, Yu-Chen Sun",arxiv:2607.24655:prop:sieve-theoretic-partition,H3,51c6fa0dbe9004e4721d6eda14b13ce2ea0d0773f6f16e981d43a36622c7a6a3,
206137,2607.24691,v2,A computer-assisted proof of Kuperberg's six-cylinder conjecture,"Ivan Mati\'c, Rados Radoi\v{c}i\'c",arxiv:2607.24691:thm:dbbound,H2,0c6deaacadf4060fbd0a929113d7623e400beadeb0a9c74601906b2b52a2d149,
206144,2607.24828,v2,Extremal problem of area approximation,"O.O. Pokutnyi, R.R. Salimov, M.V. Stefanchuk",arxiv:2607.24828:lemma4,H2,67c4b049de94b2e3e811c670190603c2323384d8b4c9efbebab914cf87ba6508,
206241,2607.26092,v1,On some inequalities for weighted products and ratios of the sine function,"Augustine L. Mahu, Beno\^it F. Sehba, Cecilia D. Williams",arxiv:2607.26092:thm:lower-main,H2,5c2a987a03b8385678f2f5f74e66cd5c6dd432e0b70d1ada8169a94792ea38bd,
206242,2607.26166,v1,Dirac resonances as non-self-adjoint eigenvalues,Henry DUMANT,arxiv:2607.26166:fchoice,H2,608e3663a34b0e9cb4b77fae74ce57afb676f43a0f1bb54194b7b75e5b3d8c34,
206244,2607.26169,v1,Scaling and partial universality of the height zero probability in the 2D Abelian sandpile,"Miles W. Elvidge, Antal A. J\'arai",arxiv:2607.26169:lem:fu>0,H2,bfcbb4037f1c9f4b46388cff869192d148987446ffea9734f1fae57bbdd5ddda,
206248,2607.26235,v2,Inertial Primal Dual Dynamics with Hessian-driven Damping for Saddle Point Problems,"Zepeng Wang, Juan Peypouquet",arxiv:2607.26235:t:rates,H2,7e9cede41ded88eea38a34602f0d30dca08086226be1f432d92d310ab11a32bd,
206249,2607.26256,v1,\bf Conditional copula representations and extremal bounds for multivariate statistical functionals,"Roberto Vila, Cira E G Otiniano, Carolyne Brito, Enzo Brasil",arxiv:2607.26256:main-result-multivariate,H2,b0c46a534715925cc3b2a140bdc0ec3c649fa22ff2b971936932e5450bde66d0,
206251,2607.26262,v1,(Integrability of the multispecies harmonic process,"Francesco Casini, Rouven Frassek, Cristian Giardinà",arxiv:2607.26262:lemma-equivalence,H3,9b14128380f46b16856759660c88b146b788c1561e5ff13930c5311181b2270d,
206252,2607.26266,v1,\bf Rank Contributions of Vertices in Rigidity Matroids of Clique Covered Graphs,"Bill Jackson, Tibor Jord\'an, Soma Vill\'anyi",arxiv:2607.26266:lem:canbecovered,H2,3dae9b51c5111c2c3195da07119a6510ac0454c1a9129b1c138b2c6b22ee501c,
206254,2607.26281,v1,"Concise $(\eps,r)$-representations of a path","Emilio Ferrucci, Oliver Perr\'ee, Terry Lyons",arxiv:2607.26281:thm:optimal1var,H2,cfc18242030841bbc1d5e5cef3f4665a78c5af54c067389b789207babd911807,
206260,2607.26334,v1,The Combinatorics of Multi-Lane Merging,"Aurora Hiveley, Doron Zeilberger",arxiv:2607.26334:lem:bounce,H2,2fbfa6275ac96f79d3cfb8509eef6e8cdaa850b0d19d5021a41dcce12789d81b,
206265,2607.26378,v1,Essential Simplices Dominate in Harmonic Representatives of One-Dimensional Persistent Classes,"Saugata Basu, Aldo Guzm\'an-S\'aenz, Laxmi Parida",arxiv:2607.26378:thm:simplified,H3,d762b12925166c572ed8deca17c6bcaead174aeb9bb5e9cd1e3d192501c5e5f1,
206269,2607.26446,v1,On the denseness of distal points,"Su Gao, Hanfeng Li, Ruiwen Li",arxiv:2607.26446:l-avoid-orbit,H2,f8ecdb6a732f76bf8a0a7b012085ea7b603ade87104da3a3eb447a52ef163de0,
206278,2607.26549,v1,A counterexample to the zero-mass conjecture,"Long Li, Mingchen Xia",arxiv:2607.26549:prop:limit,H2,4d01ca65e0f85b4020488619d1eb9db562a4d211df6ad90dd9e9268db30a92e3,
206284,2607.26653,v1,A new construction of the\\ Riemannian deformation sequence,Andreas Cap,arxiv:2607.26653:prop2.2,H3,01339be9b1e7c722163b288a95aedb5d310eb18918d65aefd8c0b64c3164fa01,
206285,2607.26663,v1,Variational Estimates for nonnegative Harmonic Functions,Jakob Fromherz,arxiv:2607.26663:thm:mainthm1,H2,9556f43d44ccab86ba5bc75fcfa669327ed56ced6f3b26d7839be14c1fd4a6a5,
206292,2607.26749,v1,Image Recognition via Vaisman--Neifeld's Geometry,"N. C. Combe, H. K. Nencka",arxiv:2607.26749:p:2,H3,f4b15d8a45751a7b5bfbcaca6b79b26ea5ff70da0b78c27011705eb10061e047,
206293,2607.26782,v1,Nonlinear Stability and Instability of\\ Finite-Energy Solutions of the Compressible Euler-Riesz Equations with General Pressure Laws,"Jose A. Carrillo, Samuel R. Charles, Gui-Qiang G. Chen, Difan Yuan",arxiv:2607.26782:thm:stability,H3,4edae93af8647a4d9a4e078e83206fa04f3a0bce4ccf5420bc8ef6e4509530e7,
206297,2607.26863,v1,Convergence rates for pivoted QR and LU,Marc Aur\`ele Gilles,arxiv:2607.26863:thm:analytic-determinant,H3,2187d6e9e3a4ad060959ca9d75c5a3f109dff5f790f766d57ca64416fa831849,
206300,2607.26871,v1,\bf \Large,"Yongjiang Wu, Lihua Feng",arxiv:2607.26871:lem:bellman,H3,10b420cb99f5ac6154ba05d4b6f5d278748db3c1b9c4e83de0634b39f72536a2,
206304,2607.26923,v1,Free boundary flows by powers of the Gauss curvature in the unit ball,"Tianci Luo, Yong Wei, Rong Zhou",arxiv:2607.26923:prop:f-lower-alpha,H3,14f33943eef253c930b2d901b8bd9eb4200d1dd7feac9f73fbc890f3138da0b1,
206306,2607.26970,v1,A singular profile for the relativistic heat cost\\ and the special Lagrangian curvature equation,Xiao-Tian Wu,arxiv:2607.26970:lem:gs,H3,b82a7a38a9ab0ef0853ddfb5b9e15b0ae68277eb11d9d40cc1b21a2c3afd7135,
206318,2607.27068,v2,The Kaplan--Meier estimator as a limit function of Efron's self-consistency iterations,Miroslav Ba\v{c}\'ak,arxiv:2607.27068:thm:main,H3,fafe59ed5a58d38d8e42a09d43be1fb29c29a57ec8a489f0aa3b19d2a49f46a5,
206335,2607.27211,v1,Minimal Fillings of Finite Metric Spaces and Convex Polyhedra,"A.O. Ivanov, A.A. Tuzhilin",arxiv:2607.27211:lem:clp_glp,H2,755d21f4bc5e375dd26bdc1aa6625ad58e332d9e954575186f37700c29750230,
206336,2607.27213,v1,A Rank-Count Theory for the Combinatorial Discretizable Distance Geometry Problem,"Michael Souza, Wagner da Rocha, Carlile Lavor",arxiv:2607.27213:lem:rank,H2,152b2e1adf884880f00c5162cdb72383483b64f7fb2a94d4ac9a99cb894d0cd9,
206339,2607.27223,v1,"On $\phi$-$(k,n)$-absorbing $\delta$-primary hyperideals",Mahdi Anbarloei,arxiv:2607.27223:weak,H2,f8991b2136b7689b2c6e4cc15931a52e261188c9eb32968d6573d63a1e78df74,
206341,2607.27246,v1,The 2-Domination Number and the Upper Median Degree:\\ A Proof of Graffiti.pc Conjecture 387,Jun Qing,arxiv:2607.27246:thm:main,H3,b7ebeef529a77b88198256b3c308de1e2fc6a5b81440dba263e9bff197e7a483,
206348,2607.27444,v1,Minimal hypersurfaces of Morse index one,"Otis Chodosh, Matilde Gianocca",arxiv:2607.27444:lemm:sumqua-terms,H2,0c43ab85a4ef7dbd547fef1993cd972df678544fd76be3ad6dae06b6d3cdf990,
206349,2607.27452,v1,"Counterexamples, Spectral Obstructions, and Deletion Stability for WOW-284",Samuil Petkov,arxiv:2607.27452:thm:nonadjacent-puncture,H3,b5029e4c4020f55cb4bf1ccb57c9d82616b092c384e8088ed104e2be1956efcd,
206351,2607.27514,v1,Sample Complexity for the 2-Gromov--Wasserstein Distance,"Pui Kuen Leung, Riku Okada,, Samuel Lok-Hei Wong",arxiv:2607.27514:lem:mgamma-representation,H2,359d7333400548dd4bb7c9317f000193bd8175349e1b75f34e586aaa165d1585,
206352,2607.27555,v1,Perfect $2$-codes over arbitrary alphabets,Michael A. Bennett,arxiv:2607.27555:goop,H2,facb272ce6a3e375e446dd776f7059661d1a052183d4f52d7b4687d4814c08dd,
206353,2607.27560,v1,On the upper bound for the vorticity growth of bi-rotational Euler flows without swirl,"Khakim Egamberganov, Deokwoo Lim",arxiv:2607.27560:lem:frslow,H3,56595c46434875062d78feab9e7a9ef549ff242585d377f44ea9f716c66b48d6,
206356,2607.27583,v1,Incompressible Navier--Stokes--Fourier limit from a nonlinear quantum Fokker--Planck equation,"Young-Pil Choi, Byung-Hoon Hwang, Ju-Hwan Hyun",arxiv:2607.27583:lem:tr-flux,H2,90e1492a92adcc5e28bd8f122d003360af9030c1945c07e96ed3a8cdfd449a46,
206361,2607.27629,v1,Curved Kakeya problems and \\the projective geometry of paths,"Shaoming Guo, Larry Guth, Arian Nadjimzadah, Minxing Shen, Ruixiang Zhang",arxiv:2607.27629:lem:-lin-alg-lemma,H3,cdfbe58eb80dbf6f312a2eab97b68ea34fdd8c66ced871a702fb851cd9e199a7,
206362,2607.27663,v1,Rational higher order Whitehead products of mapping spaces and defining systems,Takahito Naito,arxiv:2607.27663:lem:strict-cohomology-model,H3,55d55ab52f68c00907fc0446e7304cf13e423e71672e5509b74c3d49f873bfff,
206363,2607.27666,v1,Volume Stability for Hyperbolic Manifolds and Applications to General Relativity,"Puskar Mondal, Shing-Tung Yau",arxiv:2607.27666:prop:flowback-c0-comparison-map,H3,6404484a21a2aac1d07caa66974bf22f0c4a8d0042c806946f5be6f4f5a03f6b,
206365,2607.27691,v1,"Nuclear dimension, pure infiniteness and real rank for higher rank graph $C^*$-algebras",David Pask,arxiv:2607.27691:thm:approx,H3,7c597687d6215658ade45f0d5829b1038ae617c768274728b4777b464d38b03c,
206367,2607.27753,v1,Franklin's identity for $n$-color partitions\\ and companion Beck-type identities,"Cristina Ballantine, Roberto Tauraso",arxiv:2607.27753:b2,H2,90f92388ccd837a59e5fe4378ca4484322500cfa8d97d4b61c28cf8d464e7c86,
206372,2607.27900,v1,The Existence and Stability of Generalized Multi-Source Weber Problems,"V. S. T. Long, N. M. Nam, T. H. Tai, C. Tammer",arxiv:2607.27900:l.o.solution_3,H3,0837c8408dc1f4def2964c8214f70f0fda350846d6e323d9be64b14ec676e542,
206376,2607.27954,v1,Isolated Singularities and Measure Data Problems for Semilinear Equations Driven by Stable L\'evy Operators,"Kamil Dunst, Tomasz Klimsiak",arxiv:2607.27954:prop.spkg,H3,a84ff131d377875666acec5019cab9120a6b1b9c03dfe3d2ec61179aa37f4f6d,
206378,2607.27965,v1,Compactness and Willmore Energy of Helicoidal Minimal Surfaces in the 3-Sphere,"Jianquan Ge, Shilin Li$^{*}$",arxiv:2607.27965:lem:q_range,H3,46c5a7771c7e87c7f549693212475206df7fe4d83681b1cce36c2ae89908ce8a,
206379,2607.27989,v1,Partizan Subtraction with full and truncated support,"Ankita Dargad, Urban Larsson",arxiv:2607.27989:lem:-outcome-ts-below-alpha-block,H2,06feeb5f154e0835f158fd7cd702c171fd1f99f0c2bf0216a0bf57b829808c36,
206382,2607.28021,v1,Topological Data Analysis Meets Convex Geometry: New Perspectives on the Euler Characteristic Transform,Jes\'us Gac\'ias Franco,arxiv:2607.28021:approx,H2,1db35df5821953db2453888c81cf7b294c26519b22b7bdc29b29ec5ad251bf3e,
206383,2607.28040,v1,Spectral Problems on Open-Book Structures\\ with Singularly Perturbed Density:\\ The Limit Operator,"Yuriy Golovaty, Delfina G\'omez, Maria-Eugenia P\'erez-Mart\'{\i}nez",arxiv:2607.28040:propsolvabilitybook,H2,a7e635e2fb94915d5d02174630ff516a7a01903cca73503e21d72860a68b1ea2,
206384,2607.28071,v1,Random Tur\'an Theorem for the Fano Plane,Ilay Hoshen,arxiv:2607.28071:lemma:mu-delta-bounds-low-degree,H3,24f7630c7642afe4ce37280f66c6618e110af74bb79bc1f23e5d3b5fc0a0c8d6,
206386,2607.28114,v1,Classification of Simple Cuspidal Modules over Nongraded Witt Lie Algebras,"Genqiang Liu, Xiaoyao Zheng, Yufang Zhao",arxiv:2607.28114:lem:gln-quotient,H3,bcb2428e85e2e5e8c5cfd8446cb162e8623c23be3697f4294abebffd69fdb904,
206387,2607.28116,v1,$\Pi^0_4$ conservation of a Carlson-Simpson lemma\\ for 1-variable words,"Quentin Le Hou\'erou, Ludovic Patey",arxiv:2607.28116:proposition,H2,953f3144141aabf13b181e468d9a69272459dd5a265f5a3d042cfea51fe95cff,
206388,2607.28134,v1,Interval Decompositions for Multipersistence Modules over Finite Posets and Robustness of Sheaf Data on Simplicial Complexes,"Pablo Hern\'andez-Garc\'ia, Daniel Hern\'andez Serrano, Dar\'io S\'anchez G\'omez",arxiv:2607.28134:lem:descomposicioncomponentesconexas,H2,62d990afd7202b7e0a0a63c178432c6cc19b6cb48d42d0ca5141f9bfd85dbbd9,
206389,2607.28139,v1,Hyperbolicity of complements of orbits in Anosov flows,"Sergio Fenley, Tali Pinsky, Mario Shannon",arxiv:2607.28139:lem:isotopic-to-core,H2,98fc7d9956df90783a58019befba4ed00417134f5a9afdd9872dbd32b02939b3,
206392,2607.28161,v1,A Mathematical Framework for Topological Causal Data Analysis,"Hugo Gobato Souto, Ioannis Diamantis",arxiv:2607.28161:prop:product-rate-bias,H2,1d542e1d4d6020f0aa554f247c75e95ab194577fbfa8417e816d6116b39aec59,
206393,2607.28162,v1,On Boolean Functions Maximizing Divergence for Correlated Sources,"Jun Chen, Shun Watanabe,, Lei Yu",arxiv:2607.28162:lemma:inner-product-convexity,H2,9affc4a8f5bb635c2ac17f465c24c899ba3f19c3d910242d884593df868eae27,
206394,2607.28168,v1,\LARGE \bf On Leader Selection for Strong Structural Controllability in Matrix-Weighted Networks,Lanhao Zhao,arxiv:2607.28168:eq:quotient,H2,888bcf0ec355862e6a4573d2d667303ebe0742f89e171f45673a595b3856fe98,
206396,2607.28185,v1,Noise-Induced Escape from Oversmoothing in Recurrent Graph Neural Networks,Mostafa Haghir Chehreghani,arxiv:2607.28185:lem:uniform_second_moment,H3,c92765520d1b20cc33fcf6b400c1afb9fdd9a4aa52702a401fa51104cf8b13bf,
206397,2607.28195,v1,The Follow-The-Leader scheme with non-monotone velocity,Marco Di Francesco,arxiv:2607.28195:lem:max_min,H2,313ae29d6eeccbad7d07ece61f35539547cea4d648d8269554eb831ba2dac947,
206398,2607.28202,v1,Purifications for Convex Cones,"Felix Campidell, Tim Netzer",arxiv:2607.28202:thm:unique-purifications-subcone,H2,03186dd4fbf6d85feb220920e45c63639e4eb7fb52fdcda60518abb202ec757c,
206400,2607.28245,v1,Euler-type recurrence relations for partition functions with congruence conditions,"Wissam Raji, Hasan Saad",arxiv:2607.28245:lem:cuspparamlemma,H2,d778711ba0bd42b6abb67c0e248960a2dde1e7adbf959471cbd361d513369877,
206401,2607.28253,v1,\bf \Large An improved range for the maximum critically $t$-intersecting hypergraphs,"Lu Lu, Rongrong Lu, Qifan Wang, Tingzeng Wu",arxiv:2607.28253:lem:layer-cake,H3,f9df5cb7b6d2bee59ef7bd4ad6c2677ec5745eec6498d6464721c5fb7cc8b42a,
206405,2607.28303,v1,Obstructions to Spin(7) Nahm transforms on tori,Spencer Whitehead,arxiv:2607.28303:eq:pfaff,H2,1d4e23a04ad131a169c3cb7870894ec698d204b79426d00bde1c6c5b91d6cbbb,
206406,2607.28316,v1,Mixed-identity-freeness and primitivity of group rings,Felipe I. Flores,arxiv:2607.28316:lem,H2,30d21c53b1481ff20ccf8a9ed0dfc101abed631f9552091e62809c469208aaa9,
206407,2607.28322,v1,Nonparametric sequential change detection without partitioning,"Aytijhya Saha, Aaditya Ramdas",arxiv:2607.28322:prop:gaussian-local-witness,H3,ae69ba422be8d427d8aafb6b8a65c43fa1b8add0d0044e7ef255e99bcaf9d419,
206408,2607.28337,v2,$SU(3)$-structures on quotients of $3$-Sasakian orbifolds,"Quentin Peres, Dimitrios Tsimpis",arxiv:2607.28337:prop,H2,a5702695e39fd3489b03734d33a2e91cc64b06a19beec658d13fe8ddbf5c7151,
206409,2607.28344,v1,"REFLECTED DIFFUSIONS,\\ NO-FLUX CONTINUITY EQUATIONS AND\\ CONFINED LAGRANGIAN FLOWS IN BOUNDED DOMAINS",Rama CONT,arxiv:2607.28344:cor:entangled,H3,f7d4a2964fb07a815716b5c10726236b4c2a43320ca8e8b828c78ab372e38117,
206414,2607.28406,v1,Thompson's Group $V$ and Virtual Link Theory,"Micah Chrisman, Louisa Liles, Melody Molander",arxiv:2607.28406:thm:-function_of_positive_type_oriented,H2,020024518ac6f00599ad005ea235baecf4485560a5ba64ddccdabaa4d164afaf,
206416,2607.28413,v2,Windowed thinning and query complexity for the bouncy particle and Zigzag samplers,"Jianfeng Lu, Yinchen Luo",arxiv:2607.28413:lem:bps-count,H3,0be5733c5ed35221c3da7cebd29ff3b1f9306927630d363aa2352ec4692e4f02,
206418,2607.28433,v1,"Vertex volumes, lattice-minima tails, and height zeta functions for the standard arithmetic quotient of $\PGL_d$","Soonki Hong, Sanghoon Kwon",arxiv:2607.28433:thm:sharp-tail,H2,8c6798dfae8c88dba41957c76cba27ddcb0f241a25cf687e7ab7b4323513a50e,
206424,2607.28511,v1,Beyond Hand-Derived Inequalities: Decision Diagrams for Cut Generation in Binary Polynomial Optimization,"Martin Cooper, Margarita Castro",arxiv:2607.28511:lem:valid_antichains,H2,bcae11437655293b85a82464c9c512e24bd46dd76dbc41c8e217efa89eccbeb3,
206428,2607.28597,v1,Nonnuclear Bunce--Deddens algebras,Jamie Bell,arxiv:2607.28597:t:kthy,H2,76902731c889276ce10178245818764fa74c006c7ee6d51838f10cade7edbfc5,
206430,2607.28626,v1,Path to homology of Yang-Baxter operators,Jozef H. Przytycki,arxiv:2607.28626:bin2,H2,a315ee82fb42eaa285bb7b589763b4114517736669ec74fff6ad63a6e4f7f851,
206434,2607.28705,v1,Shadowing and metric expansivity on Fr\'echet spaces,"Xinxing Wu, Guting Wang",arxiv:2607.28705:thm:omega-weighted-shift-shadowing,H3,d123eef0f2a495ef960d6115f9897725ee0e1e2de46014e10caf41bf8bed9950,
206435,2607.28741,v3,Counterexamples to Charpin's Conjecture on BCH codes,"Run Zheng, Yaoran Yang, Yutong Zhang, Haode Yan,, Maosheng Xiong",arxiv:2607.28741:mainth,H3,4e40ed97e03b9d08281006783634362cf6c1dc2a21a2cc0c16bdaeeb302b85eb,
206436,2607.28742,v1,A Kolmogorov fourth-moment bound on Poisson chaos via a martingale core,Guangqu Zheng,arxiv:2607.28742:lem_lsc,H2,5974522b12f76c3ee3eb19596479eef902e5195a4bf2a11bde07b0d943124024,
206438,2607.28785,v1,From 12 to 6: Sharpening the Three-Charge Bound in Maxwell's Problem,"Andrei Gabrielov, Dmitry Novikov, Tomer Novikov, Boris Shapiro",arxiv:2607.28785:lem:four-contacts,H2,e0298e7ad155dcdd9730d619fa1493e81985bd9d49bae722b4cc2e5af8dbdc2f,
206440,2607.28807,v1,Exact Results for the Symmetric Dyson Exclusion Process,"A. Zahra, J. Dubail, G. M. Sch\""utz",arxiv:2607.28807:prop:catalan,H2,4056295ccf74c2f4a91ab8bbd315593ad5ebc3621774eaebf9e7095537fb54a2,
206442,2607.28813,v1,The Multiset Dimension of Graphs:\\ Extremal Values and King Grids,Jaan Allikvere,arxiv:2607.28813:lem:distinct,H3,bc945806a1766a6ed3d3db6c3583472e0e1884727bd5c6ed3b46db06290ededf,
206449,2607.28933,v1,Lattice vertex algebras over a field of positive characteristic: degenerate cases,"Robert L. Griess Jr., Ching Hung Lam",arxiv:2607.28933:sri,H2,37156d542174969dd71430b0d474550b3ce6e7fb22b1f858679e427673793cf1,
206455,2607.29027,v1,Zeros of the generalized Wronskian--Hermite polynomials,"Chengfa Wu, Guangxiong Zhang",arxiv:2607.29027:prop:k4-w-recurrence,H3,aa277371ad19d2edb631e2d9860212ca09e1fb2f235e0c2ef350e92497489a27,
206457,2607.29034,v1,On the Oja-Flow-Based Low-Rank Approximation of Kalman-Bucy Filters for Linear Time-Varying Systems,Kentaro Ohki,arxiv:2607.29034:prop:rotating_a,H3,f49852d2dfd3a03e72456c74f18e3a6eef983c718f17ae1441406b81314a9d7e,
206460,2607.29105,v1,The $N$-Prime Graph Question\\ is equivalent to the Prime Graph Question,Brecht Verbeken,arxiv:2607.29105:prop:transfer,H2,de658f13ff0a59b49dda7c9173ce8f80b2547a029479ff9bc63902a1194b6f78,
206461,2607.29114,v1,Anisotropic Higher-Order Semiregularity of Degenerate Generalized Equations,Tom\'a\v{s} Roubal,arxiv:2607.29114:lem:p-factor-scaled-error,H3,66299ab9376cafda1f9e1d792a83f76e5d82fa82881f31beb60e48ddb2c7233e,
206465,2607.29233,v1,Higher-dimensional symbolic dynamics: A textile framework for $3$-graphs,"Roozbeh Hazrat, Promit Mukherjee, Sujit Kumar Sardar",arxiv:2607.29233:lem-other-pullbacks,H3,704f27ff08f49b3418ad639a6e17c1469d646213b27f969215bfb70afbfaa890,
206468,2607.29270,v1,Iterative Methods for Computing the Moore--Penrose Inverse of Split-Quaternion Matrices with Applications,"Salman Ahmadi-Asl, Valentin Leplat, Mohammad S. Alkousa",arxiv:2607.29270:theorem1,H2,db52c82de53ba391ec9c1d5ad124db1ffcded574eb9965f2a4b15f4f95760cbe,
206469,2607.29272,v1,Temporal Role Colouring,"Jessica Enright, Kitty Meeks, Puck Rombach, Ella Yates",arxiv:2607.29272:lem:1qf-state,H2,cd71299184110adf64c312981ff8fab622f1f8f9733b19f09682570478134629,
206470,2607.29308,v1,Small Resultant Systems via Linear Combinations,"M. Levent Do\u{g}an, Elias Tsigaridas, Zafeirakis Zafeirakopoulos",arxiv:2607.29308:thm:explicit-multivariate,H2,71b2f0d08ea798846eedac69d90f450e36d5a60d48ec050208dbc353605b1dbb,
206471,2607.29311,v1,Bounds on the second Hilbert coefficient and the depth of the associated graded ring,"Clare D'Cruz, Mousumi Mandal, Shruti Priya",arxiv:2607.29311:comparing,H2,035946fea5e9e60c8982ef2db54a3bbc677e3f225aef9c718a45a271017ba555,
206474,2607.29330,v1,Large deviations for the maximum of\\ the generalized TAP free energy,Jeanne Boursier,arxiv:2607.29330:prop:onshell-lower-bound,H3,017fedbbfed0d4a01c15b808465479191cc2f2fa2eb45c31b8d9d09bc7d2d0d4,
206475,2607.29336,v1,Monochromatic cycle partitions in $3$-mean edge-colourings,"Richard Lang, Guilherme Oliveira Mota",arxiv:2607.29336:lem:bounded-colour-core,H2,ecbbaff7afd04ef189e50e93458136eac9f9f2c8c50576b2196095b970f378a5,
206476,2607.29354,v1,\bf Localisation of pseudospectra on discrete groups,"Simon N. Chandler-Wilde, Marko Lindner, Christian Seifert",arxiv:2607.29354:prop:tau1,H2,e0a8874364450898f1a9e62bbc7a4cd3ba3450f92889c3d878fafaba5206f25b,
206477,2607.29366,v1,Definability from Factorised Symmetry in Ultrapowers\\[2mm] \large (Affine Geometries and Beyond),Mike Stannett,arxiv:2607.29366:lem:4.3,H2,c60a0d5dc35e8e0f9b52920b04a630c611b38d967785dad0cb47b7c222d28d87,
206478,2607.29368,v2,Limiting behavior of 2-step nilpotent ergodic averages with polynomial iterates,"Andreas Koutsogiannis, Borys Kuca, Wenbo Sun",arxiv:2607.29368:p:-equidistribution-for-unipotent-affine,H2,05926e3508d070cc453581073c32225f34dde0befdd697886bd2aca7551f5aa9,
206480,2607.29403,v1,Strong invariants and Tverberg numbers in convexity spaces,"Minho Cho, Andreas F. Holmsen, Attila Jung, Hong Liu",arxiv:2607.29403:cor:separable-pq,H2,8d69a412d0b564778884c213df7b9be9a9d6ddb9b12a4a63f8ed113d76ed389c,
206481,2607.29408,v1,Extrapolation-based Direct Search for Nonsmooth Stochastic Zeroth-Order Optimization,A.~Palmieri \and F.~Rinaldi \and S.~Shashaani,arxiv:2607.29408:prop:rosenthal-ass33,H3,02ec91115036fb510e5bb1ca26b0c0bddfb63a1c6a40c99c9c37d174610953e8,
206488,2607.29461,v1,Uniqueness and nondegeneracy of positive solutions to elliptic equations with Robin boundary conditions,"Mengyao Chen, Massimo Grossi, Qi Li",arxiv:2607.29461:lemma3.1,H3,54371d2fdfa6b8f9b1989f93b196ed785be639a8a55b58901a7144c6098db5cd,
206490,2607.29483,v1,Edge-Span Chern Algebras of Graphical Configuration Spaces,Jackson Walters,arxiv:2607.29483:lem:bipartite-conductor,H2,002643990c591e8974861a27984669f953ebf92f2da3fb6438be5c59e713ad3c,
206491,2607.29487,v1,Qualitative properties of eigenfunctions in domains with small holes,"Laura Abatangelo, Massimo Grossi, Ying Li",arxiv:2607.29487:l:improvedl2ve,H3,ea825413e2048bbb66067ae4e10baddc4107390bb2881048aa0e2682896f4365,
206492,2607.29490,v1,Slice and Partition Rank Criteria for Polynomial Zero-Avoidance,"Simone Costa, Stefano Della Fiore, Mattia Fontana",arxiv:2607.29490:thm:distinct-reduction,H2,aa9e8d85091093e85d3f0b5b45aad913d501f98108c6225558582c33a88f29d0,
206494,2607.29498,v1,Asymptotic Minimax Estimation under Global--Local Priors,"Rhitankar Bandyopadhyay, Malay Ghosh",arxiv:2607.29498:lem:exp1,H2,d28c7895054ea33a4ba1c010c54c0065f5569e984bf729846d9576a5d5b3fd56,
206496,2607.29522,v1,Optimal mean width and metric entropy estimates for convex bodies,"Grigoris Paouris, Reese Pathak",arxiv:2607.29522:lem:comparison-result,H2,66a498cad4a9eb1ea4cd6f137881d829dd21a6d25483f897a80d78d9bdc7caae,
206499,2607.29566,v1,The least quadratic residue and \\ integers represented by quadratic forms,"Kannan Soundararajan, Jo\~ao C. C. Vargas",arxiv:2607.29566:prop2.1,H2,b605a7fbc9c62eb18c1879105a430d0d5bd03f7381d2477badaff88ad0a659a7,
206501,2607.29580,v1,The maximum number of Pareto eigenvalues of a real matrix of order four is 23,Samir Adly,arxiv:2607.29580:lem:simultaneous-regularization,H3,a5eab8a0cd0ee46f139f66203c43efec22d248176a4dceb955444ff8ea69bb98,
206503,2607.29605,v1,Dimension Reduction and Asymptotic Approximation of Reactive Transport in a Bulk Domain with a Branched Thin Fracture,Taras Mel'nyk$^\flat$ \ \& \ Christian Rohde$^\natural$,arxiv:2607.29605:corollarity-2-3,H2,dcf544e26c53ee45a1bde1f75abebc6478c79eda670a1d24273a74a268851f92,
206517,2608.00103,v1,"The one-sided unit count of $\F_2[\P]$ at radius four,\\ and an integral separation theorem",Moe Tabei,arxiv:2608.00103:prop:closures,H2,b86f036e12e6c011ada9e2351befc4e2bb149c5521dfb20208fb9896334b91f1,
206518,2608.00115,v1,The Complexity of Mixed Arc-Disjoint Spanning Subdigraphs with Antistrong Connectivity,"Jiangdong Ai, Gregory Gutin, Hui Lei, Yongtang Shi",arxiv:2608.00115:thm:main-2ec,H3,8cf85336938cd99c9f92ad5b89c887553b13e700f3f09ace75ab252e3393d2e2,
206521,2608.00184,v1,Random multiplicative functions with periodic weights,Jeremy Schlitt,arxiv:2608.00184:lem:verif-cond-2-thm-a,H2,ad78d7c8b7bc4b432e4294fa239d78c77c463584e3529b18d993c50708919688,
206522,2608.00188,v1,The quaternionic moment problem,"R. Ben Taher, K. Schm\""udgen, E.H. Zerouali",arxiv:2608.00188:realparth_l,H3,05a721d5a02296eef24842660d8f8f4407b9e1a4cdc53e3742a11e2ec03ed6af,
206525,2608.00222,v1,Counterexamples to the Jacobian conjecture\\ in dimensions greater than two,Shuhong Gao,arxiv:2608.00222:prop:curvefib,H2,735cc0ddb2aa8720d73c3dc8cf9e308ffe8601c1536b412da2a536a847dd7957,
206528,2608.00245,v1,Residual Centering and Error Bounds for Convex Approximation of Mixed-Integer Recourse,Alban Kryeziu,arxiv:2608.00245:thm:k_direction_tv_bound,H3,c17d8cb53e404583f525b4fd7268c177e2f21b6d6180a1023450ef26890e9cf8,
206532,2608.00293,v1,A Phase-Field Method for Curvature Flow of Networks\\ with Triple Junction Drag,Yuchuan Yang \and Selim Esedo\={g}lu,arxiv:2608.00293:lem:asymptotic,H2,466d5affc8f1d6265feb53c43d31737136026ecf65ac13efc187580e4e39357d,
206533,2608.00300,v1,Localization and elliptic motivic relations,Peter Xu,arxiv:2608.00300:lemma,H2,45dff14d670f08f677c9f3efc339e4cfee1e1d9b1b641c5ab6b205cb2836119f,
206535,2608.00347,v1,Ljunggren--Jacobsthal and Bailey-Type Congruences for Rectangular Gaussian Binomial Coefficients,Kevin Calderon,arxiv:2608.00347:thm:ljunggren,H2,78af73fe9a65ec99ee9625b05e47405941bf8cc15427d9d8e5e351fbc9cb5ff9,
206539,2608.00429,v1,Positive rational series for reciprocal powers of Catalan's constant and Dirichlet beta values,Narendra Bhandari,arxiv:2608.00429:thm:h-coefficients,H3,2b00a1b7ec23957e15838c5b81ad382c951b1b132d40280280722feba8a8ee80,
206540,2608.00430,v1,Self-similar solutions of the three-dimensional Muskat problem with surface tension,"Lizhe Wan, Jiaqi Yang",arxiv:2608.00430:prop:finite-order-dn,H3,0a570c853d115c494843a7a804e6fe7ddcfba329f0b422659c674057de45e6fc,
206542,2608.00438,v1,Homogenization of Viscous Sublinear Hamilton--Jacobi Equations with $u/\epsilon$-Dependence,Guyu Jin,arxiv:2608.00438:proposition,H3,d1c06dcb92c349faa22b4d942e67e04ba305cb341d9f974545a3219e7e4642e7,
206544,2608.00457,v2,Balanced Bismut torsion-parallel fourfolds with constant holomorphic sectional curvature,"Qingsong Wang, Fangyang Zheng",arxiv:2608.00457:proprank2,H2,3e3ec4e84876e3c36638520c6110c0e6159e02cc0dac07f75c33569cf20e0ed1,
206545,2608.00482,v1,On the Iterate Convergence of AdaGrad for Generalized Smooth Convex Optimization,"Mathieu Besan\c{c}on, Tung Quoc Le",arxiv:2608.00482:lemma:dynamics-angle,H3,2056e6a7338346233ce1c444cef4295808b5cfd8e970ebed963c3dbd57141452,
206547,2608.00575,v1,The finitude of the fibers of the complementary Bell numbers,John M. Campbell,arxiv:2608.00575:maintheorem,H2,c1d3974e183f66c1f64beb2540881762802bb6e9204b8572d7ada58aa9698e6d,
206552,2608.00594,v1,An Information Theoretic Treatment of Yager's Probability Distribution Negation,"Roberto Bruno, Ugo Vaccaro",arxiv:2608.00594:th:majorization,H2,01774a1e31890552b24e7d915a5fa7895ec34c19c05ff698dfb9a0af09047519,
206554,2608.00601,v1,Symplectic Barnes-Wall GKP Codes:\\Deterministic $O(N \log^2 N)$ Decoding and Logarithmic Rate Scaling,Shanxiang Lyu,arxiv:2608.00601:thm:main,H2,65187c1bcaa64cf0f95a202633fa65700dd7a4c9bf157db1609c4976b3bcc6dc,
206566,2608.00774,v1,Dynamical Canonical Heights and Finite Trees,"Philipp Habegger, Harry Schmidt",arxiv:2608.00774:lem:fninvuniform_new1,H3,cb5bc494d24037e18262bc62ea05cb32093c5b5afcc9c2068bc31be96fe0bc95,
206569,2608.00811,v1,Comparison of Dirichlet forms for stable-like random walks on groups of polynomial volume growth,"Laurent Saloff-Coste, Ruoqi Zhang",arxiv:2608.00811:lem:-dirichlet-decomp,H2,ca420364cf63e5c8cc0f02a548bce6f2eaded5e064b5d4dc886dffcb726b513a,
206570,2608.00838,v1,On the role of positivity preservation for high order approximations of the Dean--Kawasaki equation,"Ana Damnjanovi\'c, Ana Djurdjevac, Nicolas Perkowski",arxiv:2608.00838:cor:moments,H2,975834f68c84cfe6807f5cbc2abe40c3305f8eec259ef8f1e954e8fc5ad9e04a,
206572,2608.00873,v1,Irregularly observed long-memory L\'evy-driven moving average processes,"Mohamedou Ould Haye, Anne Philippe",arxiv:2608.00873:lindeberg1,H2,101fe678e41983045ca2d506865903f76d8ff998100a1534511e271b1e9fdf91,
206573,2608.00878,v1,Goal-Oriented Logic-based Semantic Communication for Neuro-Symbolic Reasoning with Applications onto Autonomous Driving,"Ahmet Faruk Saz, Duo Xu,, Faramarz Fekri",arxiv:2608.00878:prop:q-partition,H2,b7b87632be4316c06402ca96a485530ea7c4fb7de52eeb9c499bd9c14bf436b9,
206579,2608.00913,v2,Quantification in Double-Categorical Database Schemas,Michael Lambert,arxiv:2608.00913:prop:modal-properties,H2,6f949f303e3173783826366f8f016bd85a008f8f21aa43a5035eb47f43bd2753,
206580,2608.00953,v1,Nonexistence for effectively damped waves with time-dependent mass,"Duc An Phan, The Anh Cung, Trung Loc Tang",arxiv:2608.00953:lem:aeh,H2,d8a048150deb11af6116224f4f4c89a1fd9a6126556dc274627bebbf7d8defb6,
206581,2608.00955,v1,Shadowing Endomorphisms of Compact Groups,Dekui Peng,arxiv:2608.00955:thm:abelian-endo-shad,H3,9f0b7c76eacdf46d7610bc5c9cabf5a0afe3b4cb6beba85fcf65e315549824e5,
206583,2608.00972,v1,Exponential decay for the 3D Boussinesq equations with Navier boundary conditions,"Wen Feng, Weinan Wang, Xiang Xu",arxiv:2608.00972:thm:main,H2,62407f363b2b5ae8611e45ac59172c0093f963f9da9423d8f90de4272d61fb72,
206584,2608.00983,v1,"Pl\""ucker coordinates of finite-dimensional subspaces of $\ell^p$ and its direct sums:\\ summability, reconstruction, stratification",David Victor Feldman,arxiv:2608.00983:thm:interval,H2,d37befd696ab54f58ab57f569757786dc0527e77a2d58abb6eea80e8129f56c2,
206586,2608.01005,v1,Hierarchical Solomonoff Induction: An Unbounded Machine Learning Model,Nathan Young,arxiv:2608.01005:thm:enums-of-ums=ums,H2,c5e55f1555753339be073c63e2c86f4b109fd2b4f27eb488efdd6f692ea3eae9,
206589,2608.01044,v1,Quadrangulation moves,Korablev Ph. G.,arxiv:2608.01044:theorem:transforms,H2,bb4b68f864fecb322506f1bb3bf276935aca2107e475e1ea72e62dc775c2a53e,
206590,2608.01048,v1,A new method for constructing a compact and non SI-compact space,"Zhengmao He, Bin Zhao",arxiv:2608.01048:lemma,H3,bc5a8d593a24ac421401f674eaee2f368c760f7a6bfdc3ac8a705c9d852f2243,
206591,2608.01057,v1,\Large Arithmetic of elliptic curves induced by regular Diophantine triples,Nikola Ad\v{z}aga,arxiv:2608.01057:theorem,H2,409082cb119ade38e56f85c111965b6b0b4122ce6f30b42eddd623c77b7e8df4,
206594,2608.01079,v1,The logarithmic p-Laplacian on hyperbolic spaces,"Jorge J. Betancor, Lourdes Rodr\'{\i}guez-Mesa",arxiv:2608.01079:key,H3,a61578d783eebe04ba02c1b835bdb4e098d1492662d1f2031114c8b64e3dc3bd,
206595,2608.01087,v1,Bohr-type inequalities with Fr\'{e}chet derivative and Area terms in Complex Banach spaces,"Nabadwip Sarkar, Pradip Das",arxiv:2608.01087:l3,H3,30176a8f9ebc018ecde6a24df9f61d5f85e30b666eb51fe77192c6f9b7f85441,
206597,2608.01110,v1,Connes spectral distance on twisted fuzzy torus,"Zhi-Kang You, Bing-Sheng Lin",arxiv:2608.01110:lemma,H2,e1f9c3faa8e3606b6a56aa8588d1991cde1d910eadba896339c70e6f1278e2bd,
206599,2608.01145,v1,Pyramidal Compactification of Asymmetric Metric Measure Spaces via Adjoint Transport,Shigeaki Yokota,arxiv:2608.01145:thm:adjunction-direction,H2,1a6e5821cbc91e7ab989298c43c75b7102025dc385f5b362bfec6806c52619d1,
206601,2608.01159,v2,Sharp weighted norm estimates for the positive Bergman operator: the two-parameter case,Benoit F. Sehba,arxiv:2608.01159:cor:weaksharpextra,H2,f3b096de8fbb64e771dcc00ad1c4cfb978a136e4afe429ce4fb23ed2d61857fe,
206603,2608.01171,v1,Fenchel-Willmore-Chen Inequality under Lower Bounds on weighted intermediate Ricci curvature,"Jihye Lee, Guofang Wei",arxiv:2608.01171:lem:weighted-bishop-jacobi,H3,b5e5129895688c25509a0e3fefcb600ebb05d83e13d3b44a0eef5a3832e4c0bc,
206607,2608.01206,v1,On three open problems in zero-sum Ramsey numbers,"Cheng Chi$^{\ast,\ddagger}$ \and Jialin He$^\dagger$ \and Quan Sun$^\dagger$",arxiv:2608.01206:prop:double-zero-sum,H2,41a4af92cf65c556cc5ed414e3769ff7b1b021d4a80ad41a59c3c057b6826824,
206611,2608.01274,v1,Distribution of simplices in the discrete and continuous settings,"Thang Pham, Chun-Yen Shen, Boqing Xue",arxiv:2608.01274:thm:euclidean-codim-one,H3,1dd8abc6dc15debe338e9bcd63cafa445a177b42cfcdf8038140b442f982fce1,
206613,2608.01286,v1,"Holomorphic Linear $\C^k$-Actions, Trace Foliations, and Higher-Rank Poincaré Dynamics","Aubin Arroyo, Carlos Cabrera, Jos\'e Seade,, Alberto Verjovsky",arxiv:2608.01286:uniqueness-transverse-foliation,H3,18cb8975a178cc8dafe09a00d25bd84e7acc6e2319bd4a05ff770be669d4f1a4,
206616,2608.01345,v1,Capacity estimates and improved lower bounds for the inner radius of nodal domains,Philippe Charron,arxiv:2608.01345:lemma:growthmaximal,H2,c6f4c67620d2edf17898a5f8e5dccc29ad4c2c2ee373e2f8e7d6fd3a9e9c2165,
206622,2608.01396,v1,"Three Graffiti.pc Conjectures on Largest Induced Trees:\\ Proofs of Conjectures 141, 142, and 143",Alper Ferudun,arxiv:2608.01396:w142-lem:rooted-cycle,H3,13fa62d29a7c8ad8f385e56fa8fbaaef3d1e9eb4a3b5e011d53375383bac826e,
206627,2608.01440,v1,Local smoothing for rough wave equations,"Jan~Rozendaal, Robert Schippa*",arxiv:2608.01440:prop:kernelestimatesfrequencylocalization,H2,af2db73498e258f22e9ff15808e42264e88f94768bf8c603e8c4d1a3002164ca,
206628,2608.01442,v2,Binary X-rays of doubly stochastic matrices,"Bangzheng Li, Yuewei Liu, Yuan Yao",arxiv:2608.01442:prop:x-conditions,H2,b7732d31b6d77c81fb6eee8fa20fb9f1a472499f3e9b6f36a17f2df68b3f57d9,
206629,2608.01443,v1,Nine-distance theorem and growth of best-approximation denominators,Nikita Shulga,arxiv:2608.01443:thm:growth,H3,e51662b76b3ddc1627d6b5cf584d06dea4ca386b1637cc57493ecf9ec215a555,
206631,2608.01461,v1,Automorphic de Branges - Rovnyak Spaces,Alexander Kheifets,arxiv:2608.01461:lemma,H3,ebd49e35ba46e708ffcd3589ea7b3150adb2e6da7bb0147b66edf6565128b856,
206632,2608.01474,v1,"A uniform decomposition theorem for invariant differential operators on imprimitive complex reflection groups $G(r,p,n)$","Jean Kabor\'e,, Ibrahim Nonkan\'e",arxiv:2608.01474:cor:twisted-invariants,H2,466771766c46142ddeaf9e997b95020a5d960471aae276542de5836b82a0ecc5,
206638,2608.01523,v1,A quantitative container characterization \\of one-sided testability,"Gaia Carenini, Cameron Seth, Yuichi Yoshida",arxiv:2608.01523:thm:removal-container-equivalence,H3,51092ca32323ba98dc34cceb84d14d5f0f897a18c77bcd8cb44d9d20166ab173,
206641,2608.01569,v1,Analyticity of Lyapunov Exponents for Mixed Markov--Quasi-Periodic Cocycles,EL Hadji Yaya Tall,arxiv:2608.01569:lem:operator-bounded,H3,49f60959a59eb4467c937120e05ded8190e4fc7859f6935214434485d6b45f27,
206643,2608.01595,v1,Finite abelian subgroups of algebraic groups,"Danny Ofek, Zinovy Reichstein, Federico Scavia",arxiv:2608.01595:lem.t(g),H2,2c3d291c8f20ffb14a5c04a511f707b06f1ad1a831fd953b98b4ff8072be28b5,
206648,2608.01700,v1,Monodromy action on character varieties for Lefschetz pencils,Ishan Banerjee,arxiv:2608.01700:framedense,H2,4acaf10a43f2bbc6b30e4bba593c8fa372efcbc3ed5abf1253ee6cdf41a562f6,
206651,2608.01872,v1,Generalized solution and Weak-Strong uniqueness for a barotropic Euler-Riesz system,Nilasis Chaudhuri,arxiv:2608.01872:lem:generic,H3,10a71fe3e00c21339dae952ed10efa44d48426340fb19efaf6dc3797d58b2bbb,
206653,2608.01884,v2,Powerful multiplicative groups do not force right nilpotence in finite braces,Brecht Verbeken,arxiv:2608.01884:prop:kernel-graph,H3,8c2d2fab2c151d298f56c6c092d6c1db2dbe2cac9a5a9155256746afa755dabf,
206661,2608.02033,v1,Unified theory for regularity persistence of vortex patch boundaries,Marc Maga\~na,arxiv:2608.02033:lemma:canvivar,H2,bd5e112d9d3cc2b389e103b606fb5268ea8559b9185e03fd9ade9c8a0283276f,
206664,2608.02066,v1,Every quasiperfect number has at least eight distinct prime factors,"Akira Toyohara, Ye Tao, Siqiong Yao",arxiv:2608.02066:lem:disc,H2,8fb7ab2561c8fafe418805b1129c120d3c36893e717f9c60db304366d79550db,
206665,2608.02071,v1,Feed-Forward Steering in Transformer Residual Dynamics,"Timur Mudarisov, Mikhail Burtsev, Radu State",arxiv:2608.02071:supp:prop:stab,H2,bfb803a8745b0b3453adb76a3067eeab82443526b7531d5feb84216aab6044d9,
206670,2608.02107,v1,The P-Vertex Problem for Graphs with Perfect Matchings,"G. Arunkumar, U. S. Jerisha$^{\ast}$",arxiv:2608.02107:thm:main,H3,0a3c1e54947a750a051f08322335e8676d2f9c24c9e7437471d67f991cac011d,
206672,2608.02120,v1,The Primitive and Diamond surfaces locally minimize the variance of Gauss curvature,Hao Chen,arxiv:2608.02120:lemma,H2,b32e3032b48a9cd4226129931ac9f6fa3dba2dacd22045b2597125c7ddbacb01,
206679,2608.02233,v1,The Fr\'echet derivative is in the first Baire class,"Eva Kopeck\'a, Lud\v{e}k Zaj\'{\i}\v{c}ek",arxiv:2608.02233:osc,H2,928c4b520ba67f287a65f2414a360bc9a591bd3454c593989354bbf1139cfab6,
206686,2608.02381,v2,An intermediate conjecture between Goldbach and Dubner:\\ every even number is the sum of a prime and a twin prime,Tushar Pandey,arxiv:2608.02381:thm:romanov,H3,d5e1a34192719da235d29f01c5a6ea8115928131c0a655a6765acbf98ba90b22,
206767,2608.03526,v2,Spectral and Pseudospectral Approximation of Finite-Interaction-Range Operators in Doubling Metric Measure Spaces,Mattes Wittig,arxiv:2608.03526:thm:pseudospectrum-nonnormal,H3,d4852cf3a4e2fb842972a7ae2001c51955c1da33ae84b21d19a4ff9f67ed2240,
206787,2608.03819,v2,From $b$-Coloring to $b^*$-Coloring: Large Girth and Parameterized Complexity,"Jakub Balab\'an, Oliver Bukor",arxiv:2608.03819:thm:girth7,H2,d7e401158514ff9a113e1caa18ad3931b2b6fbe0bbd46995c67488f1242d8c84,
206799,2608.03956,v5,From Triangular Array Progression\\ to Near-Log-Concave State Transitions,"Levent Ali Meng\""ut\""urk",arxiv:2608.03956:mainlemmaone,H2,943844a2b195523919f6d04d291b6e54ec480ecd21a94155d306fdd5fb95ad8d,
206804,2608.04117,v2,A Coarse-Lipschitz Embedding of $c_0$\\ into a Separable Dual Banach Space,Bunyamin Sari,arxiv:2608.04117:prop:parent-edge-basis,H2,cd61feacdc5d916f33608c3c844a3da3c52b0ea5dd236e7c68ee90a5da678001,
206875,2608.04873,v2,Adelic framed form class groups and explicit class field theory,"Ja Kyung Koo, Dong Hwa Shin, Dong Sung Yoon",arxiv:2608.04873:comm,H3,f70a2ebb352fd1791ab7e62d5bfcb38831da6a25bfe7a7453136a74d71e70920,
206909,2608.05192,v2,Extensions of several famous combinatorial identities via hypergeometric functions,"Arjun Kumar Rathie, Feng Qi, Dongkyu Lim*",arxiv:2608.05192:5.1thm,H2,fac7516279fa3b690118de9678aeca8ce18c739dad7d8e202d021777cacf102b,
206919,2608.05366,v2,Subexponential Bohnenblust--Hille Inequalities\\on Finite Cyclic Groups,"Daniel M. Pellegrino, Anselmo Raposo Jr",arxiv:2608.05366:prop:coarse-bound,H3,56b0fb2f9d7283a44517562dd6b633ef3770399477e401cf4ad97525d799b883,
206957,2608.06054,v2,Strong Weil Degree Divisibility at Higher Levels,"Daeyeol Jeon, Yongjae Kwon",arxiv:2608.06054:thm:denominator,H2,1204a60848aa3dfb8183ab22a06aa01f8589fc5e0c3e46e26ceb0da46a1ae120,
206968,2608.06222,v3,Nonsofic wreath products of residually finite groups,"Gabor Kun, Andreas Thom",arxiv:2608.06222:thm:permutation-centralizer,H3,d949e010d3a49e80233db6aa780c60a86a562f02079d04f4f4b53686dbe014e0,
207000,2608.06470,v3,The Zaporozhets–Tarasov Conjecture on Mean Distances,Eric Shen,arxiv:2608.06470:lem:upper_bound,H3,302074d7b4c23eb24360dbb4ae41c0d6edc5299d8e1b0785cfaba995e50ba11d,
207025,2608.06696,v2,"Relative interval tilting, higher Auslander staircase corners and rational Dyck posets",Shengyong Pan,arxiv:2608.06696:lem:kan,H3,22945d6940de882bfe5b838fc499fe275141d7230c2963a446b17da2b290e6ac,
207067,2608.07262,v2,Primitive Polynomials of the Form $g(x)+\lambda$ over Finite Fields: Non-Existence Results and Conjectures,Avnish K. Sharma,arxiv:2608.07262:p4.1,H2,6c1336cdf348110be2822ec4a40ed11f6d1f68561c9206c59fd45c0f22a2efe6,
207068,2608.07263,v2,Diagonalization of the Toda flow for \\ arbitrary isospectral symmetric matrices,"David Mart\'inez Torres, Carlos Tomei",arxiv:2608.07263:thm:main,H2,55a662dab7390b435b458d540bfd5edd67971b489fd8a513164e20f93dcc2c3b,
207090,2608.07479,v2,Marginally Useful:\\ An Information-Gap Identity in Split Conformal Prediction,Peter Cotton,arxiv:2608.07479:prop:gap,H2,5716dcb52ee07f292f642c81ba3646eb5592c9dbb85f0c5cb981cdc0fa2f97d7,
207123,2608.08004,v2,On holomorphic submersions with biholomorphic fibers,Serge Lvovski,arxiv:2608.08004:lemma,H2,e3c6ca09bde5ed2162df532066caa39209e7c1cb312f05fa5ab1736d56ab7262,
207144,2608.08262,v2,Equidistribution for Semiabelian Varieties over Number Fields,Wei Xue,arxiv:2608.08262:thm:local-trivialization,H3,8771ec734aadb261f8a81b1ff0a089b48b1fb9034574d4ea8d3ff50fc8413d5b,
207162,2608.08461,v2,"Isometries in the symmetrized bidisc, II",Armen Edigarian,arxiv:2608.08461:lem:metric-derivative,H2,b2258e89370decb97d9c21f75bf2cc58b4847e5d623c1959eb95283c2feb483e,
207186,2608.08756,v5,Infinite-Dimensional L\'evy Area and Spectral Ancestry,Guangqian Zhao,arxiv:2608.08756:cc:thm-localized-exterior-lift,H3,45bb8c1b4d596a2037d5cd40aac0f68852faade1788327fa1821424d346f36f1,
207190,2608.08781,v2,Sasaki with torsion manifolds and string backgrounds,"Beatrice Brienza, Anna Fino, Udhav Fowdar, Gueo Grantcharov",arxiv:2608.08781:thm:swt-pluriclosed,H3,55b2412876f1bcb16b8dd09e5324da68823f6fcb06a10bd4b677a6a393460885,
207202,2608.08928,v2,An observation on factorizations of finite groups,George M. Bergman,arxiv:2608.08928:t.main,H2,1c37052188e4e0604bcd6763213d49fba47e7ff689930a4cd20b9b1db86a6e49,
207215,2608.09113,v2,Critical $p$-Laplace equations with monotone coefficients: Liouville classification and a Schoen-type Harnack inequality,Yi Ru-Ya Zhang,arxiv:2608.09113:lem:unique-tangent,H3,885efdf735f7fb18c558ca4c56d8e402651a0012b57197edce8aa419e8ddd668,
207216,2608.09115,v3,Quantum Bicycle LDPC Codes with High $kd^2/n$ from Divisor-Driven Search,"Liangdong Lu, Guanmin Guo, Yang Liu, Ruipan Yang",arxiv:2608.09115:prop:k,H2,f69a7e4087f2897e4c42cb3212dad70f9d0494cf7d78ac01e006614d32d73ed3,
207258,2608.09619,v3,"Schur polynomials twisted by roots of unity and reciprocal pairs: exactly three factors, and where they vanish",Carles Mar\'in,arxiv:2608.09619:prop:a1gen,H2,5336c5705275fb053e0b2f54ad383a57ee820372f2cd9c0e8af6809e65563e9c,
207271,2608.09770,v2,Caged subsequences in permutations,"Niranjan Balachandran, Omkar Ramdas, Umesh Shankar",arxiv:2608.09770:expectation,H2,87ca14ec1dfee39607d1c61f233bbf36d6cfa9becd6b9f9983e3c7435249440d,
207279,2608.09870,v2,Logarithmic-Free Moment and Generalization Bounds for Uniformly Stable Algorithms,"Thanh Nguyen-Cung, Binh T. Nguyen",arxiv:2608.09870:prop:transfer,H3,9858f1305e8911546886c0daece0e7b192b1ddb525b3b1e592711050043721ac,
207280,2608.09878,v2,Eigenforms and special holonomy,"Bobby Acharya, Luc\'ia Cabrera, Simone Corbo, Jason D. Lotay",arxiv:2608.09878:prop:hk.ale.1forms,H2,c5d715c507d0e148febab9a896e8eedaf84fded86b4cc253ff9e6ff20beed68d,
207302,2608.10121,v2,Classification of Fourier summation formulas on a horizontal strip,Guilherme Vedana,arxiv:2608.10121:thm:bridge,H2,f9d304d997a24f2858dcaaeee56d8bda2fe63417149e07b80eaa2551896bb658,
207331,2608.10515,v2,Limiting Law of Local Fields for the Mean Field Ghatak-Sherrington Model,"Yunhui Chen$^\star$, Keaton Fierro$^\dagger$",arxiv:2608.10515:lem:onsager,H2,790e0b4e32c1e4faa6f2270ffb4fb02c3913e82740782a57c4a58df1ed25f68e,
207332,2608.10516,v2,Richardson volume models for skew Schur and skew Schur $P/Q$-functions,"Khai-Hoan Nguyen-Dang,",arxiv:2608.10516:thm:ordinary-skew-support,H2,e68c5011d563fbb89ec9399114a582a64ff3738aded65f48267332510ea32c2a,
207345,2608.10713,v3,Uniform discrete Poincar\'e inequalities for Hybrid High-Order differential forms on polyhedral meshes,Silvano Pitassi,arxiv:2608.10713:prop:functional.cochain.isomorphism,H3,c4b91d3637384bc1061ecc55195099526a23b446f259019ec8c01d9eef3950dd,
207383,2608.11046,v2,Foliation by bi-rotational self-shrinkers in Euclidean space,Junyoung Park,arxiv:2608.11046:derivative-bound-for-trumpets,H2,2d6519264039d65ec2872c28da62b069c232779630228f261b2ebcf067760648,
207396,2608.11170,v2,Eigenvalue growth of the discrete Hodge Laplacian across dimensions,"Philipp Bartmann, Matthias Keller",arxiv:2608.11170:claims,H2,d51f66a6cb4921c40f881dd8b81b88b442df79052cdd859dddc5e4d26d2e81c3,
207432,2608.11614,v2,Galois Symbols for a Jacobian and Multiplicative Groups,"Toshiro Hiranouchi, Rin Sugiyama",arxiv:2608.11614:lem:decomp_ch,H3,8854f28b83fa202700469746b5d9adeb848e93d42640535ec82d436a6e6cb150,
207440,2608.11764,v3,Schur--Riesz Refinement for Variational Approximation,Matthew Francis Dixon,arxiv:2608.11764:thm:mixed-near-oracle,H2,224287cb7e5bebce1a2728f6040a70bb8a2720ee3dede3d39cc88ee94569a465,
207459,2608.11935,v2,"Possibilistic inferential models, induction, and the rule of succession","Ryan Martin, Shih-Ni Prim, Max Raner, Jonathan P. Williams",arxiv:2608.11935:prop:monotone,H2,4369a4019eaa1dc986785db6e024662aa944f13df87e35e6634d55a2da6d362f,
207496,2608.12316,v3,Near optimal three-fold additive energy bound for points on convex curves,"Adam Cushman, Ciprian Demeter, Shukun Wu",arxiv:2608.12316:lem:projection-estimate,H3,80fa97cac06ea12b31796b3fc2345f05cfeb8edf84fc70fda91439a2bad12f9c,
207577,2608.13273,v2,A Finite Automaton Approach to Combinatorial Games,Kai Liang,arxiv:2608.13273:line_dfa,H2,a3b3ad652b1eed36784ed8ceb6d00ca29b77d90ac4f368e22230499a439381eb,
207588,2608.13397,v4,Polynomial gaps below linear growth for Kreiss bounded semigroups and operators,Loris Arnold,arxiv:2608.13397:thmumdpolynomialgap,H3,def93abdb40d5c039571547add224391cb37527da10b9f0cd5c7e4e0de90d4ab,
207594,2608.13487,v2,Hit-and-Run Mixes as Fast as the Ball Walk,Ruizhe Zhang,arxiv:2608.13487:lem:log-affine-local-overlap,H3,85d83d96870ac0cd8404625723d16c3ccd6cb19d62862707dbe2c14a62ebb7c7,
207613,2608.13782,v2,The Sharp Dimension Bound in the Johnson--Lindenstrauss Lemma,Vishesh Jain,arxiv:2608.13782:thm:psd,H3,5616ac03cbeeba40701121a769e20a0d4671a2398b558be1e0dc7d94667967b6,
207618,2608.13869,v2,Exactness and Drinfeld--Sokolov Realization of the McRae--Yang Tensor Functors,Shun Xu,arxiv:2608.13869:prop:natural-on-projectives,H3,bf6ed812eeba6ab74cb8f32e623bc27dfa0489be05cfe71d415890d6acd6cae6,
207647,2608.14223,v2,Minimal Equiangular Hyperbolic Polyhedra\\ in the Tetrahedral Range,Andrey Egorov,arxiv:2608.14223:lem:reflex-patch-crossing,H3,9d694eac013266a3ee5072cb48e9b48360df5013850a6b8db593c588f66194fa,
207651,2608.14241,v2,Ratio of sum of digits functions in two bases,Pascal Jelinek,arxiv:2608.14241:main_thm_dep,H2,b67730762b8d3f4cf80027d08c95d9bfd617c555893ef42f1f3caf2210ea997b,
207665,2608.14369,v2,Non-Shattering at and Above the Dynamical Temperature in the Spherical Pure \(p\)-Spin Model,Taegyun Kim,arxiv:2608.14369:prop:general-p-marked,H3,2af24846880e22914b2db5fa442bef910ec78467be0b9d2de5e68e872f743052,
207671,2608.14444,v2,Almost isoclinic Lagrangian submanifolds,"Tang-Kai Lee, Mu-Tao Wang",arxiv:2608.14444:lem:t2,H3,90fbc138d18fda1ba9a32c369cdae6d4984cbc2b40bc75ecd64a58100824aa21,
207672,2608.14467,v2,Near diagonal additive energy bound for points on algebraic surfaces,"Yifan Jing, Shukun Wu",arxiv:2608.14467:lem:-wall-energy,H3,aa735f7a44e3c9914b19bc75b8684af4397a7cd1fba36dbc7081110cc56d67bf,
207674,2608.14507,v2,Universal Volume Growth Bounds from Positive\\ Intermediate Curvature,Gioacchino Antonelli,arxiv:2608.14507:prop:rank-improvement,H3,a42913695c1e0bce3683e7e8bfc6a1121f022e5b592a8ab080d0d97eb1b2798e,
207694,2608.14862,v2,On the Positivity of the Products of Positive Primitive Forms,Yuhang Liu,arxiv:2608.14862:prop:explicit-nonag,H2,363613a1d559e5d2768dc7f2b93c72e0f0ba6f5c67338d3150c84e08695ed5f8,
207748,2608.15444,v2,Eigenvalues of locally positive semidefinite matrices: Non-convexity and Geometry,"Jose Acevedo, Grigoriy Blekherman, Sebastian Debus, Seokbin Lee, Cordian Riener",arxiv:2608.15444:prop:-equivalences,H2,510d0b350eb9fbdaf05efc4523b914d417be1de86f836b73cdca590fd04b6607,
207763,2608.15585,v2,The Holonomy of Optimal Mass Transport:\\ The Smooth Case,"Mahmoud Abdelgalil, Tryphon T. Georgiou",arxiv:2608.15585:prop:bracket,H2,983af4fb825a0cec2952c6d544686e068aa1eb90f0541a0d855ec19b0ac8ca9f,
207798,2608.15947,v2,On the residual Eisenstein cohomology of unitary groups,Harald Grobner,arxiv:2608.15947:prop:nonempty-p2-example,H3,4aaed4f9ce09b10838e047123d9836f9dc8f695d9be3fd9b4980755d45aa2f5b,
207802,2608.16037,v2,Counting Lattice Points in Minkowski Sums of Cross Polytopes,"Ziyi Dai, Qilin Hou, Zhiyuan Liu, Warut Thawinrak, Hongyu Wang",arxiv:2608.16037:lem:slicing-root-polytope,H2,69513e9df0313b1432c62b7c44348b1d896952eb68e6abd32e552cc15d0cab70,
207816,2608.16243,v2,"Gradient H\""older regularity for singular fractional $p$-Laplace equations",Chao Zhang,arxiv:2608.16243:prop:coarea-weak-linearization,H3,f9e06d14d010f75531e4bde0c6b49e076d7dfb54520c4c91256956768ab2a2ae,
207845,2608.16692,v3,Infinitary positive existential normal forms for modules,Rishi Banerjee,arxiv:2608.16692:lem:proj-atom,H3,65561da5cf0adadb755f819ad11d270c53d126f7478e4322f813877285fc7a22,
207864,2608.16942,v2,On the Cauchy-Hamel Continuity of Real Functions,Gabriel Istrate,arxiv:2608.16942:thm:cons2,H3,73fe6ec4d9ed3d4c3233adccde2a5fab49e6f87a3aac6a740dee902d69d97344,
207875,2608.17157,v2,Robust High-Order Projector-Splitting Integrators,"Shiheng Zhang, Jingwei Hu",arxiv:2608.17157:lem:bounded-generators,H3,f2a65defe23057cbc4afc9d96ee507ac41d84ac91d667e7f3175b523830bb42b,
207918,2608.17654,v2,Infinite Subtraction Games with Periodic Outcomes and Aperiodic SG Values,Kai Liang,arxiv:2608.17654:main_prop,H2,fa590b5f66fad2c01805328cd7f8fd0ef3b7ab99893ccf656a5fb7374f779e02,
207921,2608.17674,v2,Representations of twisted quantum affine algebras,"Juan Camilo Arias, Vyacheslav Futorny, Kailash C. Misra",arxiv:2608.17674:thm,H2,afb73329866659f845f172ab0b327bf4dd41b1a1db4156d374c12723832285e8,
207963,2608.18053,v2,A Complete Classification of Complex Hadamard Matrices of Order Six,"Mateo C\'ardenes Wuttig, Joseph Tindall",arxiv:2608.18053:lem:rowcolumn,H2,7460a6c3342ab01357b1ce7c7d13435af99c490c3a2f495359d1ee97643de38d,
207968,2608.18123,v1,Learning the Center and Radius of Wasserstein Ambiguity Sets for Data-Driven Decision Making,Junjie Guo,arxiv:2608.18123:thm:convex-reform-general,H2,5887363fc520d5f8bc85c28244e7a186c452d4b4c88399ee7721828421a06efb,
207970,2608.18128,v1,\bf Nearest Graph Laplacians with Prescribed Connected Components: A Convex Framework for Network Reconstruction,"Udit Raj, Sudeepto Bhattacharya, Prince Kanhya",arxiv:2608.18128:theorem,H3,b70091c0d119def636e65513d17670c17242d2afab0c9d5109c2009ad26b28d5,
207971,2608.18134,v1,The Hodge conjecture for Fermat fourfolds of odd degree at most 199,Rifat Jumagulov,arxiv:2608.18134:lem:descent,H2,160b6415c0a28c126bc2f0295593be15bd4df11855893f06645f05c2a273166a,
207974,2608.18147,v1,Entropy-Constrained Adaptive Stochastic Quantization,"Ran Ben Basat, Yaniv Ben-Itzhak, Michael Mitzenmacher, Shay Vargaftik",arxiv:2608.18147:lem:timesharing-frequency-convex-hull,H3,06c88fa3703f78ca24133c724989119d1bb34f58e27a98047a63ad144d6de7cf,
207976,2608.18231,v1,Second-Order Asymptotics for the Gaussian Multiple-Access Channel at Corner Points,Vincent Y. F. Tan,arxiv:2608.18231:prop:excep_likeli,H2,57f5069d9b2cfdca353934e626bc36da6ecd766d18470000399b5bd8b658173f,
207977,2608.18237,v2,Sobolev Regularized Score Difference Estimation in Diffusion Models,"Chenghan Xie, Jose Blanchet, Renyuan Xu",arxiv:2608.18237:prop:-approximate-of-clipped-nn,H3,ac806ceee08bd026aecac49fe9467b0400d189ca45341abc0896f799e2336635,
207979,2608.18286,v1,How far are $d$-dimensional copulas with uniform $(d-1)$-marginals from (total) independence?,"Damjana Kokol Bukov\v{s}ek, Nik Stopar, Wolfgang Trutschnig",arxiv:2608.18286:thm:maind1,H2,5640cd6e90a94bfc13d63e4f43f800b4054b3caf00bd8a9a489276ff6aae52ed,
207985,2608.18350,v1,Sharp Transitions for Localized Solutions to a Diophantine Inequality,Ataleshvara Bhargava,arxiv:2608.18350:lemma,H2,b31cb455067a553ff5edcbec176690fc8e00a4672a579a7dd4645459ab6215dd,
207986,2608.18356,v1,Mean Value Estimates for a Real-Exponent Analogue of Waring's Problem,Ataleshvara Bhargava,arxiv:2608.18356:lem:meancasegen,H3,256ab81380c05e341a3a51afe7b8c89a6b058d976d5fe6faf34dcf2b87cd8416,
207987,2608.18380,v1,Direction-Adaptive Plane-Wave Discontinuous Galerkin Methods for the Helmholtz Equation,Shelvean Kapita,arxiv:2608.18380:prop:mixed-control,H2,2ba1bf389ea8c922691f0658043835a864b695bf79bd8db44c39e933e3ea80a7,
208028,2608.18818,v2,Lonely Runners over Function Fields: Quantized Phase--Riesz product,Xiyu Hu,arxiv:2608.18818:prop:compression,H2,d10a781a4bf2524748e6e885718beccb2525efe76a1d6186babb89e1d9574c9c,
208069,2608.19196,v2,An improved volume bound under Ricci and scalar curvature lower bounds,Kwok-Kun Kwong,arxiv:2608.19196:thm:continuum-shuffle,H2,dc5631c29afb23aa2490d8c320265e932a098c99c42d08ff0fe21b29692e8abd,
208070,2608.19233,v1,Microlocal analysis of non-linear artifacts in cone beam CT,"James W. Webber, Alexander Katsevich",arxiv:2608.19233:log_sing,H2,155e2b67337b57f3454b30dc005a896b69a3d7f081469bbe5d1f8140a2495f9e,
208074,2608.19256,v1,An Algebraic Approach to the Fundamental Theorem of Algebra,"Priyabrata Mandal, Sajad A. Sheikh",arxiv:2608.19256:euclidean-is-quad-closed,H2,373ca78e53647e94a0e461e5e880205c9c6cc9f1fff67cb7625ff86a59794ace,
208075,2608.19276,v1,${}_5F_4$ evaluations and a family of $\pi^2+\log^2$ identities,Cetin Hakimoglu-Brown,arxiv:2608.19276:lem:landen,H2,da1eb1369b565d96729e3de88c7d705643c9037ee214ef6d0871983e516fce09,
208077,2608.19340,v1,The liquid drop model with a Yukawa potential: existence of minimizers and sharp stability of the ball,"Lia Bronsard, Kenneth DeMason,, Ihsan Topaloglu",arxiv:2608.19340:lem:characterization_g,H2,8bdadfd3adb1eb1d229eb1dee21bdb27b37578e78de47de8799b54101a8085e0,
208078,2608.19345,v1,Counting thresholds for perfect matchings in hypergraphs,Strahinja Gvozdi\'c,arxiv:2608.19345:thm-ent-div,H2,9c236046e42241922fa599ae0e8ba573ce7aace8f6264177903f3eb8477fbab8,
208079,2608.19354,v1,On the Finiteness of Isolated $j$-invariants for $X_1(N)$,Abbey Bourdon,arxiv:2608.19354:lowerboundprop,H2,afb8a30a468df6015ec19f2f40a37bd7c96603666de769e4023d5a40f2a59ff8,
208080,2608.19358,v2,An optimal Poincaré inequality\\for the complex Ginibre log-gas,Djalil Chafaï,arxiv:2608.19358:le:projection-geometry,H2,e921f175544088e0507a91dc6342d1bfa37ff61b819126af66fe6f5faa8b4ac1,
208081,2608.19360,v1,Hodge Coercivity and Global Dynamics in Two-Field Edge-Cochain Systems with MHD-Type Cancellation,Moses Boudourides,arxiv:2608.19360:prop:toy,H2,5ecde0959e60b8d3c5569884320dce578a65fa1e56164e6eb14d90dc4b794bff,
208083,2608.19369,v1,Linguistic Holonomy and Statistical Watermarks:\\ Inner Geometry of Meaning-Preserving Transformations,Daniele Corradetti,arxiv:2608.19369:prop:holonomy,H2,df83199aae6ca25e3543ebfc7d4305459f0194a8a81fc6f75b9bd792796d1742,
208085,2608.19384,v1,"A high-order, meshless, Lagrangian--Eulerian RBF-FD method for advection--diffusion--reaction on moving manifolds","Matthew Lowery, Grady B. Wright, Varun Shankar",arxiv:2608.19384:thm:approximate-normal-tangent-rbffd,H2,9ad7413175c06b54d3cc626569ab439830c01de41a03baac55e81591b676ac65,
208086,2608.19393,v1,Outer contact billiards,Ana Chavez-Caliz \and Connor Jackman,arxiv:2608.19393:lemma,H2,fd42a1a5d6e17561461e058f1598d57bf3b5376b193fc33014854df6934c867b,
208089,2608.19451,v1,Factorization and Atomic Decomposition in Hardy-Orlicz Spaces on the Upper Half-Plane with Applications to Hankel Operators,"Jean-Marcel Tanoh Dje, Justin Feuto, Beno\^it F. Sehba",arxiv:2608.19451:pro:mainqaq2aop,H3,967e5d67f2632cc7e3c3ccdda4df46f4d59b9ae3d086d3089bc33b10590a819e,
208090,2608.19457,v1,Equidistribution and thermodynamics at infinity,"Godofredo Iommi, Felipe Riquelme, An\'ibal Velozo",arxiv:2608.19457:thm:prob,H3,67f3ad1d8e8dd55f919b6f973b2fe9b4e9c870d13675ff9da95ab770908612bb,
208092,2608.19467,v1,The minimum of the graph likelihood,"Simone Severini, Eric W. Weisstein",arxiv:2608.19467:lem:greedy,H2,a0f7d9e36d804dab5e3e62acea850df404058a9ef70483f7bf2c8ba3f06cd8ff,
208120,2608.19733,v2,Real polynomials with given multiplicities of real roots: Complete conjectural description of homology,Boris Shapiro,arxiv:2608.19733:thm:second-main,H2,31d78edf9e500e3ddf914c9b38a4a659791302bbf3b72b86d41c05d6793ff55a,
208121,2608.19742,v2,"Ribet Points, geometric divisibility sequence and order of reductions on semiabelian varieties",Khai-Hoan Nguyen-Dang,arxiv:2608.19742:thm:main,H2,2eae3f9d2248c2222e92fb3d823f2f3db3744c412528474c2b5fa46a1dfb8800,
208135,2608.19872,v3,"New upper and lower bounds on covering codes $K_q(n,R)$\\ for alphabets of size $5\le q\le 21$",Mark Marosi,arxiv:2608.19872:lem:cert,H2,5a6f5d15f2cff4aae7f98cee5ddf310600d65a06682c7dc7ef1b8501bfa6dca6,
208139,2608.19972,v2,"Exceptional sets for compositions involving Euler's function, the sum-of-divisors function and Dedekind's function",Aimin Guo$^{*}$,arxiv:2608.19972:lem:second-moments,H3,d190841b2f86411f922e455ccddc2701c85ac462593947b4efb9a81c0709c351,
208148,2608.20029,v2,Universal torsors over quartic del Pezzo surfaces and stable rationality,"Yuri Tschinkel, Zhijia Zhang",arxiv:2608.20029:prop:cubictypei3,H3,5ff2cf38aed2c3ae3fc7802609154c3c52fc57b1d9378daa9cd186c66c10f0c1,
208163,2608.20215,v2,On the proof of Bray's conjecture,"Xumin Jiang, Mingxiang Li, Zhehui Wang",arxiv:2608.20215:theorem,H2,79f4a55bb33228b196c4c3b9b85cada0b857dab26d2cbee61c592631be1b8eea,
208168,2608.20266,v2,Necessary conditions for deterministic and stochastic maximal regularity,"Emiel Lorist, Jan van Neerven, Mark Veraar, Lutz Weis",arxiv:2608.20266:lemma:timeintervalsp,H2,de497588a87a35cac911258e6bedad605372ba2afa0c9119a271bed59bb9904c,
208181,2608.20507,v1,Sharp Asymptotics for Abelian Covers of Groups with Bounded Noncommutativity,Guillaume Lecomte,arxiv:2608.20507:thm:pgroup,H2,8dae80e17a4bb23b0edf2fbf3686c8b41c3e7aba12f8c1f557fb672ff13aaa98,
208183,2608.20542,v1,Regularity of Symbolic Powers of Co-Chordal Edge Ideals,"Chwas Ahmed, Mohammed Rafiq Namiq",arxiv:2608.20542:proposition,H2,ee730c10ed793f2f312eed9a1e24fb7863fa71a8ee60ecd8c46873c300652f63,
208186,2608.20567,v1,$N$-Koszul algebras of finite global dimension for $N\geq 3$,So Nakamura,arxiv:2608.20567:seqp,H3,c3dd9dee59d6dee8c15c4d96f9641a02032fa8d86b3be919df70bda5f1eb563e,
208187,2608.20577,v1,"The Schr\""odinger Ornstein--Uhlenbeck flow: dispersion, restriction and nonlinear dynamics",Nicola Garofalo,arxiv:2608.20577:p:main,H2,b23297870ee6ecd6cc1127238dd88f1bbec0adc82de8b435e24e15cf1079607b,
208189,2608.20588,v1,"Fujiki Class $\mathcal C$ Varieties and a K\""ahler Criterion","Christopher Hacon, Yi Li, Lingyao Xie",arxiv:2608.20588:lemma,H2,99ad4ce66bd8321b8894623542585f21be7b3199ebdde536abb17e9eaf8835c3,
208196,2608.20665,v1,The Landau--Dirac operator with shell interactions: \\self-adjointness and clustering,"Badreddine Benhellal, Vincent Bruneau, Pablo Miranda",arxiv:2608.20665:spec_h,H2,d846e2b231e4272753e5982fbbbf2fdf5022b1ae2c915ee8c5e07d0fefca57be,
208200,2608.20689,v1,"On quantum channels: extreme points, topology, and categorical properties",J. M. S. T. da Silva,arxiv:2608.20689:proposition,H3,3506f652bf36bbd1f873b039a32946e948735dc7f629f4e19310971fec6f019f,
208206,2608.20857,v2,Minimax Quantile Bounds via Information Measures,Amedeo Roberto Esposito,arxiv:2608.20857:thm:gwsbmfiniteleakage,H3,50b215507a782eb40a9d0b289f741808fe6cd96215bbbeef1ea7594dc8fff14e,
208207,2608.20859,v3,Counterexamples to Whole-Sequence Convergence of Variable-Smoothing Full-Splitting Methods,Min Tao,arxiv:2608.20859:lem:elementary,H3,2f170779dbb63ffb9df5cea038de14f7b5e6b2ed7e9be45098f326f7566f0e6e,
208211,2608.20888,v1,Almost Positive Sectional Curvature with Bounded Geometry on $S^2\times S^2$,Yuhang Liu,arxiv:2608.20888:lem:needle,H3,0e999f0e14114cabbcc31b633b0a3803a77c7503c7ee7ad338dc6b73b177fefa,
208212,2608.20907,v1,Strict Convexity and Sharp Power Concavity for a Graphical $\sigma_2$-Curvature Equation,Shuning Xu,arxiv:2608.20907:lem:real-ball,H3,8f25a81be4b1ebaad240185835ab9f53268786a4b980e5ef6fb059ada7ea972a,
208213,2608.20937,v1,A negative exponent range for Audenaert's complementary McCarthy trace inequality,"Xing Li, Bin Zhou",arxiv:2608.20937:thm:parallel-asym,H2,f035c84c23afc49187279d9181c056c69fd01c7dd0d677d7930b99b037cc412b,
208214,2608.20959,v1,Graded-fusion 2-categories and quantum homotopy invariants of 4-manifolds,Matthew Cellot,arxiv:2608.20959:lemma-composition,H2,b084d4f3d7b7e87e2f0ce05fcc05fed38e3694c4a3f55e965252a04a3acf8c48,
208215,2608.20972,v1,Non-unique singular solutions for KP and modified KP equations on $\mathbb T^2$ and $\mathbb R^2$,Alexandru F. Radu,arxiv:2608.20972:prop:euclidean-onestep,H3,24b62377336aca92e46eb44e627ec468caf931a27ea6d1ee48b89359486002b2,
208221,2608.21053,v1,A counterexample to the bounded mass property,"Mingchen Xia, Kewei Zhang",arxiv:2608.21053:lem:heat-fiber,H3,b44d35d9f78adf0901852e6c8c38d56fdd62c03879518593b652ef397e8c35de,
208223,2608.21068,v1,The Bishop family of holomorphic discs: regularity and higher index,"Brendan Guilfoyle, Wilhelm Klingenberg",arxiv:2608.21068:p:lin,H2,0b9a021b2ed762d036768a1667cc8b529bc973993bfe01a8b06ecce6538c8f01,
208225,2608.21102,v1,A Mayer-Vietoris calculus for regular denominators,"Elena Caviglia, Amartya Goswami",arxiv:2608.21102:propeqfacts,H2,d2bdc9722fd10dd50f5f6ba81677aef374331d8c5a643a10a67b1b059e4d9254,
208227,2608.21122,v1,LABS: Extending the scope of binary segmentation via a look-ahead device,Piotr Fryzlewicz,arxiv:2608.21122:lem:loc,H3,1398028e0c64a2a06f7f3c3b1486ca13d60c4305fe72af7077a2d5def5abed59,
208228,2608.21146,v2,On the $p$-variation of Riemann's ``nondifferentiable'' function,Martin Lind,arxiv:2608.21146:moduluslp,H2,166cdf8df84468a263f315e9098d28ebad48bae3207ddc8351fe18b883900ce6,
208229,2608.21191,v1,Torsion primes for spaces of commuting elements in Lie groups,"Simon Gritschacher, Chris Hone",arxiv:2608.21191:prop:ss,H2,ec6a5e365060bab23c28d065f32f3b3224286430098d3e3653ea7fe725fa879f,
208232,2608.21214,v1,Fixed-ray escort representations of sandwiched and $\alpha$--$z$ R\'enyi divergences on von Neumann algebras,"Tanay Kibe, Pratik Roy",arxiv:2608.21214:prop:fd-fixed-ray,H3,81e818072c5b18ef62ab6a3173495704973071b09d60741a25b16955482f5314,
208233,2608.21215,v1,Spectral gaps for mean-field Coulomb gases,"Simon Becker, Angeliki Menegaki",arxiv:2608.21215:prop:moving-center,H3,4aa8b16964e0f5ba1a5220a18669aec2d1bd8999446c99e51b9ffdecd3c5f5ce,
208242,2608.21339,v1,The first tight classification of skew-constacyclic codes over finite fields,"Monica Nevins, Susanne Pumluen",arxiv:2608.21339:t:f-tildeequivalencecount,H2,b1915c356c6e834870248e0334b75a08df77cb267def6e9a66f819240e3ad501,
208244,2608.21352,v1,Cohomological Reduction for Fiber-Contracting Extensions:\\ From Subcohomology to Thermodynamic Formalism,Giovane Ferreira,arxiv:2608.21352:prop:uniform-skew-bowen,H2,e4a33f200a71c48c9e5b9d5acd2d7b0487a7ec199aed7e088d3fd094a5f721f4,
208251,2608.21466,v1,Spectral partitioning for $k$-block averaging kernels of finite Markov chains,"Michael C.H. Choi, Youjia Wang",arxiv:2608.21466:prop:additive-mixture-identity,H2,34b6ae1902324ea89a819a354f6d0809089bacffaa0fa834ac186640b89acab3,
208254,2608.21507,v1,A very ample lattice polytope with a non-unimodal $h^*$-vector,"Johannes Hofscheier, Vadym Kurylenko, Benjamin Nill",arxiv:2608.21507:thm:main,H2,a572e8e7b1cb433f420bbf1b17012caecc3359efa494e5a69632e8617154bc40,
208258,2608.21579,v1,Sorting from Counterexamples,"Noga Alon, Shay Moran, Shlomo Moran",arxiv:2608.21579:thm:arbitrary-lower,H3,976277f8557ae0556a1ce1fd3ae7cfd80571181ea8bb199097c348b103e4a0c4,
208259,2608.21585,v1,The Asayama-Matsumoto conjecture and a refined discrepancy bound,"Alessio Basti, Tommaso Cremaschi",arxiv:2608.21585:thm:refined,H3,f7b3e7c40ac81242e3c1db3ccf396a548af327f53af836799789185f5cdef2cd,
208264,2608.21649,v1,"Ideals, Well-Orderable Families, and Baire Category in Truss's Feferman-Type Model",Jason Zesheng Chen,arxiv:2608.21649:thm:model-principles,H2,baa98bd1e93ca78ceaed7dfca5f8b736319f7509960988f57ccda4a697179da6,
208265,2608.21650,v1,The Exact End-Degree Threshold for\\ Finite-Width Directed Hexagonal Grids,"Dan Zhu, Zhenhua Lyu",arxiv:2608.21650:lem:gamma3,H2,32fe738cf2472501874e565bffb5e394f3f0af7a8232f70c03014a45df5b0c5e,
208266,2608.21663,v2,\bf Variance lower bounds for geometric functionals of rotationally invariant log-concave random polytopes,"Minas Pafis, Christos Pandis",arxiv:2608.21663:prop:q-shell-comparison,H3,b70c99909639abcb43b8b8b852b84f7c19a1f97729e8330a1e830c1002151474,
208268,2608.21682,v1,A new kind of anti-foundation axioms,Daheng Ju,arxiv:2608.21682:theorem,H2,4f5a9fc9416ee2a57f6cc58d8c41ae86781dadca5c243eaeaec6b9baf4d7697d,
208269,2608.21684,v1,A Bijective Proof of an Unbalanced Wilf-Equivalence,"Jensen Bridges, Michael Waite",arxiv:2608.21684:lemma,H3,182c9515586c1fd3f56051b8f0e476637ebb6d49e3d5deb737e22637c8997916,
208270,2608.21704,v1,Local Well-Posedness of the Inviscid Shallow Water Equations with Surface Tension,"Xin Liu, Bingheng Yang",arxiv:2608.21704:lemmaphi,H2,50b61ffc7100d1777152b7aba974d0810505634c0d78aee816d50e08d1845615,
208271,2608.21706,v1,Equivalence of Random Generics Is Not Essentially Free,Jason Zesheng Chen$^\ast$,arxiv:2608.21706:prop:second-coordinate,H2,c0edd4faecf278a798f1fb1edd096a76caebbd08d880237012f0daf8776ebc10,
208275,2608.21772,v1,Arithmetic Kodaira--Spencer Class and Frobenius Liftings via Frobenius--Witt Cotangent Complex,Kanau Shimada,arxiv:2608.21772:thm3.9,H2,16d507d75bf2b0e2fee4e4486cda28c0bdd14ae912d5c322b5b14f26c92bd65e,
208276,2608.21780,v2,Floer-theoretic entropy of exact symplectomorphisms,"Joontae Kim, Myeonggi Kwon",arxiv:2608.21780:thm:-can_isom,H2,af44708dadf555122ebf7069d2d085b881bd79386b51a5ff4027a8ab83181006,
208277,2608.21802,v1,Finite-term recurrences in a generalized Bochner--Krall family,"L.M. Anguas, D. Barrios Rolan\'ia, B. Shapiro, M. Tater",arxiv:2608.21802:thm:jge2,H3,463e1010a3ae2928b0e7fa207b5d9b0f659ed302abe9c3110660d0ed1c5eb120,
208279,2608.21817,v1,"Polynomial permutation stability, soficity, and universal polynomial groups",Primoz Moravec,arxiv:2608.21817:lem:pstabrel,H2,1517bcc4a24c1a8afa574c602251b3950b2841ebbcf48a4386d95ed9f874caa6,
208280,2608.21846,v1,Chouinard's conjecture for graphical $t$-designs,Yeow Meng Chee,arxiv:2608.21846:lem:derivation,H2,0b37409d059793ff062a7b21cbeb359f5d03053b8f48d41ad7659e7c97cf2165,
208283,2608.21855,v1,Trapezoidality of flat arrangement polynomials,"Yuan Gao, Tianyu Yuan",arxiv:2608.21855:thm-main,H2,e7ffc8dcee2e959dff6f560435fc5636aac6e1936d8a44c74242da4fd286f915,
208284,2608.21896,v1,A partial answer to Brezis' Open Problem 2.1,"Chao Ji, Kai Sheng",arxiv:2608.21896:lem:convexity-threshold,H3,e5fe5059c763ef79cc4c1fcc994ac95adac3b76210193de6b55b71e377b40acc,
208285,2608.21911,v1,Complex Hyperbolic Immersions of Cheng--Yau Metrics on Thullen Domains,"Mirel Caib{\u a}r, Andrea Loi",arxiv:2608.21911:lem:algebraic-uniformization,H2,121b5021e8f79e994a87d364390dc4215806a3a062471bf41465c191f3f23400,
208287,2608.21934,v1,A Finiteness Theorem for Quartic K3-Fibred Calabi--Yau Threefolds in Scrolls,Geoffrey Mboya,arxiv:2608.21934:thm:system,H2,e7411bd0e88deb6d234a636036d91dc5f1e86bd3f4c66366e4d782110944147a,
208290,2608.21981,v1,Admissibility of Bernstein centers,"Tsao-Hsien Chen, Cheng-Chiang Tsai",arxiv:2608.21981:main,H2,b9bf3aa9b805fa2d75542460394681eb85eda7b494e8a2e11fa177018bf1827f,
208291,2608.21991,v1,"Tight Weighted Second-Order Asymptotics for the Wyner--Ahlswede--K\""orner Problem Under Regular Posterior Geometry",Daming Cao,arxiv:2608.21991:prop:bsc-regularity,H3,2fe4a5a7d44ec204664cbc96ba3c4b701170b6f427a9fd5d4dae756f7fe7bc44,
208294,2608.22015,v1,Regularized Subjective-Surface Flow with Monotone Reaction: Global Classical Well-Posedness and Stability,Markjoe O. Uba,arxiv:2608.22015:prop:finite-gradient,H3,27f031fc6d22f602d13d094245ba4e88409c5de724c8674eec6cbda59f389739,
208297,2608.22040,v1,\bfseries Boundary-weighted barycenter spaces,"Mohameden Ahmedou, Sadok Kallel",arxiv:2608.22040:thm:intro-general-homology,H3,95bded8040257024673b7c0d41253ec96f4fb9e4e7c2d002a42391f64bf1f75d,
208301,2608.22078,v1,Positive Logarithmic Hausdorff Measures of Exceptional Sets for the $p$-adic and $t$-adic Littlewood Conjectures,"Dzmitry Badziahin, Volodymyr Pavlenkov, Evgeniy Zorin",arxiv:2608.22078:un_contrex_lemma_tadic,H3,476f8463cb38300a25456572190345c4503b6de6b23719fcdcc16444c1d3d50b,
208302,2608.22094,v2,Almost Every Graph Is Reconstructible from Its Token Graphs,Yuanming Luo,arxiv:2608.22094:lem:commutation,H2,f3a799fd6ee512a8a4d75e84209bc375c9a1159bd53a729da2be777209afee78,
208303,2608.22107,v1,Virtual element approximations for distributed or Neumann boundary optimal control problems governed by poroelasticity equation,"Thirupathi Gudi, David Mora,, Nitesh Verma",arxiv:2608.22107:lem:est-bound-h,H2,3bc84c57d29d4ad2f86a7dccf98f655df4fac8962e47808aaa29fbe96b5222b6,
208305,2608.22122,v1,From Individual-Based Stochastic Epidemics to Heterogeneous SIR Equations,"Olga Izyumtseva, Wasiur R. KhudaBukhsh, M. Gabriela M. Gomes, Grzegorz A. Rempala",arxiv:2608.22122:thm:final_size,H2,6112957550e21373e261143708b66e46f4b0915fd66974761bb26937c808baae,
208306,2608.22133,v2,\LARGE A Metric with Positive Sectional Curvature on $S^2\times S^3$,"Shengtao Guo, Ethan X. Fang, Junwei Lu",arxiv:2608.22133:lem:first-order-cancellation,H3,cb735fb0c6d09019e0e7ffae06e09e7e12a31ea8c710ea5d1f76877a39b03f53,
208307,2608.22157,v1,"Log-H\""oder continuity at zero Lyapunov gap for finite-state Markov $GL(2)$-cocycles",El Hadji Yaya Tall,arxiv:2608.22157:lem:path-laws,H3,ccdd7157ab00d5a158f8dcc5cfdd3987835c26d9c1e56003eeb1302bac6c42b1,
208310,2608.22181,v1,Asymptotics of the principal eigenvalue of an elliptic operator on closed and orientable Riemannian manifolds: small diffusion,"Xin Xu, Kexin Zhang",arxiv:2608.22181:prop:lower,H3,c56b51b81bf769c64969b5cfe22fab762d6c82ce129ec06fd5fab80b3eb69693,
208311,2608.22182,v1,A note on the equality case of Bray's conjecture,"Xu-Qian Fan, Chengjie Yu$^\dagger$",arxiv:2608.22182:prop-derivative-nu,H2,0461b1b9ead49851ab583fd0d5d8de28a203e47e4b8d249d9019045d34bb7e62,
208315,2608.22198,v1,The Hörmander--Bernhardsson function in higher dimensions,"Felipe Gon\c{c}alves, Danylo Radchenko, Antonio Pedro Ramos",arxiv:2608.22198:lem:q_poly,H2,3aed6e6519070fe717654bb3ef3716edded6ed89d10f13dc45e2cb9d6fd5c996,
208322,2608.22290,v2,Approximate counting of vertices of 0/1 polytopes: \\ a stronger hardness result,"Heng Guo, Mark Jerrum",arxiv:2608.22290:lem:reduction,H2,7d6d837e01a437a391b0961dc9532511dbb125bced80c218aa17d5c420304e2c,
208336,2608.22448,v2,A counterexample to the curve semistability conjecture for Higgs bundles,Pengfei Huang,arxiv:2608.22448:lem:good-section,H2,f22bc6dfd697b967e89a62605c25b8aa8676740c87ef612a0dd4da815c9aa82e,
208339,2608.22514,v2,Diffusion limits of cyclic finite-velocity random motions\\ along vector fields,"Olga Aryasova, Ilya Pavlyukevich, Yusif Sualah",arxiv:2608.22514:l:a,H3,bd6972340e74ede200addf7c4f40b9a6eade405c5399183fe23726a0ea6fde77,
208359,2608.22712,v4,Height functions on singular surfaces parameterized by smooth maps $\mathcal{A}$-equivalent to $H_k$,Masaru Hasegawa,arxiv:2608.22712:thm:branch,H2,b5a6e46583cd596c944211216dae04164e0c03f0dfec3367c24958baf544a6c0,
208382,2608.22991,v2,Why the Kellogg Mesh Is Radial: A Mathematical Explanation of a Classical Computational Benchmark,Shun Zhang,arxiv:2608.22991:thm:main,H2,369793aecae2b04ba25d0b99e0ada8ed0354e79f0218b9ce64e017ae89358e76,
208386,2608.23052,v1,$p$-adic Equidistribution of Special Loci in a Product of Modular Curves,Dan Townsend,arxiv:2608.23052:approxlemma,H2,d89b8f0e89a6034100e08acfdc89ca5d490bcb861995d491d2d7313696668051,
208388,2608.23066,v1,Text of the title,"Michael Herty, Hui Huang, Hicham Kouhkouh",arxiv:2608.23066:lemma,H3,d4922d8dcd42f4fdafdf9f92cc0918513b7f4a267d01333c9b86cebf778c373b,
208390,2608.23072,v1,Polyconvexity for Cosserat nonlinear elasticity and nonlinear couple--stress theory,"Diana Ciotir, Ionel-Dumitrel Ghiba, Patrizio Neff",arxiv:2608.23072:thm:elastic3,H2,6755cc4021ad7ac573b84b06b2835dd372ff4ba9d6bc5bd943675da88c4f9463,
208394,2608.23139,v1,The longest-edge bisection algorithm may produce degenerating tetrahedra,Sergey Korotov,arxiv:2608.23139:thm:failure,H2,20f6358ede99c693d89448b2bd2ce2d5aaf830baa4205e243a5c596c1fbe70d6,
208397,2608.23202,v1,Locally finite Fixed points of Branching Brownian Motion,"Xinxin Chen, Arnab Chowdhury, Atul Shekhar, Shuo Zhu",arxiv:2608.23202:main_contribution-in-sec3,H2,1f6f70f5c72de8639e2b2d5429a5498b4099005ba52790fb2acb6ccf3eafa189,
208399,2608.23223,v1,coset geometries acting on their elements: The $j$-diagonals twisting,"Claudio Alexandre Piedade, Philippe Tranchida",arxiv:2608.23223:lem:double-cosets,H2,c47c7f0c8a236551839f173f77904cb1195ec8b2f9bb75c6dffe4e9e981666ef,
208400,2608.23236,v1,Convex functions with symplectic Hessian,Jose Rafael Santiago Arellano,arxiv:2608.23236:3nn,H2,1a34d95e80e870f35cc48cf1ffb328b59e8be5b24981b94bac9e76f7dd488ba9,
208404,2608.23275,v1,On the Maximum Size of 2-Weakly Compatible Split Systems,"Pei Wu, Stefan Gr\""unewald",arxiv:2608.23275:lem:nonnegative-charge,H2,7ccc664c9324a0d83f20b5392472bd84e6dd651d5cefa6592bfbdf1f20317ecb,
208408,2608.23398,v1,On a slight weakening of Kripke-Platek Set Theory,Zachiri McKenzie,arxiv:2608.23398:theorem,H2,8bf445a6a0ec32b38963f8bc8e8f512649583d7c86f67172da9fb7c981f53430,
208410,2608.23431,v1,Makhlin polytopes are Demazure string polytopes,Ghislain Fourier,arxiv:2608.23431:prop:u,H2,6f8d0d7ba0e1c7115ef517900fd5aebef181b83ed168b67468c9333e5ebc11c7,
208412,2608.23457,v2,Eigenvalues and eigenfunctions of the fractional Laplacian on the interval,Cheng Zhang,arxiv:2608.23457:lem:small-expansions,H3,6711ad06e8d1533887ce3a48018b80a0f42cfbeeca5582d38364ece4be5f9e92,
208413,2608.23489,v2,Geometric desingularisation of the sharp-to-smooth travelling wave transition,Zak Sattar,arxiv:2608.23489:prop,H2,6155f4166ab3172f0e7a59cce665a804a66aec9644d6cd5b81bbe14bb36b6e1b,
208414,2608.23520,v1,Local quantum Cuntz--Krieger algebras of dephasing quantum graphs,Lara Ismert,arxiv:2608.23520:cor:cuntz_isometries_for_l(m_n-tr-d,H2,097ad9eaecb97990855f4209d23d219802b5819315e50b110890f7d441c9c942,
208415,2608.23523,v1,Stably exotic fillings of 3-manifolds,"Daniel Kasprowski, Patrick Orson, Mark Powell, Arunima Ray",arxiv:2608.23523:lemma:lagrangian-complement,H2,464d3b9d4b4bbc36269293c01ede353c37d60d4c37d4d4d10b2b1daec231f820,
208417,2608.23542,v1,The number and average length of subpaths in graphs,Stijn Cambie,arxiv:2608.23542:thm,H3,6e4e44f4da08c014337298659e5b2a2da4242e2efeeb0a0a5403508298de2e3b,
208441,2608.23985,v1,On the Optimal Control Problem of Stochastic Semilinear Partial Differential Equations with Non-Globally Lipschitz Coefficients,"Oleksiy Kapustyan, Olha Martynyuk, Oleksandr Misiats, Oleksandr Stanzhytskyi",arxiv:2608.23985:th:2.4,H3,7b433b91c2ca5e9b57c0a849fa8a6980a22b3212ce45d99740cb1029aa233e2b,
208442,2608.24000,v1,Improved Quantum Codes with Transversal $T$ Gates,Adam Wills\textsuperscript{*},arxiv:2608.24000:lem:protected_puncture_dist_and_dim,H2,165cf3eea55c9fd2ffaa1fe00b4a6e7da99e5e8dca25f8fd3b13b70d2755692e,
208444,2608.24045,v1,Solution to an open problem on the computational complexity of immanant,"Xiangshuai Dong$^a$, Tingzeng Wu$^{b,c}$, Xing Gao$^{d,e}$",arxiv:2608.24045:lem2.6,H3,97343ead9410b117e412b9f6b38d06cb6ff6dbe2834b841b4bb839fa7f968f84,
208445,2608.24052,v1,Cohomology of moduli spaces of pointed curves,"Jinwon Choi, Young-Hoon Kiem",arxiv:2608.24052:2_1,H2,1c18505b2c54cfe96cf8fd1a730d121a17b3d64777a4bd1ad6078730ff080fe1,
208447,2608.24081,v1,Volume and Projection Inequalities II:\\ Determinants and $L_p$-Sums,"Matthieu Fradelizi, Auttawich Manui, Cheikh Saliou Ndiaye, Artem Zvavitch",arxiv:2608.24081:lem:mazur-map-section,H3,35e9143e554ad9624d3abd42dd5948d8192d8e9fbec218110ef480c73a6a852d,
208450,2608.24106,v1,Weak-type characterizations of Sobolev and bounded variation spaces on metric measure spaces,"Tuomas P.\ Hyt\""onen$^*$, Dachun Yang, Wen Yuan, Yirui Zhao",arxiv:2608.24106:lem:bsvy105,H3,20dbc37a4a5cfac4b00ea05c9670083e31633c02f820e6c4f95efe3ea4d021bc,
208452,2608.24151,v1,Condition numbers of block Toeplitz matrices and stability of space-time IgA approximations for the wave and Schrödinger equations,"Manuel Bogoya, Albrecht B\""ottcher, Matteo Ferrari, Sergei M Grudsky, Stefano Serra-Capizzano",arxiv:2608.24151:prop:43,H2,ce844cbf859fc2d46697d8fe5ea663b90d54e793dbfbc225b4fef9357f91120c,
208455,2608.24190,v1,Compactness phenomena in HOD and the Optimality of Magidor's Covering theorem,"Tom Benhamou, James Cummings, Yair Hayut, Gabriel Goldberg, Alejandro Poveda",arxiv:2608.24190:lemma:-residue,H2,e132a3218da174e51ffcbcc57f11f49dff132cda34aafd4e688c14858e29d15f,
208456,2608.24202,v1,Induced-saturated graphs exist for even cycles,Ilkyoo Choi,arxiv:2608.24202:lem:routing,H2,3ffe0ade3044a34320d3fec25a1d504b5e138fbec8c158223547bff5260f8ad1,
208457,2608.24208,v2,Splitting singular fibers with periodic monodromies and their monodromy factorization,Hyunggi Kim,arxiv:2608.24208:lem:discriminant_1,H2,9a9e11a39bc202d74fdc81a354a1ebf20b47e7948b69f20f9cca07c764284943,
208458,2608.24211,v1,Compressive Sensing -- Introduction and Relations to Deep Learning,"Hung-Hsu Chou, Johannes Maly, Holger Rauhut",arxiv:2608.24211:eq:lsq_pseudo,H2,8bf0a167a71f6248147e90560d8257338787aeedf03f96371aa629d7b5a22e73,
208462,2608.24294,v1,Existence of densities and atoms for the running maximum of time-inhomogeneous jump diffusions,"Takuya Nakagawa, Ryoichi Suzuki",arxiv:2608.24294:lem:dxrep,H3,909fd20066cddac74e53868b59003c07aadcf2e4525fb96c2d8e60e29df3d456,
208463,2608.24312,v1,Entropy Analysis of some Active Scalar Equations,Elie Abdo,arxiv:2608.24312:molcom1,H2,b7be6dac30136d4f624e71bd0b79eb21e01cae8276f2c70a9847edf5edbf83a5,
208465,2608.24352,v1,Second moments associated with finite free multiplicative convolution,"Nicolas Gilliers, Andrea Pettenello",arxiv:2608.24352:prop:sumovereta,H3,369cee6c6bf895cdbb09ff2443af4b27d47c47676457febf0dd2a1c47d8771cf,
208466,2608.24353,v1,Legendrian simple knots not detected by Khovanov homology,"Chun-Sheng Hsueh, Marc Kegel, David Suchodoll,, Annika Thiele",arxiv:2608.24353:corollary,H2,21f7ff39c2a64fd80cf594eb47a257951abe6ce8427f9ae712d559baee7f4540,
208470,2608.24389,v1,Critical fractional Hardy inequalities,"Krzysztof Bogdan, Bart{\l}omiej Dyda, Antoni Szczukiewicz",arxiv:2608.24389:lemma:-rownosc-kw,H2,a03a0bd644a2c68fd8940615d003fefe8ce27f15fc72f9689ea6414bf473ed71,
208474,2608.24424,v1,Unobstructedness of Affine Terminal Gorenstein Toric Fourfolds,"Matej Filip, Alja\v{z} Zalar",arxiv:2608.24424:lem-eta-compatible-boundary,H2,82f3690860331f87226469a71b7d74e0e1f2d0c82d7576c542f0bf014232c1ae,
208478,2608.24453,v2,Unstable Manifolds for the Kuramoto Model:\\ Convergence to the Ott-Antonsen Manifold,"Christian Kuehn, Giacomo Landi\samethanks",arxiv:2608.24453:conv_rate_synchro,H3,eb68d5c899e4512439909af082f5b28dff4d200e57ee4f45519292c233e78145,
208480,2608.24474,v1,A Buium--Coleman bound for the Zilber--Pink conjecture for curves inside abelian varieties,"Netan Dogra, Sudip Pandit",arxiv:2608.24474:prop:finite_2,H2,b39c3a00da5e1aa6379de961ff53c0c0cca87a7c798652127a4e2db997306bd1,
208484,2608.24512,v1,Sums of three powerful numbers,"Tim Browning, Matteo Verzobio",arxiv:2608.24512:prop:etagen,H3,318f6df3696cff2089b0b48e107e5ae73a725e78b0320243a061b0b67dc6513c,
208485,2608.24532,v1,"Uniqueness for the K\""ahler-Yang-Mills equations","Vamsi Pritham Pingali, Chengjian Yao",arxiv:2608.24532:1-form-closed,H3,64bff085ae8d14d330fdb761b53d1b2ff0fcf5789873df6a62727c9fa2f76806,
208486,2608.24536,v1,\bf Bianchi identities in noncommutative geometry,Paolo Aschieri,arxiv:2608.24536:bianchi2forr,H2,36c8bed2378ab081570a96648d95fa57d039e8fa01bb44dad46b71ea47dbc469,
208488,2608.24542,v1,A constraint dissolving inexact penalty method for optimization problems with geometric constraints,"Xiaoxi Jia, Leander Lerch, Stefan Streif, Manuel Schaller",arxiv:2608.24542:lem:weakcq,H2,452b410924971bddecec71a015a7e641e94f70d1b65e2917390a66f72341058b,
208489,2608.24548,v1,A new antisymmetrizer-to-determinant formula and a conjecture of Colomo and Pronko,"Ilse Fischer, Markus Reibnegger",arxiv:2608.24548:generalcoeff,H2,3e35f1827f01cefee8a414b61f86ff4f90f31e32a66e1210fdebed6c1ee5715b,
208491,2608.24583,v2,Linear maps preserving $C$-symmetry operators,"Mayu Anzai, Shiho Oi",arxiv:2608.24583:main0,H2,af7003b9c74fbcf160cb6b0b25285459123d9efe015fef36345ca41581449d95,
208492,2608.24586,v1,On exceptional cliques in matrix rings,"Milan Boutros, Ignacio Cascudo, Ronald Cramer, Dani\""el van Gent, Chaoping Xing",arxiv:2608.24586:prop:dim2_conj,H3,21f951e5f744227546a21034f0c19b8996a49813eafc55cddc898b62f7003942,
208493,2608.24599,v1,Shock formation for 3D steady supersonic flows with general short pulse data,"Bingbing Ding, Zhouping Xin, Huicheng Yin",arxiv:2608.24599:local,H3,0987de05a3c0abb0339c3fd60111a8bc2329ea77975f9eb958b393a9777d9a12,
208513,2608.24765,v2,Contributions to the theory of the Euler eta function,"Torre Caparatta, Sebastian Pauli, Filip Saidak",arxiv:2608.24765:lemma,H2,89bab734494a0c4f121729528f689bc1a804d49f2e8de218745207a8924f377e,
208523,2608.24861,v2,A Vertex-Localized Positive Square-Energy Strengthening\\ of Tur\'an's Theorem,"Abhay Jayarajan, M. Rajesh Kannan, Shivaramakrishna Pragada, Rahul Roy",arxiv:2608.24861:lem:local-clique-rigidity,H3,ea66e9457d527b3f3b0c35d8ec76daeffef88f29e8c6544aa92b853912552671,
208535,2608.25007,v1,"Remarks on Vafa-Witten theory, \\ or how to sit on a wall","Sergei Alexandrov, Aradhita Chattopadhyaya",arxiv:2608.25007:lemma1,H2,5538dc041208fa41f1ef1dbe0f9bdab477f7ca0a5a1357a048c1319469e6b16e,
208536,2608.25031,v1,Log MMP Constraints on Curves with Cuspidal Singularities,Jenia Tevelev,arxiv:2608.25031:prop:direct-sharpness,H3,8cdda409f0535363bc1bfb09ca085f81c18aece88121f3b8a15a0d2748850eb3,
208538,2608.25047,v1,Existence and equicontinuity of solutions\\to the Kirchhoff--Pohozaev wave equation,"Luccas Campos, Rowan Killip, Monica Vi\c{s}an",arxiv:2608.25047:p:poisson,H3,0fafa3eac3ec5c2d741dd9ee09097b3f5482baa16328648cd8765cec8bd89801,
208539,2608.25055,v1,A Mean-Field Theory of Transformers:\\ Well-Posedness of the Coupled Data--Parameter Dynamics\\ and Global Convergence of Training,"Michael Herty, Hailiang Liu",arxiv:2608.25055:thm:ntk-conv,H3,b2e6f9631456f15bcecd207f78da79f3f85c5873dd9525f4264d40a318589664,
208541,2608.25059,v1,The uniform Littlewood conjecture fails on a set of positive Hausdorff dimension,Nikita Shulga,arxiv:2608.25059:lem:pair-rectangles,H3,79bf7e5d302ff2304b488cb6500dacef05cb67ba3500b8bb12cd62d7b9cf9691,
208542,2608.25078,v1,The divisor function for matrices,"Tim Browning, Nikita P. Kalinin, Alina Ostafe, Damaris Schindler, Lena Wurzinger",arxiv:2608.25078:lem:volumecomputation,H3,f348688d9d150782888ff7fc21a6c50ff0c6da9835a0062edc41cd8f388023a4,
208544,2608.25092,v1,Complete Mappings of Semigroups,"Jo\~ao Ara\'ujo, Wolfram Bentz, Peter J. Cameron, Kevin Hendrey, Michael Kinyon",arxiv:2608.25092:p:unique,H3,ccf7dd309293b1e6c1beaa9c026efb628a1f50b941ded5aadcb7157e0240b47f,
208547,2608.25099,v1,A Control-Theoretic Approach for Resource-Aware Consensus in Multi-Agent AI,"James Flagg, Esteban A. Hernandez-Vargas",arxiv:2608.25099:thm:rac,H2,f03b8c71573c1fa692543b08cd6d8161f6790e8abf87e11fc5c3c0ff84037643,
208550,2608.25145,v1,Barycentric Weak Inner-Product Gromov--Wasserstein,Youssef Mroueh,arxiv:2608.25145:thm:strassen,H3,05530df142f84058001a6a1b8124c0846265363cd3f70505595491a99206dbad,
208551,2608.25147,v1,Frankl's Conjecture at Height Four and the Structure of Height-Five Counterexamples,Chenxiao Tian,arxiv:2608.25147:thm:critical-coatom,H2,3af5564f11b6802fda4d2d17492587380af8faec59fcb60441663af17c4ae813,
208555,2608.25201,v1,Recurrence of strong-decay inhomogeneous long-range percolation clusters,"Johannes B\""aumler, Lukas L\""uchtrath, Christian M\""onch",arxiv:2608.25201:prop:fixed-box-distance-rec,H3,c7cca72579d48151feb97cab92b5fb7625913700c35b2cf3dd634dc518280475,
208558,2608.25227,v1,From Spectral Curves to Variational Equations: Geometry and Differential Galois Theory of KdV Cnoidal Waves,"Juan Jose Morales-Ruiz, Jean Pierre Ramis, Maria-Angeles Zurro",arxiv:2608.25227:def-q-ell,H2,f3f63e6804a187d84dbec3336f984965d930f24443179ecd8a4bedf0669c30d0,
208559,2608.25233,v1,Clique decompositions and covers for large graphs,Wentao Zhang,arxiv:2608.25233:cov:thm:transversal-matching,H3,5d2f77df8824a084e910a42295680725fa3bc54a3b70e6f9bd11923d1848168c,
208560,2608.25240,v1,Connectivity keeping paths in digraphs,"Hojin Chu, Boram Park, Homoon Ryu",arxiv:2608.25240:thm:main,H3,812134503d2e4f858a2bf1fc8d8ea0cccbf8101527aef26e109b96816b38e5bb,
208563,2608.25266,v1,Optimal Control in Hilbert Complex Spaces with Finite Element Exterior Calculus,"Farid Bozorgnia, Michael Holst, Anshu Kumar, Vyacheslav Kungurtsev, Martin Licht, Gantumur Tsogtgerel",arxiv:2608.25266:prop:p-inert,H2,f3d015f8f7df6d52af3ac819fd1f3e06b067c9925e29ae4782bb7559a7234577,
208566,2608.25300,v1,CARE-SAV: A Conditioning-Aware Random-Feature Framework for Energy-Stable Simulation of Gradient Flows,"Bingcheng Hu, Zhaoxiang Li",arxiv:2608.25300:thm:uus,H2,9a1a418884c9beb2ab731481f3ccfeebe90aba1ef166aa88aa3396cac9ef33d4,
208567,2608.25320,v1,Periodic Solutions for a Nonlinear Dirac Equation with Soler-Type Nonlinearity,Fuping Zhang,arxiv:2608.25320:thm:soler-subthreshold,H3,65c94a55f492b0977e58e55009f64cde82263f4a2b15c3a86999aeeb835ad22d,
208568,2608.25339,v1,Thin set theorem for arbitrarily many colors implies bounding,"Yamato Miyata, Keita Yokoyama",arxiv:2608.25339:thm:equivalence,H3,cad91dae43606fa87c7a93541f5d067fe8520f6cb20e323a69c73cd0877711cf,
208569,2608.25345,v1,A condition of admissibility for generalized Alexander quandles,"Katsunori Arai, Keisuke Himeno, Ryoya Kai, Yuko Ozawa",arxiv:2608.25345:prop:max_anti_galex,H2,5cd1bab742d439c47c81ef22cdbad01950c21f131adc2053116c279e92ee91ba,
208571,2608.25357,v1,The image of the constant sheaf under\\ the geometric Langlands equivalence,Kenta Suzuki,arxiv:2608.25357:conj:lafforgue-z,H2,271b2176ea35dce38aa60c26e5ec3c78866733bdaf1556e954f394b24eb8767e,
208574,2608.25372,v1,Cohomology and extensions of Novikov algebras of truncated polynomials,Hassan Alhussein,arxiv:2608.25372:thm:p2,H2,faa13dde7b1c2942194afb21daafbb8f3e1d62be94b38ae18770f1fc2552feb7,
208575,2608.25385,v2,Matching complements in subcubic graphs\\[2pt] and a proof of the 3-Decomposition Conjecture,Jicheng Ma,arxiv:2608.25385:lem:first-entry,H2,5ba98740b38bfba4b93da948757a71d0b36d6ca1803444e9d52c8776a1ce6e37,
208576,2608.25389,v1,$\QQ_p$-homotopy types and applications to topology and algebraic geometry,"Runjie Hu, Guozhen Wang",arxiv:2608.25389:lem:-local-spaces-have-an-integral-lifting,H2,bfaf0ab5d8e6d5bfb48e5c94d2076996ff6a828bbb88ac713eab7820f5ab1e09,
208577,2608.25397,v2,Topological string blowup equations via stable pairs,Lutian Zhao,arxiv:2608.25397:lem:bilateral-u-zero-limit,H2,1b402681f7f6401f387368317c7cbc06d0f615f3e6d0e808df28016c04f3f1d2,
208579,2608.25432,v1,Forced self-similar solutions to the stationary Navier--Stokes equations in a half-space,"Yun Wang, Chunjing Xie, Shaoheng Zhang",arxiv:2608.25432:thm:a,H2,9c189cc92672b8625a6ca1baf9b15f8fa3aa51d22666128c223b2bb4317de566,
208581,2608.25447,v1,Tautological Pushforwards of Hilbert Schemes of Points on Curves and Surfaces,Bochao Kong,arxiv:2608.25447:thm:remaining-surface-codim-one-coefficients,H3,d40450f255278fdbff558d576c62a75bad7404baa70764e20987862885011518,
208582,2608.25491,v1,Rapid Mixing for Multi-Spin Systems \\ on Girth-Five Graphs,"Xiaoyu Chen, Kuikui Liu",arxiv:2608.25491:thm:potts,H3,4153f417ae6afc10337d2e9abd7b69395330c0402d216acea21d5c0398215427,
208583,2608.25506,v1,Free-Energy Asymptotics of the Two-Dimensional Quantum Heisenberg Ferromagnet,Andreas Klippel,arxiv:2608.25506:lem:single-diagonal-trace,H3,2b73a6691bcc9602db6b2fdf187a4fc824ca262cfc9be396e331549dbab72ef4,
208584,2608.25545,v1,Certified decoding of quantum LDPC codes,"Ragavi Krishnamoorthy, Florian Gerhardt, Johannes Knaute, Thomas Klir, Stefan Raimund Maschek, Erik Schulze, Tomislav Maras, Alexander Dotterweich, Loong Kuan Lee, Christian Bauckhage, Nico Piatkowski",arxiv:2608.25545:prop:cosetmrf,H2,94f7608ee0bec926bbfae26b435f2cfb6ca7eafb31d36f5f26319b755eca7959,
208586,2608.25594,v2,On monodromy of monodromy surfaces,"Pieter Roffelsen, Alexander Stokes",arxiv:2608.25594:prop:algebraicmonodromypvi,H3,abe8f07108f623982cbbed1c2aae9f8d3a202b2265b476664a45d9449c69a9f3,
208588,2608.25627,v1,Burning Steiner Triple Systems,"Andrea C. Burgess, Peter H. Danziger, Caleb W. Jones, Trent G. Marbach, David A. Pike",arxiv:2608.25627:size-of-h(r),H2,e53da73601c64eee3b4356e694523aaf2803c2c644f0e365c0d4b434726da10a,
208589,2608.25688,v1,A counterexample to Kanalas' problem of continuously realising types,"Morgan Rogers, Joshua Wrigley",arxiv:2608.25688:prop,H2,c1006bda63d5edcd6b4f5ef94c7f32d0dd3ae4dd562bf2e4418783c0714336c0,
208592,2608.25725,v1,"Gr\""obner Bases for Alexander Fitting Ideals of Links","Takefumi Nosaka, Kotaro Shimizu",arxiv:2608.25725:lem:pretzel-local-uniform,H2,0212959c79e07b26231aec69e08012f76fe5b7a21a05b82bdb32bcc77504b21e,
208597,2608.25786,v1,Zeta Renormalization and Pressure at Infinity\\ for an Infinitely Cusped Tree Lattice,Sanghoon Kwon,arxiv:2608.25786:lem:finite-core-escape,H2,90822669ac0970cee6b9f83b18a6cdfbde43f0bd032786cd199f140acfab850b,
208598,2608.25791,v1,A Boolean polynomial operator for the Collatz $3n+1$ problem,Mario DeFranco,arxiv:2608.25791:t-1-2-sum,H2,4da6fe94823c09bc58868d39177a93e9b39baf6b25ce900d942ee3b6896cf73c,
208600,2608.25861,v1,A unified approach to the divergence equation\\ and related functional inequalities,"Filippo Gazzola, Hans-Christoph Grunau, Gianmarco Sperone",arxiv:2608.25861:lowerbound,H2,7f7d5679b354718503b8a2ec6836fed4e673c124d66f09b75903c99f56c73ce4,
208601,2608.25886,v1,Required Number of Points in $L_2$~Marcinkiewicz--Zygmund Inequalities,Felix Bartel,arxiv:2608.25886:edgeframespectrum,H2,4be90ecdb80c4e2d1fdae735512c420785623cc8fe6a7508fefdf76083ca1f20,
208602,2608.25891,v4,"Multi-graded generic initial ideals, regularity, and the optimal colorful fractional Helly theorem for $d$-Leray complexes",Daniel McGinnis,arxiv:2608.25891:thm:ext-betti-gen,H2,4d257f0e987b4da73ab5f315158ffd641603929c7433805a07fa08acbd024d0c,
208604,2608.25923,v1,Efficient tensor bases for pairwise comparisons,"Konrad Ku{\l}akowski, Ryszard Smarzewski",arxiv:2608.25923:lem:lem-5-2,H2,624a8e7b0dfdc3cad6946aed9de4c6ab056304633dcfd0ac66b839a72aa3dc5c,
208612,2608.25997,v1,Statistical Properties of Nonparametric MLE under Laplace Noise,"Yifei Xiong, Nianqiao Phyllis Ju, Vinayak Rao",arxiv:2608.25997:lem:laplace-full-rank,H2,2f3505476fe44f0460159c734f8dcfa55fea7979b2d54edb545e7efbacfc8842,
208613,2608.26003,v2,The index of a numerical semigroup ring,"Richard Bartels, Sarah Dajani,, Gabriel Koomson",arxiv:2608.26003:lemma,H2,5860f10e47ea40caf1c220436d2e360bedca347d9435399f0a9118a9126757c1,
208614,2608.26038,v1,Rotated semicircle laws for permanental roots of Gaussian random matrices,"Renjie Feng, Dong Yao",arxiv:2608.26038:prop:scalar-permanent-duality,H3,faf617145263cc323d59f6d5fdd60c999716acb635120c2e44db88df47adcf1a,
208615,2608.26041,v1,Critical Norm Profiles for Finite-Prime Composition Operators on the Hardy Space of Dirichlet Series,"Xiang Fang, Feng Guo, Aman Mishra, P. Muthukumar",arxiv:2608.26041:thm:boundary-hankel-reduction,H3,0b2dbad0572c9d9a39920e54265741325a34e4ab66ba31459f5ff175053789ea,
208616,2608.26042,v1,$G_2$-Laplacian flow on complete asymptotically conical manifolds,Ilyas Khan,arxiv:2608.26042:proposition-boundedness-of-restricted-forms,H2,9c3618df03922e630b9f549cfefc3b62fdceb532c2915e849987d3a1338a59a3,
208617,2608.26044,v1,Polynomial extensions do not preserve the strong finite type property,"Viet-Hoang Tran, Phan Thanh Toan, Thieu N. Vo, Tan M. Nguyen",arxiv:2608.26044:thm:equicharacteristic-zero,H3,5330f08efecbfb92485995bc1fd5d29e8575491062ef03d3882a34f3a9d43d3d,
208624,2608.26259,v1,Cutoff with an $O(1)$ window for Potts Glauber Dynamics\\on lattice at High Temperature,"Seoyeon Yang, Allan Sly",arxiv:2608.26259:prop:one-block-sr,H3,043f23462b93b37fca316a18e1fdca1bbe771b5c40dec64481335e92a8105d57,
208628,2608.26300,v1,"Coordinate-Deletion Bundles from Composition Algebras: Hopf Defects, $KO$-Classes, and Real Projective Space",Marina Palaisti,arxiv:2608.26300:thm:ko-class,H2,b8f0f82854169b2fa33107e77f9f3e5d49104d3a13407f02e1e7a77c362a3329,
208630,2608.26304,v1,Multi-Objective Planning for Healthcare Facility Resilience: Mitigate Now or Respond Later?,"Gizem Toplu-Tutay, John J. Hasenbein, Matt Kammer-Kerwick, Erhan Kutanoglu",arxiv:2608.26304:proposition,H2,fa627452c91b50feee8f14dd7ec7b06547397d75159c494cae4abd8763d3695a,
208631,2608.26328,v1,Directional Optimality Conditions for Optimization Problems in Asplund Spaces,"Weihao Mao, Jane J. Ye",arxiv:2608.26328:cor:dpn_to_mscq,H2,7ab83f0bd30c5e780994d7bac0eef7349d124f339982b989710439d3fd69bc52,
208632,2608.26415,v1,Stability of equilibria of an aggregation-diffusion energy on sphere,"Razvan C. Fetecau, Hansol Park",arxiv:2608.26415:lem:approx,H3,1d97f95c699e4e0632daa8d599a70596fc52a13f0954be791c334642b187985d,
208633,2608.26452,v1,$k$-Lucas Annulus for Polynomial Zeros,Herbert Batte,arxiv:2608.26452:thm:main,H2,a68922e3bb7c5b2d77447dabfb605da1689e36db44c3b19b369619bd7d148578,
208634,2608.26455,v2,A Neighboring-Denominator Variant of the Erd\H{o}s--Mahler Conjecture,Diego Marques,arxiv:2608.26455:lem:smooth-congruence,H2,3abb54db3971b7d22881c4c7c8abc6b899e7d50ab9a1dbbf938c030252ba45eb,
208635,2608.26463,v1,A Determination of $B$-groups of Order $p^4$,Christopher Herbig,arxiv:2608.26463:proposition,H2,e4337d2d93767ef381721f51fbb8d3939fd3f3744481a6d3eda2cdb8640930bf,
208639,2608.26514,v2,\bfseries Period Relations for Theta Products and Elliptic Integral Moments,Dianbin Bao,arxiv:2608.26514:theorem,H3,6a27ee92f58387376e35826a68d756660dc7c477aad354a8bd539e874717355c,
208640,2608.26564,v1,"Real ideal points, Conway spheres, and left-orderable Dehn fillings",Yi Wang,arxiv:2608.26564:lma:commutatorasymptotics,H2,bacbc7b99727d0916be1dbafe35e4bc898a7bc1ed9939b01c88852396039943e,
208641,2608.26568,v1,Nil-Bohr Sets and Sums with Bounded Gaps,"Yang Cao, Jianjie Zhao",arxiv:2608.26568:thm:dynamical,H3,c7e5eeb02542022437458fabd0df601760c2edb59452f3a4471f618bbde82a34,
208642,2608.26570,v1,A saturation theorem for distinct-degree polynomials and an application to joint transitivity,Axel \'Alvarez,arxiv:2608.26570:claim-1,H3,87c807f0e3acafa543e01e2c2b483e806ac44050f87e05428f00627ebf0632eb,
208647,2608.26603,v1,"Five improved lower bounds for Zarankiewicz numbers z(m,n;3,3)",Abhishek Saurabh,arxiv:2608.26603:lem:pad,H2,224002f4f7043178d83d99ea034dab50c5621b39624eb64b5a1f5f8f18660f6c,
208650,2608.26628,v2,Open Problems in Mathematical Logic,"George Barmpalias, Su Gao, Jialiang He, Takayuki Kihara, Andre Nies, Theodore Slaman, Chieu-Minh Tran, Daniel Turetsky, Philip Welch, Liang Yu, Hang Zhang, George Barmpalias, Nikolay Bazhenov, Chi Tat Chong, Wei Dai, Su Gao, Jun Le Goh, Jialiang He, Keng Meng Selwyn Ng, Andre Nies, Theodore Slaman, Riley Thornton, Wei Wang, Jing Yu, Liang Yu",arxiv:2608.26628:theorem,H2,083b116f2aff71489a913b28063770fe7edbb7fe6946e528af46411b92b0f512,
208653,2608.26643,v1,A Centroid Framework for Operator-Valued Haagerup Inequalities,Patrick Oliveira Santos,arxiv:2608.26643:proposition:-coarse-approximation,H2,0e48700eaf82102f8c6c915d8ef6d211e8dfad8b19c9e4ea99893fdcabcac0f9,
208655,2608.26664,v1,"An enhanced Helgason-Johnson bound for $Sp(p, q)$","Zhan Ying, Chao-Ping Dong",arxiv:2608.26664:lem-p,H3,012cb9ae0803e4c884523122121d378e2c5ed6557b9fb81327cbe1688597c6e9,
208656,2608.26695,v1,Geometric Invariant Theory of Peterson Varieties,"Arkadev Ghosh, Santosha Pattanayak",arxiv:2608.26695:prop:maximal-stratum-orbits,H3,04872b8012bc27ccfce540aa395741c5c8e258ff20a321669e2f004e2d4c0c6c,
208657,2608.26712,v2,Signless Laplacian spectral conditions for rainbow matchings in a collection of bipartite graphs,"Zhiwei Guo, Nanxi Pan, Li Li, Yangyang Chen",arxiv:2608.26712:claim1a,H2,1ebf765b817c16ba4f675886a658fb86aec54fda6986790bf7b7c2eafa8bed4f,
208658,2608.26765,v1,Beyond Client Averaging: A Client-Independent Second-Order Stationary-Bias Component in Stochastic SCAFFOLD,"Yi-Ping Tang, Guan-Ju Peng",arxiv:2608.26765:lem:delta-moments,H2,696c91db947ea987bdde93d8dff7ffd6ca80b12e94736c92d557bf908fc4a6a1,
208659,2608.26772,v1,Packing and Covering Cycles Through Prescribed Vertices,"Hanzhi Bai, Jin Yan",arxiv:2608.26772:lem:cycle-correspondence,H2,b9fe6b19bd72d6df7e96cdd2da70505bbcfc90915c149355e84f5895471d0f6e,
208660,2608.26775,v1,Size Bounds for CQs Under Acyclic Constraints,"Stefan Mengel, Andrei Romashchenko",arxiv:2608.26775:lem:tightproject,H2,792f6601665d85aac368155e35fcb655db71dd917ec16ed0839814ab237ff998,
208661,2608.26802,v1,Spectral Approximation and Ergodic-Capacity Convergence of HMIMO Channels under Spatial–Wavenumber Domain Mismatch,"Hangsong Yan, \textit{Member}, \textit{IEEE}, Hong Yang, \textit{Senior Member}, \textit{IEEE}, Shu Sun, \textit{Senior Member}, \textit{IEEE}",arxiv:2608.26802:corollary:eigenspectrum_decay,H2,db765b6f03046e9f06faef2490c5a34ca0515a5e30c92f3a46a9799a0c6db7e8,
208668,2608.26853,v1,Functional identities of degree 2 at two-sided zero products on incidence algebras,"Hongyu Jia, Zhankui Xiao",arxiv:2608.26853:thm:main-characterization,H3,071488d4f6cf5de290d7789a07fa5dac6690b23e94861e2c26ee9562eec46a1d,
208670,2608.26878,v1,Liouville theorems and removable sets for bounded $p$-harmonic and quasiharmonic functions on metric spaces under local assumptions,"Anders Bj\""orn, Jana Bj\""orn",arxiv:2608.26878:thm-liouville-para,H2,9bc413cab2265d13b5eaae885a6b32b8de6074cb09cdbbec42a26cb6a2609a41,
208672,2608.26928,v1,Rank Two Sheaves With Maximal Third Chern Class on the Fano Threefold of Index 2 and Degree 5,Danil A. Vassiliev,arxiv:2608.26928:2-0--3/5,H2,4202532089915bee9b72f38fb3ebf816098dacac7b2a54a3ecbfe44ba8cf935c,
208675,2608.26986,v1,Mean--Covariance Turnpikes in Wasserstein Distributionally Robust Linear-Quadratic Control,"Yanzhi Wu, Zhengping Ji",arxiv:2608.26986:prop:static-equilibrium,H2,94064b561197b51622a8de74260141c3476c31b2d2d8e57ea27314f9bec37235,
208677,2608.27016,v1,Resultants of dynatomic polynomials of $x^d$,Chih-Chiang Kao,arxiv:2608.27016:theorem,H2,fb07e13797d1e2d5151194b3911da2c283fc1da414232cc0b64d1ffa5b5e77ae,
208679,2608.27054,v1,GLOBAL WELL-POSEDNESS FOR THE 2D STOCHASTIC HYPOVISCOUS NAVIER-STOKES EQUATIONS,"Daniel Goodair, Floris Roodenburg",arxiv:2608.27054:lemma:vorticity_to_velocity,H2,7620bacf84e69e04392596b79a5389ac698f495251af91770527c5340e09e810,
208680,2608.27059,v1,On the Real Spectum of the One-Dimensional Dirac Operator with PT-Symmetric Coefficients,O. A. Veliev,arxiv:2608.27059:theorem,H2,1ca05688ad1534272ee5425d3e0604ddb675c84502afe624f9440f7ecff471a6,
208685,2608.27084,v1,Randomized Quasi-Gauss--Newton Methods for Solving General Nonlinear Equations,"Chengchang Liu, Luo Luo",arxiv:2608.27084:lm:matrix_order_equivalence,H2,86a86be0a357eaec0f69418b880ff355c8af449dd701e0d18f4ca640439817a5,
208689,2608.27126,v2,Counting Boolean antichains,"Julien Garber, Lina S. Goltermann, Daniel Horiatakis, Dennis K\""onig, Tal Gottesman",arxiv:2608.27126:prop:-validareboolean,H2,b2799614fbf45fc45bd4c894124757e4bde54e46fbe3fd5500ae43fa1d1deaee,
208691,2608.27143,v1,"An approximate zero bias transformation for random sums: Applications to sampling with outliers, auto insurance, and generative AI","Wasamon Jantai, Nathakhun Wiroonsri",arxiv:2608.27143:cor-outliers1,H2,47a89577db48a6d19fada45ee22b5df5bd737f311bebc659e2eab41d5b03f3ba,
208696,2608.27210,v1,For DIRK schemes $U=B$,"Anthony E. Ramirez, Abner J. Salgado",arxiv:2608.27210:theorem,H3,c7b46c6cd337460828d5e359e21bcf452ba95d20d11265cc93f9678612e41977,
208697,2608.27227,v1,Rank-Three Projections and Minimal Multiplicity Bipartitions of Path Complements,"Jintao Fei, Jiangying Luo",arxiv:2608.27227:thm:main,H2,9c909b8f4ca90ea736603ab5b9a6c48bdac11cad1866f745fb0026f9e4a92288,
208700,2608.27246,v1,Finite group schemes as fundamental group schemes of smooth projective varieties,Gabriel Bassan,arxiv:2608.27246:bertini,H2,6ace0ffd988a6313e3d4160dab8021cd1bc9b1a8f57f726c13a46f48347c7bad,
208701,2608.27263,v1,Asymptotic consensus and flocking under decaying persistent excitation on rooted digraphs,"Chiara Cicolani, Elisa Continelli, Cristina Pignotti",arxiv:2608.27263:lemma3onoff,H3,190d1cdf225617278d37a6a1b5b591eede1067b63826918f8897ec7e4bf225cd,
208704,2608.27274,v1,On some aspects of discrete groups acting ergodically on the boundary,"Subhadip Dey, Mikołaj Frączyk, Sebastian Hurtado",arxiv:2608.27274:thm:proper-on-v,H2,d3a33f3df190e09e4c2f5f59b0ecbed9b712c4b13bc713edd518e0369c621c58,
208705,2608.27275,v1,A Multilevel Interacting Particle System Method for the estimation of Failure Probabilities,"Rub\'en Aylwin, Jos\'e Pinto",arxiv:2608.27275:prop:setdefi,H2,0497751ec5676b8e46813fe5c76fd1d615874af62fdc50bb1d7e5ca36d480537,
208706,2608.27300,v1,\bf Nash Loci,"Luca Sodomaco, Julian Weigert",arxiv:2608.27300:prop:-class-of-multigraded-associated-variety,H2,13c9adc321d65abf67759fb4e076497d6e1be8705db1cd9ca477ab87aaa3442e,
208707,2608.27318,v1,On Consecutive Non-primitive Elements over Finite Fields,"Bidushi Sharma, DHIREN KUMAR BASNET*",arxiv:2608.27318:l2.3,H3,7ba887497db191929bd328ffb28a22c780e61d13498f33b412d66258ab1d1baf,
208708,2608.27326,v1,Arbitrarily Fast Quantum Dispersion \\ in Long-Range Crystals,"Ga\'etan Leclerc, Mostafa Sabri, Tuomas Sahlsten",arxiv:2608.27326:theorem,H2,269c54dded94ed9d0aae3ce11cd24a515b20cca0094d1082d6b0feed113bcef9,
208714,2608.27431,v1,Monotonicity of the propagation speed with respect to the diffusion in a Lotka-Volterra competition-diffusion system,Cyrille Kenne,arxiv:2608.27431:theoimportant,H2,89a7716334514ac4fcaca76f2db935c1cf9960b462b6c2085b021e3caf5d81e3,
208715,2608.27432,v1,"Closing the gap and settling the problem of queens\\ on an $n\times n$ board, each attacking at most one other","Kristina Ago, Bojan Ba\v{s}i\'c, Radojka Ciganovi\'c",arxiv:2608.27432:split,H2,35387c05a47dded3245d094e2cae5db833c5ec4362667c8170de4deb6bd50ed5,
208717,2608.27491,v1,The Probability That the Incenter of a\\Triangle Lies in a Random Diameter Disk,Stanley Rabinowitz,arxiv:2608.27491:lem:h4,H3,420f7d435646a328962f5022f8a503d9ed79af52f7f8a543e8b765bf4289e25a,
208720,2608.27541,v1,Finite and Symmetric Multiple $T$-Values,"Aaron Cheng, Jianqiang Zhao",arxiv:2608.27541:lem:s2(x),H2,1b1dc6cd8721d6f432b0092b3f7fdbb8cb99ec93df56f78f383052bf87a102eb,
208725,2608.27583,v1,Enumerating separable derangements,"Robert Dougherty-Bliss, Alejandro B. Galv\'an, Michaela A. Polley, David Shuster",arxiv:2608.27583:theorem,H2,aca1b247bda1f64eb669622732e5b4f74cc9998035d18c21226a88b7ad082643,
208734,2608.27717,v1,"Dirichlet Beta Analogues, Sign Alternation, and Lerch Unification of Hyperbolic and Logarithmic Tangent Integrals",Luc Rams\`es Talla Waffo,arxiv:2608.27717:lemma,H2,cd493ca2de34e0b0499c3b8c5ce885b90533f1128b36ebf5ac6dea4ed1663c71,
208736,2608.27749,v1,High-order robust basis-update \& Galerkin integrators for dynamical low-rank approximation,"Cory D. Hauck, Jonas Kusch, Steffen Schotth\""ofer",arxiv:2608.27749:le:approxu,H2,25068d8d13c441c8b12fb14818952b325701a50fc286b2c75dc917d9ab669861,
208737,2608.27761,v1,$K_2$-regularity is Equivalent to Smoothness for Toric Varieties,"Christian Haesemeyer, George Henderson-Walshe",arxiv:2608.27761:lemma:-base-case,H3,100070049105f735cf88f7b2721a4d19e31e155fdeae274f5b1f5bf223dd1859,
208740,2608.27774,v1,Beyond Procrustes distances: a multilinear Gromov-Wasserstein distance capturing chirality,"Cl\'ement Soubrier, Geoffrey Woollard, Andrew Warren, Khanh Dao Duc",arxiv:2608.27774:lem:monge_dgw,H2,9a82094f6f559ab3cd0dfe8d67cbf3469da3b78ca1d0e805bc9de0217ffd5478,
208741,2608.27788,v1,Default-Distance Entropy and Metric Dimension in Finite Geometries,Maximiliano Vazquez,arxiv:2608.27788:lem:dual-both,H2,fa01e7763ab6a1461270d5665cbc9e2ff9d4968178b92abaa521a30f2e003a81,
208742,2608.27810,v1,Metric-geometric Chow theorem,Jos\'e Edson Sampaio,arxiv:2608.27810:selection_lemma,H2,fa934465a2067297cd637d254b8c0e38463e88717d6c75b3d2230b3896167bee,
208744,2608.27859,v1,Improved Subexponential Upper Bounds for $3$-Restricted Matching Vector Families,Sidhant Saraogi,arxiv:2608.27859:lem:equal-sum-moonflower,H3,18aedb63a5b2cc34dc88557545be30866cad59efefecb7f18620eb529a70942b,
208745,2608.27870,v1,On Cluster Deep Loci in Double Bruhat Cells,Quan Hanwen,arxiv:2608.27870:proposition,H2,88758e8f037a6f5e17e1e262d70bcc174db4c9fdef648cc92244012c963d6bb3,
208746,2608.27884,v1,Exploiting Exact Conditionals Improves Conditioning: \\ Provably Fast Mixing Time Bounds By Sampling from the Marginal,"Abhijit Chowdhary, Federica Milinanni, Julianne Chung, Elizabeth Newman",arxiv:2608.27884:prop:marginal-isoperimetry,H2,6a4ff3ee0f38335e688609b58ddc1b4a05352c968ba63124122b35985afab10a,
208747,2608.27887,v1,Note on adjacency spectra for twice punctured hypercubes,"Jang Soo Kim, Victor Reiner, Laura Schoenzeit",arxiv:2608.27887:prop:difference-eigenvectors,H2,bc462f545c57704b33f93aa653c567599d1188abaf0048af3fb2b3ffd29eac6b,
208749,2608.27937,v1,Self-Orthogonal Tau-Tilting Modules and Tilting Modules II: Annihilator Separation,Xiaojin Zhang,arxiv:2608.27937:thm:orthogonality,H2,85f893e9a7124636b9f0d840f0b214e40b0dab1f319a0f51fe092eafe69da836,
208752,2608.28015,v1,The AHI family of sum of squares polynomials,"Shaon Naskar, Kanchan Rajwar, Sujeet Kumar Singh",arxiv:2608.28015:thm:sos-rep,H2,cb3e9f469adcce84717c2b17920431f566714e31b8fd857295f71921d3b449ff,
208761,2608.28088,v1,A Refined Parameter Condition in the Lyapunov Analysis of IGAHD,Samir Adly,arxiv:2608.28088:prop:fixed-quadratic,H2,2aa52e35283887593aa2510529864dd20aaf5b9d8a4ff6f959b364f2ce21639f,
208762,2608.28118,v1,Enumeration of certain permutation group polynomials,"Sartaj Ul Hasan, Ramandeep Kaur, Hridesh Kumar",arxiv:2608.28118:atleast_lemma_t31,H3,67485321a719c69b883199ea291db473ba7341dc93a2d68ac81d0e11d6bd74b5,
208768,2608.28211,v1,Maximal subgroups of homeomorphism groups,"S. Bardyla, L. Elliott,, Y. P\'eresse",arxiv:2608.28211:kappa,H2,92426b91a5ab4d4c768ab8ef288253b44017636ad3628f20bd7732ccca916d8f,
208771,2608.28223,v1,Invariant Sphere Theorem and Ring-Coupled Systems,Pedro Soares,arxiv:2608.28223:lem:2dsystem,H2,60093a75b1a934ace13e76fd69a2fdd125169676f59a2f8a2cc741dcb7cde392,
208772,2608.28243,v1,On the existence of the maximal ideal in the set of associated primes of monomial ideals,"M. Cimpoea\c{s}, M. Nasernejad, A. A. Qureshi",arxiv:2608.28243:c4,H2,a6fa4ebe706e990608984c24aad5b1fa69e8e48ecd68553694310e51cb700c95,
208774,2608.28254,v1,Simplicial arrangements in real projective three-space revisited,"Marek Janasz, Piotr Pokora",arxiv:2608.28254:lem:face-numbers-incidence,H2,636af0743f5fcb1f1bad9efd6499f7b87f051c2cf2381e17b94e54cfedb263f3,
208776,2608.28274,v1,An algebraic proof of Colombo's difference-power determinant conjecture,"Kun LI\textsuperscript{*}, Li TIE, Peng WANG, Zihan LIU",arxiv:2608.28274:prop:odd-nonsingular,H2,ac971b703eb068314baeb7f69949264fc81293be580256753fef74367e6427ab,
208779,2608.28303,v1,Compact Quantum Metric Spaces from Weakly Geodesic Length Functions on Hyperbolic Groups,Are Austad,arxiv:2608.28303:lemma:annular-norm-control,H3,32645142dac6710f4e4cd09e3441d0af3878c86c04febc5d29c9a34d6cdf459a,
208783,2608.28332,v2,The Algebraicity Problem for Hard-Core Entropy Constants on the Discrete Hypertori,Yotam Svoray,arxiv:2608.28332:thm:existence,H2,efdb547b094a5e522d9c34622b415f5bfc5e48bdc32e2bc3dd55f831e9df0c77,
208784,2608.28349,v1,Operator-Theoretic Stability and Observer Synthesis for Parameter-Dependent Vlasov--Maxwell Dynamics,"Amadou Ciss\'e, Mohamed Boutayeb",arxiv:2608.28349:prop:am-skew,H2,e58cd9a09922de86f90e78811148a2833e616ed329094a5ab181105b734d4760,
208785,2608.28354,v1,Discrepancy of geometric incidences,"Azem Adibelli, Istv\'an Tomon",arxiv:2608.28354:thm:variety,H3,fb31922ae52f7696a979318ec8b43d1c090f4e02bc58a6d1da9f3e3698d85c1f,
208789,2608.28446,v1,Generalized Splines and Gaussian Processes,Michael Unser,arxiv:2608.28446:theo:conditionpos,H2,55ac8d21f59a4150196915aef166838a203ab958db3bf15911adbbc324dccfa8,
208793,2608.28505,v1,Quagmires and large Suslin forests,Lorenzo Notaro,arxiv:2608.28505:claim:5,H2,81b68141d90cdfda91d6f0713d257e6d9a6a96a205f4be612caa3f3668d5701b,
208802,2608.28690,v1,An Exhaustive Census of Main-Diagonal Symmetric Costas Arrays of Orders 37--42,"Bogdan Dumitru, Cristian Budala",arxiv:2608.28690:prop:bulk,H3,ae87a443a413147f04e7e4a0af2624738bd87b26c7c56bed2aabfe0a19b273ff,
208803,2608.28711,v1,Repairing the refined-decoupling proof of the 5/4 planar pinned Falconer theorem,"Shalender Singh, Vishnu Priya Singh Parmar",arxiv:2608.28711:prop:appendix-one-step,H3,fdf4bd5c30585ed585c1529e0f1c964957ff4b6f6624bdf4ced02d1dee91ad36,
208804,2608.28720,v2,The \(V_n\) Invariants as Colored Links--Gould Invariants:\\ A Root--Center Approach,Jiuhe Liu,arxiv:2608.28720:thm:object,H2,dfb03b88a3ade213b76364c5bb533231fc690c3b5cdfea65bdca175c6025855d,
208807,2608.28774,v1,On weighted forms in many variables,"Daniel Flores Galiote, Kiseok Yeon",arxiv:2608.28774:lemma:-minor-arc-bound,H2,7425e241921a545f9cd7bf812120a528a0141e262d5e2b5e93daa8c3a63624a6,
208808,2608.28783,v1,"Nonnegative conorms, regular matroids, and the tropical Schottky problem",Yelena Mandelshtam,arxiv:2608.28783:prop:common-representative,H2,94a9fc731b6c3ae603940adee082078b07d78936917efef5ccdfc208f4170307,
208810,2608.28793,v2,On the Complete maximal maps and their singularities,"Rivu Bardhan, Indranil Biswas, Pradip Kumar, Subham Paul","arxiv:2608.28793:thm:genus,singularity",H2,55c7bd5bb2fdc24986aba6c9de9377055e063d54b6e7ac240ffe18976a7a4ece,
208813,2608.28813,v1,Unconditional $\Vone$-independence of a certified hitting-set principle,Martin Kolář,arxiv:2608.28813:lem:bridge,H2,ee24d2e07f135d33c4effaafa822b9b335ae4c2f985d9f2cfdacf57fee481af8,
208829,2608.29119,v2,\Large\bf The Stochastic Team Orienteering Problem,"Alberto Guastalla, Jean-François Côté, Roberto Aringhieri",arxiv:2608.29119:lem:lemma6,H2,eeb7c8aaf1f0005550886f9042954f0e07fc1dfa2fb4cf3e3f860b54b676ed4f,
208830,2608.29143,v1,Least Variability in a Polynomial-Square Class\\ of Rational Kernels,"Maria Laura Battagliola, Oscar Peralta",arxiv:2608.29143:var:thm:first-variation,H2,c1e30cb8cab1ee7aa33044747dec986341a5b4512ca43572bdc03b03d2a81067,
208836,2608.29258,v1,Global small data radial symmetric solutions of 3D semilinear Euler-Poisson-Darboux equations,"Qianqian Li, Qiao Xin, Huicheng Yin",arxiv:2608.29258:prop:nonlinear,H3,cbad1050fbea4cf51ff9c3aeb78b68f49a319d0f2cf87747b5d3d9c62501f987,
208838,2608.29288,v1,Counterexamples to O'Neil's Period-Index Problem on Elliptic Curves,"Xiaoguang Shang, Cheng Niu",arxiv:2608.29288:lem:strong-commutator,H2,ae828d445b4218ce12a95ea3bbf5447d6ee5ceba6bfa6ace48b25eed3fb98c60,
208839,2608.29298,v1,On Hypersurfaces of Space Forms that are Gradient Yamabe Solitons,"Jahnabi Chakraborti, Anandateertha Mangasuli",arxiv:2608.29298:lemma3,H2,255dc35a53e8e35626e350be6c7f2ce2f7736c1e4e9b82d182373a2c3af00801,
208844,2608.29354,v1,Harmonic Catalan Number Series via Half-Integer Binomial Coefficients,"Kunle Adegoke, Robert Frontczak, Taras Goy",arxiv:2608.29354:x6lkv24,H2,c71a8896ad2fea053a042a2af163409cb12037da21c079e49d492ff0b332b0dd,
208846,2608.29389,v1,On systematicity of linear function-correcting codes,Duy Ho,arxiv:2608.29389:thm:systematic-distance-three,H2,79c8da7c083deab7207f03e6b278db0e3f6101f1084b22bfdeaadd8db296d57d,
208847,2608.29390,v1,The Test and Find Model,"Michael Grabchak, Xingjie Li,, Isaac M. Sonin",arxiv:2608.29390:prop1,H2,4db173c8967a7cbf85cb5fc38cec066a2df49630191523198188053a500071a1,
208850,2608.29406,v1,Partially Totally Real Submanifolds of Sasakian Manifolds,"Chul Woo Lee, Jae Won Lee",arxiv:2608.29406:lem:fparallel-shape,H2,434cd5b66f669e58322ee0f04c78ed55956aa6b6a74088c02e18ae569c0ba51e,
208851,2608.29414,v1,Secrecy Outage Analysis over Correlated Composite Generalized-Gamma Fading Channels,"Muhammad Adil, Pranavkumar Pathak,, Salman A. Alqahtani",arxiv:2608.29414:prop:4prime,H2,4b938bf272406d5eb33162ea419715a4b4079114de900e25694240914ed57b96,
208854,2608.29462,v1,A Riemannian Extension of a Quadrature Surface Free Boundary Problem: Stability and Optimality,"Ababacar Sadikhe Djite, Diaraf Seck",arxiv:2608.29462:thm:compactness-admissible,H3,e8617447a9831296315ddc08c539253a576f6fe05e066b0bc4928a52c9273cd7,
208856,2608.29498,v1,Scaling Inequalities and Limits for Clamped Plate Eigenvalues on Geodesic Disks,Scott Harman,arxiv:2608.29498:lem:ptwisevanfourthorder--numer,H2,67b62d5c77d1244b8fd53aba74ae9a0aa93de60bfc4a409704f525f8560fec6d,
208858,2608.29505,v1,Simultaneous Busemann--Petty and Shephard Volume Comparisons,Artem Zvavitch,arxiv:2608.29505:lem:cylinder-section,H3,5c64260f1317d09155c40bf2f702ebc8cf0ae4e8dba62999ba6ed3722387aa42,
208861,2608.29524,v1,Kubo Formulas and Bulk-Edge Correspondence for Curved Boundaries,"Aren Martinian, Tom Stoiber",arxiv:2608.29524:prop:morita_continuous,H3,1f4ac588750ff5bc4d7a671eb5c661f30c8ccbf27777bb8b9148b85fb3ca6318,
208862,2608.29536,v1,Bicrossed products of generalized Taft algebras and Radford algebras,Rongchuan Xiong,arxiv:2608.29536:lem:primitive-r,H2,4a34deec7ec8f9a9b07b6a0c4030481b59632124d0264dd146a20e83ea6bb42c,
208863,2608.29542,v1,Time-modulated refocusing in inhomogeneous medium,"Hongyu Liu$^\P$, Wei Wu$^\dag$",arxiv:2608.29542:eq:measured-energy,H3,f29319832f22e46605793509665cd5de0693399bb1f804f38d1ef08de1db86de,
208865,2608.29555,v1,"Truncations of the ring of number-theoretic functions, revisited",Jan Snellman,arxiv:2608.29555:prop:t,H2,f543601c0509a369c7651eb718261664d127350cc9ced039a6e70ad58548651a,
208867,2608.29561,v1,Ball codes: A coding characterization of Hausdorff and packing dimensions,Kenshi Miyabe,arxiv:2608.29561:thm:fixed-s-hausdorff-null-code,H2,15b949640709186c7b28584be07e4caa16d724b852a98822bd2a06fe7be37e21,
208868,2608.29599,v1,Poisson actions of noncompact locally compact sofic groups have completely positive entropy,Zhuowei Liu,arxiv:2608.29599:prop:empirical-factor,H3,8505a74b88d7d300e04fc9e74fb42ab65e94151f7a2f63ed05c8a0237568c702,
208871,2608.29634,v1,Degree-shift derived invariance of derived delooping levels,"Jiaqun Wei, Kaili Wu, Weiqing Cao",arxiv:2608.29634:lem:transfer,H2,12daedfe177e914596492c9d1c7f1a94c325d1e9e1b154e5b9cc185a5660441f,
208872,2608.29636,v1,On the special values of Berndt's generalized $L$-function,Yuan He,arxiv:2608.29636:thm3.1,H3,314aad208bea5fd595557c19dbf57b37c95cf3699be636710bfb6642cba0127e,
208873,2608.29639,v1,Finite-Monoid Compression in Syntactic Concept Lattices: Arity Hierarchies and a Pseudovariety Trichotomy,Takayuki Kuriyama,arxiv:2608.29639:cr:thm:tolerance-saturation,H3,96a016c5f7657442ac3616b07bc358e76104545f22fe520132bb2ee18c5969ae,
208876,2608.29671,v1,Persistence and analyticity of plasmon poles for the linearized Coulomb--Hartree--Fock equation in the small-exchange regime,Yuya Dan,arxiv:2608.29671:lem:axident,H2,e5b61d8d5330c792b7407cdabff97cc38358ae638a6a7500cfd41e9fd24b215d,
208879,2608.29694,v1,First integrals of dense hard-ball gases,Gleb Smirnov,arxiv:2608.29694:lem:exchange,H3,7be50fe9a8dce6f50af1a4525009fb07406913ae3908fac7d7d2ff13d034cabb,
208880,2608.29695,v1,Sasaki-Einstein metrics on connected sums of $S^3\times S^4$,"Dasol Jeong, In-Kyun Kim, Jihun Park, Joonyeong Won",arxiv:2608.29695:theorem:h,H3,6728b0556faf105843c6e54d4c847e17996be0cabdb3e7b69c996f54f22b53ab,
208882,2608.29719,v1,Persistence Pairing Graphs: Tracking Changes of Selected Homology Bases,John Rick Manzanares,arxiv:2608.29719:thm:active-basis,H2,e5cf1ce585ae30e2cdb5712b98ef8da192f418a0f762a5f476a51df0b178ba25,
208883,2608.29722,v1,Singular inner eigenfunctions of composition operators,"V. A. Anjali, P. Muthukumar, P. Shankar",arxiv:2608.29722:corollary,H2,d7e909a4d6229369b6e3f4ad2c028c6e88f16e0e31eab3bd089b4e70d2e6b8ba,
208982,2608.31056,v2,The toughness of random graphs,"Guang Li, Wenqian Zhang",arxiv:2608.31056:eq:binomial-coefficient-upper,H3,4e4d67e0e3e4c91904fb873bd91d85a05b5887929138431f4a6d16a1b3cbcec8,
208993,2609.00020,v1,Chern--Simons Fluctuations and Information Geometry\\ in Discrete Electromagnetism,Jean-Pierre Magnot,arxiv:2609.00020:prop:gauge-harmonic,H3,aca17268edbb6e4ae3d800042a83c34a8d895ef59b61b605893051bad4c1429e,
208995,2609.00034,v1,"Alternative-mean trace divergences: geometry, data processing, and barycenters","Trung Dung Vuong, Hiroki Shudo,, Hiroyuki Osaka",arxiv:2609.00034:thm:certificate,H3,eb0753703580bad75cc0923d62b009507754afb9d2028de2d938daec396ad0cb,
209000,2609.00102,v1,On the Generating Graph of Finite Abelian Groups,"Kavita Samant, A. Satyanarayana Reddy",arxiv:2609.00102:thm:lap,H2,d66f35e9feb0fb5854aae4cb224a75c9c389cd69bf152447c3bf4dfe4a5baee2,
209002,2609.00202,v1,Varieties of Chain Complexes and Mixed Dimer Covers,"Portia X. Anderson, Esther Banaian, Melanie J. Ferreri, Nicholas Mayers, Shiyun Wang, Alexander N. Wilson",arxiv:2609.00202:lem:moving_up,H3,783755b0b37ca938565c4e1431016253d0841d23563b94f205103e2eefe0ca17,
209003,2609.00215,v1,"Hom--Lie Algebras and Explicit MSS Partition Bounds for $(6,3)$ Biangular Frames","Abraham Orinda, Geoffrey Mboya, Arvince Ogendi",arxiv:2609.00215:thm:structure,H2,d850c5cefa46ced30eaeb1fde78691ac770e909f1e14abd612796add98ba279e,
209006,2609.00236,v1,An Approach to Asynchronous Unsourced Random Access,"Alireza Karami, Dmitry Trukhachev",arxiv:2609.00236:eq:snrcor,H2,b9b31c0fc8c0cb55d0376143c3142e8f9cda871a6b1994f2a304171b7c750115,
209007,2609.00244,v1,From Common-Slot Chains to Heisenberg Central Products over Global Fields,Marina Palaisti,arxiv:2609.00244:thm:explicit,H3,96a67f0117308595280bb73724e542374d8f0698b5603ce9ddc8f755b7b50a9c,
209010,2609.00257,v1,Stability estimates for the initial-to-final-state inverse problem,"Manuel Ca\~nizares, Thanasis Zacharopoulos",arxiv:2609.00257:prop:-distance,H3,0055c98e9c6f638fe94c44f96b41520561de481a3628ab6b52eab69f2d18c8cf,
209011,2609.00261,v1,"An Inexact Augmented Lagrangian Method for $(L_0,L_1)$-Smooth Convex Optimization","Aleksandr Vyguzov, Fedor Stonyakin",arxiv:2609.00261:lem:fun_convexity,H2,32b7e3b9c55c3569867018c7ece2f5fb0dbd306682a3859add833700b1c481c7,
209013,2609.00285,v1,Multicrossing complex of knot and secant classes,Igor Nikonov,arxiv:2609.00285:prop:4secant_sign_geometry,H2,60ff2b0607eb21293814bd48d0a2dce2e2aaa7649402654ed0ead286b015c838,
209018,2609.00336,v1,Critical points of point charge potentials along lines,Goncalo Oliveira,arxiv:2609.00336:prop:evaluation,H2,aeb23d7b879a74107ba522057d149eecada64cb92115b5651fdf279f2311c459,
209019,2609.00376,v3,Smooth Diffeomorphisms and Mahler's Problem on Liouville Numbers,Diego Marques,arxiv:2609.00376:thm:sewing,H3,62e36804a2e1f14cd71993f4c88269d6ad4b1184affca17f748e8805f199224a,
209021,2609.00394,v1,Graphs with Long Pseudosimilarity Chains under Consecutive Vertex Deletions,Sergey Ivanov,arxiv:2609.00394:thm:two-clock,H2,de565af6af4b303e94a0571d66184195977f788f1e18758715e20dc52cd6c321,
209023,2609.00409,v1,Dominance and equivalence for states on $C^*$-algebras: Quasi-Invariant states,"Ameur Dhahri, Francesco Fidaleo, Chul Ki Ko, Hyun Jae Yoo",arxiv:2609.00409:prop,H2,744fb88d0d4da2e152be88cb6439801cda542d9b2acaeecaf1c25ed623d5edcc,
209024,2609.00415,v1,"Separation for Schr\""odinger operators. A counterexample to Simon's conjecture",M.A. Perelmuter,arxiv:2609.00415:lem:gluing,H2,60938c1c4f735b657277e7b6f43c988a1984ca830c32e8e4fb700acdf3f2717a,
209025,2609.00422,v1,Exponential Gaps Between Intuitionistic Linear Extended Frege Systems,Amirhossein Akbar Tabatabai,arxiv:2609.00422:unitpropagation,H3,04d091e68281c0f13701890be22470988c67d06e408af981b28ff6c4901c7e84,
209027,2609.00436,v1,A counterexample to the stable forking conjecture,"James Freitag, Scott Mutchnik",arxiv:2609.00436:prop,H2,670235b2813a7095955beb74f3e2b71c856c810495ac16ed19f4737e4dff05da,
209028,2609.00448,v1,Equivariant formality and representation theory,Chi-Kwong Fok,arxiv:2609.00448:circle,H2,980a860a3c0dd07e462435318b0a4255a14d02f16a0f330df6fe3b33476f02a8,
209029,2609.00451,v1,Pushforward dynamics on Wasserstein spaces and measure rigidity,"Douglas Finamore, Andr\'e Magalh\~aes de S\'a Gomes, Christian S. Rodrigues",arxiv:2609.00451:lem:exp.estimates,H2,5863c5beb9d3d4a7f5c65af7f6097d399b48e122976ed8af3fe868ac1b123368,
209036,2609.00522,v2,Decoding From One Fragment in Forensic Printing\\Using Van der Corput sets,"Junsheng Liu, Netanel Raviv",arxiv:2609.00522:lemma:recycled-fragment-ambiguity,H3,d1c89feb21aa5d698871f5d41a588e884380598b1c33bc475b5113336b5e4054,
209039,2609.00557,v1,Accessible CAT$(-1)$ groups of critical exponent less than one,Yong Hou,arxiv:2609.00557:lem:bass-serre-normal-form,H2,4f6900fc662c29a4ff167ebd8e17bfb2421a5dfbadb01eaab788894a2a6b7df3,
209041,2609.00583,v1,A 21-Coloring of the Plane Without Monochromatic Unit-Area Rectangles,"Gary Hu, Yumo Liu",arxiv:2609.00583:prop:sharp,H2,359df6259c7e52a3717f37e0d6031b3152701d40a3e0b146741d550e41e81ab9,
209044,2609.00603,v1,Universal Beta Incidence Angles: Cauchy Rigidity and\\ Infinite Arrangements,Tianle Liu,arxiv:2609.00603:thm:zonal-rigidity,H3,95164715e59541203ee54a7a09445bc28d38b1332f645440909f4d60139b703e,
209045,2609.00626,v1,Entropy on regular sets and periodic-orbit growth for singular flows,C.A. Morales,arxiv:2609.00626:l1,H3,550ab5f55410534998e7b528f6bcbaea5025ede39a3d94df622f866e500a69ed,
209046,2609.00636,v1,Forcing monochromatic subdivisions,"Gabriel Collado, Dhruv Mubayi",arxiv:2609.00636:lem:robust,H3,98921c54b9b531b3c4fa880529b42aaea993df5b01f43f124c48eadc3c311f64,
209048,2609.00668,v1,Rigidity of Euclidean Minimal Hypersurfaces under Nonuniform Diagonal Dilations,"Jongha Lee, Suhwan Lee, Jae Won Lee",arxiv:2609.00668:prop:repeatedweights,H2,8022afce210f58e17d3ab84951e3891f7ce74145097a196a350813d5351aa03f,
209049,2609.00673,v1,Intrinsic Finite-Step Characterizations of Discrete General Helices,"Dae Won Yoon, Chul Woo Lee, Jae won Lee",arxiv:2609.00673:prop:smooth-consistency,H3,82aa9c6f754188216ff6190a931358738d9b05560e0d2a8fa18f1584386a994c,
209051,2609.00687,v1,A unification of Euler-Maclaurin and Euler-Boole summation formulas,Yuan He,arxiv:2609.00687:thm2.6,H3,706f4fa1278027cbb47511231a487c02cb3671114812645ac457efd2336ae50f,
209052,2609.00702,v1,On the Set-Valued Katugampola Fractional Integral: Properties and Regular Selections,"Parneet Kaur, Rattan Lal,, Ankit Kumar",arxiv:2609.00702:boundvar,H3,48bc2fa9abab4dc522a4e37e334111d3b3f7c59a5fc0565a821a2d1900318885,
209057,2609.00735,v1,Rigorous Analysis of a Nonlocal Transport--Renewal System for Physiologically Structured Populations,"Jiguang Yu, Louis Shuo Wang, Ye Liang",arxiv:2609.00735:lem:wp_coeff_bounds,H3,235216bf5a93cc4662bb32c20c3d172c3ba0f9a79b69ae96598f9abcd60bcc54,
209059,2609.00757,v1,Improved bounds in Birch's theorem for forms in many variables,"Yijie Diao, Lena Wurzinger",arxiv:2609.00757:lem:average,H3,0a13fa49fb40d7221f1902cc08a34d598531cdaa47f6777627b927c53f895208,
209061,2609.00777,v1,Universal murmuration and Hecke augmentation,"Shenghao Hua, Chung Pang Mok",arxiv:2609.00777:prop:hyperbolic-one-r,H3,e86b9a2b66cecadb22a6e42d5cbaddaa8b49adf2d4dcfb341a5bb0549b42e3cb,
209068,2609.00895,v1,Asymptotic behavior of Eckhoff's method for convergence acceleration of Dirac eigenfunction expansions,"R.H. Barkhudaryan, G.G. Gevorkyan, L.D. Poghosyan",arxiv:2609.00895:thm:l2,H3,a7ba999e6574744708a05d343b68822491f67ab10240cb2df1cbcd2bf803466e,
209069,2609.00917,v1,The Discrete Harmonic Center of a Quadrilateral,Marc Alexa,arxiv:2609.00917:lemma,H2,7aa0863866263e2d262233d60a35425ee7b86ac0ee2e436017618502b37e8ecb,
209070,2609.00946,v1,Embedded Conditional Independence Tests for Large Language Model Generated Text with an Application to German Parliament Speeches,"Marco Simnacher, Georg Keilbar, Benjamin K\""onig, Christoph Lippert, Sonja Greven",arxiv:2609.00946:lem:disintegration-general,H2,fadc70f71f016478ac12befaa5d613a70c4fd0d351e1fac899b429f4fc3c4069,
209071,2609.00974,v1,On Algebraic Integrability\\ of Vector Fields \\ with Rational Function Coefficients\\ that Separate Variables,Przemys{\l}aw Grabowski,"arxiv:2609.00974:lem:-explicit-h-for-residues-field-of-orders-1,2",H2,1501aa550bd7d1b18d4909911dd519b895e4e3c0fb389ac89ca888e6f409681f,
209073,2609.01007,v1,Global universality of the expected number \\of zeros of non-analytic random signals,"J\""urgen Angst, Thibault Pautrel, Guillaume Poly",arxiv:2609.01007:lem.decorel,H2,8743b08215797593099fb650b8086ddb4472e25a38860a4118708a29c5706756,
209075,2609.01034,v1,The Multiple Timescales of Gradient Descent on~the~Edge~of~Stability: A~Perturbative~Derivation~of~the~Central~Flow,"Rapha\""el Berthier",arxiv:2609.01034:lem:secular-general,H2,f1a4f79e1691feeedb233248b64cf8943615845fd3f82677ddd0dadc17ee355f,
209076,2609.01035,v1,"Spawn Freely, Act Sparingly: Progressive Risk Vesting for Recursive LLM-Agent Trees",Molly Wang,arxiv:2609.01035:theorem,H2,a490d73ab1fd102a043df78b06912c25f52da5ea45dfa9378f810bba02f0b82e,
209077,2609.01043,v1,From Truncation to Commitment:\\ Persistent Context in Uniform Discrete Diffusion,Satoshi Hayakawa,arxiv:2609.01043:thm:combined-evidence,H2,0ae17b7a13008246e66863b57ef540765535e7a5e979c8c468fcce1f82a0cfca,
209078,2609.01079,v1,A threshold phenomenon for embeddings of Euclidean snowflakes and impossibility of dimension reduction,"Assaf Naor, Kevin Ren",arxiv:2609.01079:fact:abstract,H2,72b86969ca4a1b3e66a5f1b21a6ad682c384bcd6c7e81d24ac0470bfb980a130,
209079,2609.01093,v1,Ideal MHD below the classical well-posedness threshold,Matteo Giardi,arxiv:2609.01093:prop:constraint,H3,c8055b2e3715eaece7598986b40b3d749d3b3d5ea28f15c0bdfe9895a4e0c796,
209081,2609.01101,v1,Sharp lower bounds for shifted moments of Dedekind zeta functions,"Benjamin Durkan, Nilmoni Karak, Kamalakshya Mahatab",arxiv:2609.01101:prop:square-series-b,H3,5314c0a069236db9723f4b0e21fb14ced5e1811599fb097d30d252b540cf765b,
209086,2609.01226,v1,"A Projection Identity for Simplices\\ Sharp Inequalities, Converse Results, and Affine Projections",Quang Hung Tran,arxiv:2609.01226:thm:quantitative,H2,9638d1dba8aeeca9df4c546e722a8cea35dad7e8935e73e490d9635ddb2e01d2,
209090,2609.01268,v1,Resultant multiplicity via projective degrees\\ and applications to tensor eigenvalues,"Mahmut Levent Do\u{g}an, Elias Tsigaridas, Zafeirakis Zafeirakopoulos",arxiv:2609.01268:lem:count,H2,a1ec6d90557063b19f5dc39cd2573e260a394cb31f65347d83f6ce0717bf1756,
209091,2609.01269,v1,The Faber-Krahn inequality for $p$-Hermite operators,"Xiaomei Sun, Kui Wang, Anqiang Zhu",arxiv:2609.01269:monotone-of-beta-prop,H3,3b47e205603338cfd9c1b4f4e7794164199ef0fbae9416d7a9e77cc37811f988,
209092,2609.01270,v1,Farey Structure in Modulo Krinkle Tilings:\\ Mediant Splicing and Generation of Prototiles from a Single Edge,Mikihiro Fujiwara,arxiv:2609.01270:thm:decompose,H2,a87598052c0d14b986bcc65a71546ee917e340a2a2f505ef94f99943dd3c3d4a,
209093,2609.01295,v2,Circular Laws for Cyclic Full-Block Bands:\\ Discrete and Bounded-Density Regimes,Yi Han,arxiv:2609.01295:prop:local-terminal,H3,84eec670c3d73abbc6a8cffda54aaf63f426ab241030fa268cfca361d4aee90e,
209094,2609.01296,v1,Asymptotic safety regions for Gabor frames generated by Hermite functions,"Markus Faulhuber, Irina Shafkulovska, Ilya Zlotnikov",arxiv:2609.01296:pro:janssen_main,H3,988d539e831517b4c92d26ebac6d954837f2bbed6e39d37986b7396bea81960f,
209096,2609.01300,v1,Virasoro Constraints for Orbifold Curves,"Jianxun Hu, Pengrong Jin, Hua-Zhong Ke, Jingwei Lu, Hsian-Hua Tseng, Longting Wu",arxiv:2609.01300:prop:virasoro-defect-degeneration,H3,defd2a6780a7f5a9498d358cadbe4dff73ed259c669e3605d7f2ad6ca11df4d4,
209104,2609.01367,v1,Common neighbour conjectures for Saxl graphs fail at every base size,"Aluna Rizzoli, Adam R. Thomas",arxiv:2609.01367:thm:affine,H2,b5506b4158da6ddb1008f4d18a7883647c5b50cefabcb2a0ab44cf30f51281d5,
209106,2609.01382,v1,Exact curve counting of given word length \\ on the once-punctured torus,"Filippo Baroni, David Fisac, Mingkun Liu",arxiv:2609.01382:proposition,H2,c4339f01f7f3a0382111e82fd610aa7192a86791e8de3bd0a63050f0cfb519ff,
209108,2609.01402,v1,Parabolic Lie algebroid connections on parabolic principal bundles over curves,"Indranil Biswas, Pritthijit Biswas",arxiv:2609.01402:main,H2,e0208f91922da4d0759d0bb4ec7788a20d3140db7fc2cdbd2037de217caecd0a,
209109,2609.01429,v1,The Discrete $L_p$ Minkowski Problem for Negative $p$,Junjie Shan,arxiv:2609.01429:lem:w-regularity,H3,704d4fe10972cbfe763b778aff0fe9575efedc11f47e36f748318df03fd05913,
209110,2609.01439,v1,Box-Delaunay graphs of large chromatic number,Istv\'an Tomon,arxiv:2609.01439:lemma,H2,578f915ee2681be1013c23c31c13e6d3136cd20489b7080fd02e954926bdfc2b,
209114,2609.01462,v1,Parametrized LS category and group actions,Urban Ogrinec \and Petar Pavešić,arxiv:2609.01462:prop:ex-free-by-z,H2,334d76e31342abb9b98c7cf2be3c42f5f183862197f24a9bad9481137a91cef5,
209115,2609.01464,v1,Removability of non-isolated singularities for Einstein metrics and RCD spaces,"Gioacchino Antonelli, G\'abor Sz\'ekelyhidi",arxiv:2609.01464:lem:monotonicity,H2,f8a4529aaf5788cd289a0bde88aaa7cbda80d51231782874eb0400dcaa3c5d92,
209117,2609.01483,v2,On cancellative pairs of families of subsets,"Yijia Fang, Hao Huang",arxiv:2609.01483:lem_key,H2,5bdb27bfb140add6b3c0b63d9b92fad1be3f17537b01d82aaa5525fde726a871,
209118,2609.01484,v1,A General Construction of Codes from Drinfeld Modules,"Alessandro Giannoni, Giacomo Micheli, Mihran Papikian",arxiv:2609.01484:proposition,H3,4892ae7cfc8b586d61c0ab53dde9e37a472e45f6ef8f8f3a1f734014662c9515,
209121,2609.01501,v1,Singularities of star cluster algebras,"Eleonore Faber, Bernd Schober",arxiv:2609.01501:prop:newpresentation,H3,c499be1bab35f404bfef88574b69db68511f3bb2909c5f65b296ea532c9f4ada,
209123,2609.01520,v1,A stable limit theorem for SDEs driven by multiplicative $\alpha$-stable processes,Kun Yin,arxiv:2609.01520:str-contra,H3,0f624cc426ffa048af518a81f5a857a05e25610b8ff0451e22f5d2fbaccd0606,
209124,2609.01547,v1,Irreducibility and regularisation properties of Gaussian quantum Markov semigroups,"Franco Fagnola, Federico Girotti",arxiv:2609.01547:lem:kerct,H2,63472830a18d2ce04dda60a0b4b30696d62a76a384edbeea2bea3275e1ad509a,
209125,2609.01570,v1,A Proof of Fraenkel's Conjecture,"Hu Tan, Ying Zhang",arxiv:2609.01570:lem:dyadic-close,H3,ef3dcd0c8e651a1276e9fad5afdbbbba8552fd637e727697e3390965ce040b6a,
209126,2609.01576,v2,\normalfont Simultaneous Pointwise Majorization for Mixed Tail Processes with Applications in Gaussian Chaos and Ergodic Diffusions,"Haichen Hu, David Simchi-Levi",arxiv:2609.01576:lem:mixed_tail_finite_pointwise,H3,58062f8b9929ad0365dbe796702230b7aa1ab53a6cbdfe469edf2915c12bdb4d,
209127,2609.01578,v1,Greedy sampling designs via reduced basis methods:\\optimal recovery in the uniform norm,"Sebastian Neumayer, Kateryna Pozharska, Tino Ullrich",arxiv:2609.01578:prop:gm,H2,038fd9d817c3e24b6661ae25de10ff6df5ec3fd07b086a5d459fc93e5778cf7c,
209130,2609.01635,v1,Discretization-free exact recovery in geometric community detection,"Maarten Hoeneveld, Moritz Otto, Rapha\""el Sala",arxiv:2609.01635:lem:geometric-split,H3,139e5e51cc04969c25d6555f324188c60fd685a6cabac0f1bbf7d6bdb16366c6,
209134,2609.01670,v1,Countable IET Models and Defect Sets for Interval Translation Maps,"Sergey Kryzhevich, Khosro Tajbakhsh, Reza Yaghmaeian",arxiv:2609.01670:thm:ae-invertible,H3,249091fe5828e2b5b024e37044333499be6dbc5f5e7556c81ca30862d072a2e6,
209135,2609.01688,v1,On the discretization of the object space in inverse problems with application to cryo-electron microscopy,"G. Mordant$^\dagger$, L. Evans$^{*}$, D. Silva-S{\'a}nchez$^{\dagger}$, P. Cossio$^{*,\circ}$, R. Lederman$^{\dagger}$",arxiv:2609.01688:thm:-lowbd,H3,0bfb324f9005ded3c77f7dc25835e7cab5ba512286122270b5850931c4f59e02,
209136,2609.01690,v1,Iterated-sumset spectra: The complete exponent law and its rank geometry,Henry Shin,arxiv:2609.01690:thm:defecttwodiameter,H3,a6ae5147ee80850ba7e9b9bc633061d8315be5f520e5fd31df1f431ceac1d857,
209139,2609.01748,v1,A double-adaptivity solver for parabolic PDEs,"Gregor Gantner, Robin Smeets, Rob Stevenson",arxiv:2609.01748:eq:92,H2,1ed5d5888b9ccbe6444934a34dcbe4bd45df60425300b2009ba9f9e0e74ef3f0,
209140,2609.01751,v1,Orthogonal polynomials which are eigenfunctions of a partial differential operator,Yuan Xu,arxiv:2609.01751:thm:rb,H3,c8ba82eeec16bf01a78518b102f45ee53fdd377b7542a31b0e59cfb87eab9093,
209141,2609.01766,v1,An infinite small-step $\Z^3$-walk with no collinear triple,"Stijn Cambie, Erik Kalviainen",arxiv:2609.01766:theorem,H3,dfcc801bedecb8b51d7d12892d10e43cc5a6c7342060a0abc7698a99de6f38c0,
209142,2609.01789,v1,Ranks and integer points on elliptic curves induced by Fibonacci triples,Andrej Dujella,arxiv:2609.01789:coprime,H2,037f0b4fe6bf9fb6668d70734877b995ad0ed32576a3486cdb9f54c63b4baeaf,
209145,2609.01826,v2,"An extension theory for fully fractional Schr\""odinger equations with memory","Nicola Garofalo, Gigliola Staffilani",arxiv:2609.01826:l:u0l2,H3,5d815185eee3723c3ed3efd3388711802fcc13483ca4e186fe51244bbc0569bd,
209147,2609.01854,v1,Orthogonal completion of algebraic systems,A. Yu. Golubkov,arxiv:2609.01854:lemma,H3,fa18481b7cd119416d09421a2a218ee420431cc9b75e2143713b9e43d633c267,
209149,2609.01885,v1,The Order of the Non-universal Tree of a Hilbert Space with Respect to the Haar Basis,Sam Whitmire,arxiv:2609.01885:boundedorthogonal,H2,35a8f9e0fa1c4cb2ac42f1666f3e40aeb6ba2c9ea50eb0cf4df0a378e32c1a9c,
209151,2609.01891,v1,On the integrability of the Kirchhoff-Pohozaev equation on tori,"Dario Bambusi, Emanuele Haus, Simone Marrocco, Michela Procesi",arxiv:2609.01891:formal-lin,H2,a187606b3d16b79429c2715cdf634d0a695784b939e169718d9f0a60096ec976,
209153,2609.01926,v1,On Sum Ranges for $3n$-convergence,Preston Martens,arxiv:2609.01926:theorem,H2,2cb0801beec13a320ad4c85e408067570f4761a39ed0e78591daedc471016231,
209154,2609.01932,v1,Essential dimension and faithful rank of finite $p$-gerbes,Tianzhi Yang,arxiv:2609.01932:pro:generic-embedding-problem,H3,175ae084c0f4841f758a0b49c88a270464bda3e4d46b51db36f28d018c611ca3,
209155,2609.01953,v1,Superintegrability of stratified symplectic spaces,"Zhuo Chen, Kai Jiang$^*$, Nicolai Reshetikhin, Husileng Xiao",arxiv:2609.01953:prop:tangenttorefinedstrata,H2,606461410fbf7764b5abda1c52b6cf11f4f9edf5d38b755480e12ce27e8a899a,
209158,2609.01998,v1,New Upper bounds on the Mondrian Art Problem,"Thomas Garrison, Chris Seiler, Aliaksei Semchankau",arxiv:2609.01998:thm:main,H2,30bf4ad5021333f9eb28d78811625f4ffe5f0d1387da190ba73a190623584eda,
209163,2609.02027,v1,Multi-Turn LLM Conversations under the Least-Recently-Used Policy: Mean-Field Asymptotics and Hit Ratio Approximation,"Heyuan Yao, Chutong Gao, Yuan Lyu, Izzy Grosof, David Simchi-Levi",arxiv:2609.02027:lem:-poisson-random-measure-representation,H3,cbe63ce1d8fb14a777fbfbe2a3cfc847b182dd6902342b9f2f7903931cb35ccb,
209165,2609.02040,v1,\Large Quantum Landau Damping with Coulomb Repulsion in the Whole Space,"Dongfen Bian, Emmanuel Grenier, Laurent Lafl\`eche, Quoc Hung Nguyen",arxiv:2609.02040:lem:decay_gr,H3,015ce817d41b35c3bbd93084dac081747f466d6ca82a98a2f464452acb2af71e,
209166,2609.02041,v1,Sparse $k$-AP Covering Sets and the Arithmetic Kakeya Conjecture,Pitchayut Saengrungkongka,arxiv:2609.02041:lem:sampling,H3,e0aa1c7184ec5f4bda44e66fc150c841eb156dc56b27935fa7dd9e27adccc090,
209171,2609.02071,v1,Turnpike properties in nonlinear system identification,"Julian D. Schiller, Matthias A. M\""uller",arxiv:2609.02071:thm:coerc,H2,09e19695c2cced3947c122e7837ddcb437261ca0ffce7dd653a1ba11ca2221fd,
209172,2609.02086,v1,"Mutation--selection balance on an infinite trait space: confinement, drift and equilibrium",Phil. Pollett,arxiv:2609.02086:notattained,H3,53ac363cf887f33ef215c40bbfd66f320ac8335eaf3a3107aaf86903ef8139a0,
209173,2609.02096,v1,New binary optimal LCD codes using heuristic embedding,"Haeun Lim, Junmin An, Jon-Lark Kim",arxiv:2609.02096:cmtq-2019,H2,c606704c7cb7ddf79656686322d3b57754fb6d7b8a84fedfbb17a821f7a23f12,
209176,2609.02135,v1,Constraint-Preserving Genetic Algorithms for Embedding Linear Codes into Self-Orthogonal Codes,"Haeun Lim, Junmin An, Jon-Lark Kim",arxiv:2609.02135:orthogonal-group-generator,H2,a546186ba18510607ce6f5f220d4b6603168ffdfb9ed73a0a470cf44a884ca02,
209177,2609.02136,v1,Gamma approximation and Poisson--Gaussian invariance principle on Poisson chaos,"Dionysis Milesis, Guangqu Zheng",arxiv:2609.02136:thm4,H3,27c49217d1be69d617bdab9cfa2adc1eb596a67c1193248632c7e8c844fe1220,
209180,2609.02169,v1,Degree of irrationality of abelian surfaces,"Songsong Huang, Zhi Jiang, Xin Yang",arxiv:2609.02169:prop:good-theta,H3,df4902f294d7989de0c273a96433f5c2a756b9f25186b3de92b558c8b051b7e7,
209183,2609.02220,v1,Recurrences for permutations with long increasing subsequences,"Manuel Kauers, Chen Wang",arxiv:2609.02220:lem:parseval,H2,039af0e255cbc55c08270ad9ce9859367253009cbc5e31b50154417058a4f60e,
209184,2609.02234,v2,A linear bound for nested cycles without geometric crossings,"Jiangdong Ai, Gregory Gutin, Yiming Hao",arxiv:2609.02234:lem:fullfan,H2,84ad1664392417329804ef2a5dbbefd6bee9eaebe1e6f730c8394675fa30dc35,
209185,2609.02257,v1,"Aperiodic random walks: uniform estimates, local limits and invariance principles",Jiaming Xu,arxiv:2609.02257:lem:unconditioned,H3,c9d7c3ee621b0d53904c5e816532a626b6bba61e8fde8e9fdfdf3461e3654e8b,
209186,2609.02267,v1,"Locally Conformally Flat Manifolds with Positive Scalar Curvature: Kleinian Groups, Moduli Spaces, and Euclidean Rigidity",Jialong Deng,arxiv:2609.02267:lem:cylinder-moduli,H3,060ccfd17bab485a318ebe43a774629ba6b80558c8bbf59ae66adaaeb7c24418,
209190,2609.02308,v1,Affine Copies of Three-Point Patterns in Sets of Integers,Samuel Korsky,arxiv:2609.02308:lem:one-three-way-split,H3,884f091fb809185d027967802a2969fdbb5f723c48c16c50bbe9ca8159ee5177,
209194,2609.02389,v1,The Class Edge-Reconstruction Number of a\\ Maximal Planar Graph Is One or Two,Sergey Ivanov,arxiv:2609.02389:prop:cubic,H3,e129d66a1da5ff4a47614653c8a0ce2531b1050061b828ff797df2d5029eda64,
209200,2609.02439,v1,"Dual Geometry of Spherical Designs:\\ Polarity, Self-Polar Rigidity, and Quadrature Structure",Congpei An,arxiv:2609.02439:thm:stable-quadrature,H2,39eca3585365b017bf8d568dd7a73549e658709fa2154ad22ab46d7aac61596e,
209201,2609.02444,v1,The Hasse norm principle for $A_4$-quartic extensions of global function fields,"Anand Deopurkar, Rachel Newton, Vaidehee Thatte, Rosa Winter",arxiv:2609.02444:thm:-failbound-general-n,H2,6d638cf375865715360d928d33d29c35c23bb39dec0505e079a4eb8ded353469,
209202,2609.02454,v1,Exponential Consensus and Flocking in Multi-Agent Systems with Infinite Fading Memory,"Cristina Pignotti, Yu-Qing Wang",arxiv:2609.02454:lem:uncoupled_transform_1st,H2,ea7005a591676f117ff4ae48444aecf7b8de98c9402f68c9fdd892c20e60b8c4,
209203,2609.02478,v1,Improved Weyl bounds on short intervals,Xiyu Hu,arxiv:2609.02478:thm:maximal-fibre-moment,H2,d9be88acdc4841a7b49acdfb0a1f556c7af4e860de685e5661c6446fef6baa25,
209204,2609.02479,v1,Accelerated Convergence of a Second-Order Dynamical System and its Application to Splitting Algorithms for Comonotone Inclusions,"Yan Tang, Jun Dong",arxiv:2609.02479:thm:pointwise_magnitudes_layered,H3,ea9ff197d982696a60f76e4a6a1f5f50fd448d32ecf38ff3d74f1ed53889863e,
209206,2609.02494,v1,Learning Parametric Monotone Games,"Alberto Bemporad, Tatiana Tatarenko",arxiv:2609.02494:lem:splitting,H2,f842ed285ee7e750b1481e2ecc0312e777d4695a405b259f5475001287d77732,
209207,2609.02508,v1,The binary actions of\\ sporadic groups,"Coen del Valle, Nick Gill",arxiv:2609.02508:lem:intrans,H2,f17545b71d0033ea81be3900bd54569ad6aa065109cdaf02619bb9abc7260852,
209208,2609.02516,v1,Power convexity of the torsion function on horo-convex domains in hyperbolic space,"Wei Zhang, Qi Zhou",arxiv:2609.02516:proposition-ball-case,H2,1365cca49e6680c2e86b39634633ce602eb11ed579c4335e69355eabed097d74,
209218,2609.02607,v1,Spatial inhomogeneity for a three-dimensional doubly degenerate nutrient system with indirect consumption,"Ai Huang, Xiangmao De-ji, Jing Li, Yifu Wang",arxiv:2609.02607:lemma3.5,H3,ea1fc7c6a1de46f4b82b31d3cea22f02fea45dc9f2a36f6a1d2f2bafccbc125e,
209228,2609.02701,v1,Circuit Decompositions for Triangulations of Surfaces,"Jens Harlander, Maizie Quatrone",arxiv:2609.02701:theorem,H2,c0a309571722a87bda1dcbd200b469df68f102a41445bd9571ebb08e55c08eda,
209230,2609.02713,v1,On divergence related to Riemann--von Mangoldt's explicit formula of the prime-counting function,Harald Grobner,arxiv:2609.02713:prop:ha,H2,772e4b77a107a669504f4b651932e814c457adb80a00ff70f591fce6549599ed,
209231,2609.02718,v1,Smooth Counterexamples to the Eisenbud--Schreyer--Weyman Ulrich Existence Problem,Cristian Anghel,arxiv:2609.02718:prop:local,H3,732a9f9bfa870ad89c72d90697a8560506c92918e5cecaae3fe5904e77997925,
209232,2609.02728,v1,From Polyak to Nesterov: Landscape-Aware Momentum Methods May Improve Stability and Data Scaling,"Jia-Nan Wang, Zixun Huang, Kairui Li, Lei Wu",arxiv:2609.02728:app:thm:nesterov-stability,H3,2a095ac2ec5f54e43fe456622dead801ee24464ecf43e605f8bd96062036f474,
209235,2609.02801,v1,Ratio and limiting zero distribution asymptotics for symmetric multiple orthogonal polynomials,"Ana Loureiro, Walter Van Assche",arxiv:2609.02801:lemma-independence-of-limits,H2,83da91209ac16b2ed8eab3857a688dde09f72aa3958bda0b0d41bc6ebaa0bc5f,
209239,2609.02832,v2,Copula Transformations for Data-Consistent Inversion,"Troy Butler, Tianyi Jiang, Jo\~ao Silva, Harri Hakula, Timothy Wildey",arxiv:2609.02832:thm:mtd2_converges,H2,bb66756a5393ec81e03b606da4ee9f3422540015f8a14edaeabb860840cdcc23,
209246,2609.02869,v1,Statistical Inference for Probability Barycenters and Kolmogorov Moments,Manuela-Simona Cojocea,arxiv:2609.02869:thm:adaptive-bootstrap,H2,1eb0073b0bfba368f9db8d4c82db84d9da9da0f2fc312a4771c420462c30894e,
209247,2609.02871,v1,Estimating the number of real zeros of linear combinations of radicals of polynomials,"Gal Binyamini, Avner Kiro, Alexander Logunov, Dmitry Novikov, Dmitrii Zakharov",arxiv:2609.02871:lemma:main,H2,4a73b8d9c741e3953b03b814c7b0d32f0e136cc52db2b068fd4c6a701e28d9cb,
209250,2609.02884,v1,Chebyshev's method applied to polynomials with rotational symmetry,"Tarakanta Nayak, Pooja Phogat",arxiv:2609.02884:non-a_1,H3,6e372f05598dd95bdcdaf60a201ba8716a8ee6c769dc513f996b68e824c98e30,
209251,2609.02927,v1,Reducibility of symmetry on $q$-Painlev\'e equations,"Chihiro Sato, Kouichi Takemura, Ohka Yamashita",arxiv:2609.02927:thm:e6compati,H2,662513ead14ecb2374df88d55e6cee3ead49d6198bd47d18458825869f5b247a,
209253,2609.02953,v1,Alon's Question on Connectivity Graph-Codes: $f(d)=2^d$ for Every $d\geq 4$,Chenxiao Tian,arxiv:2609.02953:lem:bad,H2,802c2223e152616ac919fe8ac187011bec0856a0c2a93d319ebe373517defff4,
209257,2609.03043,v2,Monstrous parafermionic defects and other non-invertible symmetries in chiral CFTs,Roberto Volpato,arxiv:2609.03043:th:paraf,H2,500b416dd9ef505464f69a60105ee808fb83c9e89888e9f853461ee269fe69ae,
209258,2609.03050,v1,An upper bound for an exceptional automorphism group,Xu Zhuang,arxiv:2609.03050:prop:unique,H2,8510a0d786d8b0fda5f8c138c4d99687f3befa9a6a648f01bbfb2ae2ecb753a8,
209262,2609.03087,v1,Confirmation of the Daykin-Frankl Conjecture,Kada Williams,arxiv:2609.03087:key,H2,dc05ffca6acdc4c0bf3671c5d8721ee978d62588368ed8ef19521ed2411302de,
209264,2609.03093,v1,Local quadratic isoperimetric stability of the truncated octahedron among parallelohedra,Lark Song,arxiv:2609.03093:thm:main,H3,b6386974972281c9e19753489a77c879663f0fc2501d32c9d79fa2c0b1fafc36,
209266,2609.03127,v1,Skolem-Mahler-Lech in rings of positive characteristic: a shorter proof and a multi-dimensional generalization,"Ruiwen Dong, Doron Shafrir",arxiv:2609.03127:lem:split_extension,H2,07138a99f9baeb92ca1eb4189b48a48163736083f7d6cf38e8670a11de2a62cd,
209267,2609.03131,v1,Symbolic Powers and Asymptotic Invariants of GL-Invariant Ideals,"Sankhaneel Bisui, Alexandra Seceleanu",arxiv:2609.03131:cor:-schubert-corrected,H2,6f17a66f1befa30832a806947c91ab442ae8c84608d7e4eb0ccee15ddeb63a8d,
209268,2609.03135,v1,Existence of multi-peak solutions for singularly perturbed problems in the zero-mass case,L\'eo Demuth,arxiv:2609.03135:uniformity,H3,cd71c5c771f85db195d0073de5d9fbce609543a119885a0beb38d061ed6532b1,
209269,2609.03136,v1,Structural Compatibility and Uniform Stability of Temporally Degenerate Parabolic Systems,Amadou Ciss\'e,arxiv:2609.03136:thm:critical-residual-certificate,H3,4c9c419478205b9348201f41b444295f7347c36fd3271fde0564598cdbc77129,
209271,2609.03171,v1,Factorization patterns and fields of definition of $\ell$-torsion points on the Jacobians of genus 3 hyperelliptic curves,"Amalia Pizarro-Madariaga, Edgardo Riquelme",arxiv:2609.03171:lemma:orbitlayers,H2,764a4ad944ab63764bbeff2834672b1e18cbc636b31e5618c51f61074b59a936,
209274,2609.03190,v1,Coupled Tensor-Tensor Completion Method with Applications in Drug Repurposing,"Maryam Bagherian, Albert Hung, Ivo Dinov, Joshua Welch",arxiv:2609.03190:prop:perturb,H2,9d6c47889628e5a5e0999ea32960c0b59890636785eb94cef32948496f1afe7b,
209276,2609.03195,v1,Lecture hall polytopes and\\Lakshmibai-Seshadri paths,"Rocco Chiriv\`i, Martina Costa Cesari, Xin Fang, Peter Littelmann",arxiv:2609.03195:thm:invariant-ring-gamma,H2,e278a25a7bbcd6eefb0e3a61d384036264ee62affcdb0e4503c3b25e01ea17a3,
209278,2609.03208,v1,$G$-Exponential Families through Probability Coordinates,Manuela-Simona Cojocea,arxiv:2609.03208:thm:tail-equivalence,H2,ecba10afc59951956d695c387857897b4c2e7fbd70c8e7737976c2edadca63db,
209279,2609.03224,v1,"Optimal bounds for embedded eigenvalues of one-dimensional discrete Schr\""odinger operators with decaying potentials","Jifeng Chu, Wencai Liu, Kang Lyu",arxiv:2609.03224:lssccs,H2,0d50aa05655fec672bd5d518689a66ada87a842d8cef718e9ce30ff80bad7190,
209280,2609.03243,v1,Weighted Ces\`aro type operators on the weighted Bergman spaces in the unit ball,"Jiaxin Pan, Cezhong Tong, Zicong Yang",arxiv:2609.03243:lemma4.3,H3,f2f24f91f07019fcae9279743c77cc374e261b073c09287053293741033cd928,
209281,2609.03248,v1,Connections between colored restricted $b$-ary and ordinary partitions,"Karl Dilcher, Larry Ericksen",arxiv:2609.03248:prop:6.5,H2,4ad9c5c83b0288aad5249a0916883561082a352a61cf1df630d56b9e76aa9aa6,
209286,2609.03305,v2,Log canonical models of a fixed variety with varying boundaries,"Xingying Li, Zhan Li",arxiv:2609.03305:prop:very-general-blowup,H2,05615862e823f9df6fbd9dee0fc07d7693f5b6b8e79ec04dd22c01baa01b133b,
209287,2609.03327,v1,Taylor Positivity of Ehrhart Polynomials,Feihu Liu$^{\color{blue} \dag}$ and Zihao Zhang$^{\color{blue} \S}$,arxiv:2609.03327:lem:shifted-rising-comparison,H3,917f5dd43dfa91b6e4e7af3314be42487a227e298d5cb1421a88361148b0ffa5,
209288,2609.03332,v1,"Singularity Models of Finite-Time K\""ahler-Ricci Flows","Frederick Tsz-Ho Fong, Hung Tran",arxiv:2609.03332:thm:h2pp-upper-bound,H2,f2ad12398acaa838cbe2355637e95395f1a079e48d72616dcd6b9ae27d714132,
209290,2609.03361,v1,"Grassmann--Pl\""ucker Parametrization of Convolutional Filter Subspaces:\ Regularity and Closed Embeddings","Hongyu Yuan, Huaiqing Zuo",arxiv:2609.03361:lem:subgrassmannian-closed,H3,c31fa3133db75cd1da055bf3cd258f725b02acbf7055228cd217fc0c19ec46fd,
209295,2609.03405,v1,Semi-discrete quadratic Wasserstein energy and state-dependent Langevin exploration,"Ran Gu, Gaoyue Guo, Kelvin Shuangjian Zhang",arxiv:2609.03405:thm:hjb,H3,e91202313e3941a3b1c965ad8487bd7a50a975d0a2b49d23a9b5f9a489f51410,
209296,2609.03411,v1,Adjacent vertex distinguishing total chromatic number of graph products,"Amitayu Banerjee, Jayabalan Geetha, Kanagasabapathi Somasundaram",arxiv:2609.03411:theorem-8.1,H3,16fc0f25cc065681e8dcc8923c34bd5fb27139da48110f9ccf0d801db6d67a57,
209297,2609.03448,v1,Prime-power Diophantine tuples,Andrej Dujella,arxiv:2609.03448:lem:toric,H3,9710598d38787a65095c22783f18ad158457970354ebfd9f05ee4923044667e2,
209302,2609.03506,v1,Divergence of decreasing rearranged Fourier series\\ on every infinite compact abelian group,Morten Nielsen,arxiv:2609.03506:lem:realize,H3,26b9af7e8041b508814a642567742ca54587ca6f5ab5dde7e3bafeb0641b289d,
209304,2609.03512,v1,On graphs with equal domination and total domination numbers,Sudip Bera,arxiv:2609.03512:prop:td=2-bipartite,H2,423f719f1c76528081074625e1737a89d0fe0a60ab34111572020e5a3cce17dc,
209306,2609.03556,v1,"An Effective SPDE Model for a Schr\""odinger Equation with a Fluctuating Magnetic Potential","Franco Flandoli, Reika Fukuizumi, Francesco Grotto, Eliseo Luongo",arxiv:2609.03556:lem:limit_cov,H2,8e1149e2f88b41d25fcc7829b1cfa52e1cb1c1b1b73ac57f1d53cac4c0b8879d,
209308,2609.03601,v1,Beth companions of finitary essentially algebraic theories,"Ivan Di Liberti, Luca Reggio",arxiv:2609.03601:l:ort-vs-sat,H2,ecd9fafb2dfda654633302a820ea8786b9e5d53f2bf8bab04589c3cd780e842f,
209311,2609.03653,v1,The derived set of multiple star polylogarithms,Jiangtao Li,arxiv:2609.03653:logderivative,H3,8a49b9ae35e7a2571bf10be5f452641f08ecaa17eae1f451cba0a546ca2ae676,
209312,2609.03726,v1,Inverse Scattering for Single Photons in Quantum Optics,"Giovanni Covi, Matti Lassas, Medet Nursultanov, Lauri Oksanen, Mikko Salo, John C. Schotland",arxiv:2609.03726:lem:aux_sing,H3,28b5615b84d66cd8c452bcf2974c2f1f7f9e43a7020d34af8b2e6e84c8bc96f7,
209313,2609.03739,v1,Rigidity and volume pinching for the sharp gradient estimate in positive Ricci curvature,"Junyoung Kim, Jiewon Park",arxiv:2609.03739:thm1,H3,0edfea766e9fa8a8c2de5ba307736c8cc1af77f30b6163e4ae81cdf5fc845471,
209315,2609.03799,v1,Fourier Analysis and Idempotents in Quandle Algebras,"Mohamed Elhamdadi, Luc Ta, Bryce Virgin",arxiv:2609.03799:thm,H2,2bebd818f41e8e7aa10b01bdf9070c9e2445ce32e00b133d672da8b921f76f68,
209316,2609.03803,v1,List-distance consistent vertices in trees are confined to a path,"Fei-Huang Chang, Ma-Lian Chia, David Kuo, Guan-Ting Lai",arxiv:2609.03803:thm:path,H2,bbcdfcbc4a8b3265217bdef0894b01aec435a014e549257871340c925d5beb44,
209324,2609.03924,v1,Beyond normal fluctuations in local laws for Wigner matrices,"L\'aszl\'o Erd\H{o}s, Oleksii Kolupaiev",arxiv:2609.03924:lem:dynamic_master,H2,719f1cd32442905f863e977a02e66135a7d5ae33706a167b5bdda07edddd8e21,
209326,2609.03932,v1,Khovanov monodromy groups via motions,"Gabriel Corrigan, Livio Ferretti, Isacco Nonino, Susanna Terron",arxiv:2609.03932:lem:homotopic_ambient_isotopy,H2,1367b1e17dec40dbfcee61a1f9b354845ccf6dfb0449b19fc9448afdf7c98d7e,
209329,2609.03954,v1,Galois representations ramified at one prime via relative deformation theory,Anwesh Ray,arxiv:2609.03954:prop:cyclotomic-specialization,H3,e7a4e7b30d583d6e0ba0d2a2b843e4635fabe928ec1b4c990726ed548b4b6b2c,
209330,2609.03961,v1,On the exponential sum over squarefree integers,"Nicolas Robles, Alexandru Zaharescu, Dirk Zeindler",arxiv:2609.03961:lem:majorant,H2,faff3198d68599df628f944caf0fc3ab0b4f8648f40e5a1e7c6bab26214e4a79,
209332,2609.03988,v1,A $p$-summability approach to the weak maximizing property,"Oscar I. Blanco A. \, and Vinícius C. C. Miranda",arxiv:2609.03988:primeiro,H2,18a43330a20264db7a2800bf1065d50ea5f26617c53674dc6e7704708e140067,
209334,2609.04000,v1,The type and cardinality of minimal presentations of \\ numerical semigroups with embedding dimension four,Kazimierz Chomicz,arxiv:2609.04000:prop_type_suppthm_odd_corners,H3,f12a41a0145fd562f279506e0965c1f7de5c6a3ce4362de7e9b76e769331c78f,
209341,2609.04060,v1,A simple derivation of the zero-temperature BCS functional from the reduced BCS Hamiltonian,"Christian Hainzl, Riccardo Panza",arxiv:2609.04060:lem:abstract-localization,H3,c14817470005c1e72e455ac662115360a16223ef9635f3d5302a89319431bba5,
209342,2609.04087,v1,Global Multi-Maturity SPX--VIX Calibration Beyond Markovian Stitching,"Atithi Acharya, Yue Sun, Brandon Augustino, Shouvanik Chakrabarti, Shree Hari Sureshbabu, Charlie Che",arxiv:2609.04087:thm:strict_inclusion,H2,0cd37e341b3a2c099ecf7b7a7836ad1149ba177015dfde8eb34e1924df2b6500,
209343,2609.04095,v1,Log-concavity and unimodality of Hodge numbers of Hilbert schemes of points over a surface,Anubhab Pahari,arxiv:2609.04095:prop:odd-centres,H3,43ce5a79640221fb469493a37e6b4f5213ac58d1f6f0a5cfeb9eb654e2a1afc1,
209349,2609.04156,v1,A $dd^\Phi$-Lemma and Bott–Chern-type Cohomology for Spin(7)-Manifolds,"Shubham Dwivedi, Ragini Singhal",arxiv:2609.04156:thm:spin7hodge,H2,08d937b5cc59ebc223465dba3ce7dbcdcc1da4e258dc88f8aaed09b4978465ec,
209351,2609.04179,v1,Standard Representations of Crystallographic Coxeter Groups,Emma Booth (University of Warwick),arxiv:2609.04179:thm:reflectisomorph,H2,9fdbf0a06cd17abf18231e6b01d0562fb4313b10b5110a4c35e97df48c15e336,
209352,2609.04246,v1,A Scalar Optimization Proof of Sendov's Conjecture with Reduced Computer Assistance,Senjian An,arxiv:2609.04246:lem:slab-monotone,H2,ae852252dcbb662a944559467bc18990433adbec7aae52422903a42985e7abac,
209353,2609.04251,v1,On the Kobayashi isometries of a class of 2-dimensional Lempert manifolds,Naveen Gupta,arxiv:2609.04251:lem:connect,H2,87eb9fc83394e00f5781c92fbcf7b46a1441f60d00e97a766761de44b713bdab,
209354,2609.04258,v1,Minimal-Volume Equiangular Hyperbolic $4$-Polytopes,Andrey Egorov,arxiv:2609.04258:lem:coefficients,H2,dd66182c508184331cd52d5ecebe6beed39174df0de179b18e5c727265cd953e,
209356,2609.04284,v1,Every Closed Oriented Surface of Positive Genus Is Loewner,Qiongling Li,arxiv:2609.04284:thm:strong,H3,9cee7b442b8e5b300921dfd006b3e8f0d23d7e8269ebe6ada204c2d71f5eba71,
209360,2609.04338,v1,Computing Lewis Weights to High Precision by Fixed-Point Iteration,Swati Padmanabhan,arxiv:2609.04338:lem:kl-contraction,H2,e3516edb045523ae8858ddcb3086554f92f07cf0aeaf50a5d09e5652b2155c64,
209374,2609.04589,v1,"Quaternary Legendre Pairs of Lengths\\42, 46, 52, 58, 66, 72, and 80",Nikita Lebedev,arxiv:2609.04589:lem:sym-cross,H2,992ff86c2009dfdd345dd1b508b960ced0a92980e8a7ff7f4ead6cfa6a6828f9,
209375,2609.04596,v1,An Improved Upper Bound for Multicolour Ramsey Numbers,Sunghyeon Jo,arxiv:2609.04596:thm:offdiag-flex,H3,c7a9b6469db8d29b6f1b71b6f0b76f9d9059ba1977431d42b83ab5748f567f06,
209378,2609.04638,v1,Can we further improve the central limit theorem for stationary $\rho$-mixing sequences $?$,Muneya Matsui,arxiv:2609.04638:aux:lem:ineq,H2,90fb9df9462d03b70ca70a03c0d2be71593eed1d345cdd15add50fcca9fdc3a1,
209379,2609.04643,v1,Local centralizer rigidity for a non-generic diagonal map,"Zhijing Wendy Wang, Amie Wilkinson",arxiv:2609.04643:lem:app-relative-ac,H3,11d13f232c160eff4f94add4af303f009e2fc0b0de3cea9cece818a9963a6a1d,
209380,2609.04660,v1,Twisted Bicategorical Shadows and Traces,Zhonghui Sun,arxiv:2609.04660:prop:tw-multiplicativity,H3,77db5d8d2a7af307fd7e7235af7efbd46f273bb0ddac611517ef1fa35f6579ac,
209381,2609.04686,v1,"Small graphs without power-of-two cycles:\\ a lower bound of 24, a correction to a construction of Exoo,\\ and explicit bounds for $f(k)$",Daniel Garcia,arxiv:2609.04686:thm:450,H2,dfe551d4a7ef6f8256440a2d56f58bd3e1ff05176bfb226e067b9cea8f56c8b4,
209383,2609.04722,v1,Annealed Survival Probability of Random Walk in an Inhomogeneous Poisson Environment of Mobile Traps,Pradeeptha R Jain,arxiv:2609.04722:clm:periodiccase,H2,6b644628b5751a8a38eb42300ed94e67d70f104f2ca0c2937abcf443d6d153b6,
209385,2609.04745,v1,Lie Ideals and Lie Derivations of the Algebraic Toeplitz Algebra,"Nguyen Huynh Thao Nhi, Huynh Viet Khanh",arxiv:2609.04745:cor:graded-lie-ideals,H3,a26c2ecef1f4becba73535c95eb718ccb3cf3caf1a80367181bcf1685df5c551,
209386,2609.04752,v1,The Skew Commutators of Toeplitz and Hankel operators in vector-valued Hardy Space,Priyanka Aroda$^*$ and Santanu Dey$^{**}$,arxiv:2609.04752:skew-is-s+s*,H3,83ef3c5516f59327b922eece3980850f91c749ff9221ae05f09fecd5eb1439a1,
209389,2609.04764,v1,On multiply induced characters,"Masanari Kida, Kyohei Matsukawa, and Hikari Watanabe",arxiv:2609.04764:prop:4.5,H2,188abe184a2352ba68eea8c425f67d24576360473f76bc3168cef48faf33a13d,
209390,2609.04768,v1,Spectral clustering via resistance Laplacian matrices,"Priyavrat Deshpande, Gargi Lather",arxiv:2609.04768:thm:spectrumt,H3,21007700d23867d0367df896d2411595ed4c21cc7bf7d4312cd2e605ca22b66a,
209394,2609.04796,v1,"Superconnections, descent, and monodromy on transversely holomorphic foliations",Qingyun Zeng,arxiv:2609.04796:thm:suspension-derived-monodromy,H2,eb30531cac24bd9ea27e14d24dbb0cdbf5d0ea20da027bde6cfb5160899fe32e,
209398,2609.04918,v1,Rectangular Pegs on Jordan Curves of Finite $p$-Variation,"Xiangfei Li, Yichen Pan",arxiv:2609.04918:lem:smooth-polygon,H2,2d05bfd3538fac615f4a32c0fac0d4192c27b2a68eb6e85865424fc9af37ee34,
209400,2609.04950,v1,The fourth generalized Davenport constant of $C_5^3$,Sze Chun Yiu,arxiv:2609.04950:lem:reduction,H2,232a8f94fd407a59eaa48428f3c9ba9709bd3ad96a652aa2a4e51cfe4e32100f,
209401,2609.04979,v1,A Short Combinatorial Proof of the Pons--Batle Identity for Counting Tree-Child Networks,"Hao Yu, Louxin Zhang",arxiv:2609.04979:lem:twomark,H3,948ebeb298c346151a9ec604b975815a075745260404ecd7b88772ece95b11c9,
209404,2609.04993,v1,\bfseries The Right Edge of the Zero Set of the Fibonacci Zeta Function,Marco Mantovanelli,arxiv:2609.04993:thm:completion,H3,0063dcc41cee92f9ad05bdd1cb3271818eb1a53322433841d311dbbf5e69d9fb,
209405,2609.05005,v1,"A Computational Obstruction to Swapping Area and Dinv:\\ An Automata-Theoretic View of the $q,t$-Catalan Symmetry","Jineon Baek, Byung-Hak Hwang, Joonhyun La, Hongseok Yang",arxiv:2609.05005:lem:two-parameter-presburger,H3,bf3a68eefae7e2c618f6ebd0c7ea5d6b8d5a4708481efa19133fa42aab20a0f1,
209406,2609.05017,v1,Algebraic Geometry Codes Approach the Half-Singleton Bound with Constant Field Size,"Neehar Verma, Camilla Hollanti, Razane Tajeddine",arxiv:2609.05017:corollary,H2,4dad4397a8afccb14523e6d71802975237b5a5b76111ee778a60aa1b0b21cd36,
209407,2609.05034,v1,Faster Learning under Relaxed Local Differential Privacy,"Cristina Butucea, Huiyun Tang, Marie-Luce Taupin",arxiv:2609.05034:prop:tv-ldp,H2,e8835a0464434142d345d6a0e96db8b07e8c93d10bb1b79fdfbeaaf2ff10e875,
209409,2609.05042,v1,$L_2$ Tur\'an Problems for Small Tournaments and Stability,Daniel I\v{l}kovi\v{c},arxiv:2609.05042:thm:tt4,H3,8c6079ac2e8cc1c2d1ae02350e15aae4a2453c4be780fc43356d27f3225dcf54,
209410,2609.05044,v1,A comparison of the v-number of a monomial ideal and its integral closure,"Prativa Biswas, Mousumi Mandal, Partha Phukan",arxiv:2609.05044:prop:v-stability-squarefree,H2,53e7d1144bfaf545bb78ba29381389fb639f2684121705c18b3ab3c16dd89ffa,
209415,2609.05106,v1,full title,"Zhi-Lin Dai, Hai-Ping Fu$^*$, Yao Lu",arxiv:2609.05106:theorem1.1,H3,9c09ec8241ebc042f00a97ce7d18ca65457ffc7ecc39e84a40d4d220e9ba1af9,
209418,2609.05180,v1,A simple shallow neural network for emulating the solution to singularly perturbed problems,"Christos Xenophontos, Aayushman Raina",arxiv:2609.05180:prop:nnbl,H2,aea90194c298d8eb375f92a978197cc1ebc953eb438703b14b77374c4b691b5d,
209420,2609.05193,v1,Global well-posedness of the 3D Navier-Stokes\\ equations with helical $L^1$ vorticity,"Francisco Gancedo, Antonio Hidalgo-Torn\'e",arxiv:2609.05193:thm:higherregrate,H2,e77655c7cc44a967b548f57a397b68ad69f8d0207a7f04a9fde8bedfe54bdd43,
209421,2609.05201,v1,Optimal inequalities for completely bounded polynomials\\ and the limitations of quantum query algorithms,"Francisco Escudero Guti\'errez, Miquel Saucedo, Carlos Palazuelos",arxiv:2609.05201:theo:optimalcbbhblockmult,H2,b324297b691a51660fd27baa213386f4f818ef1e347f2ee7c2409ab312f5d40a,
209427,2609.05357,v1,"One-Cut Risk Profiles under Quadratic Loss:\\ Discrete Convexity, Continuous Limits, and Higher Dimensions","Mihaela-Adriana Nistor, Ionel Popescu",arxiv:2609.05357:thm:fiber-reduction,H3,9816aaab2efb91ef41fafdca2343911ee1cbd6c2e4f516873189dce570024d57,
209435,2609.05389,v1,"A note on right-angled, ideal hyperbolic polyhedra",Ian Whitehead,arxiv:2609.05389:theorem3,H2,869ee9c2bcfff0f460dbbd6b12c15c4d4e84e4f182356e21a19f720c71a9d9f5,
209436,2609.05411,v2,The extremal cases of the Erd\H os--S\'os conjecture,"Bruce Reed, Maya Stein",arxiv:2609.05411:tatmost200leaves,H3,46399fd75e05fac1841c9a136f812c77dd5a83965f9ba3878f7ca4488c19d246,
209439,2609.05473,v1,Information Loss under Gauge Reduction\\ of Discrete Electromagnetic Fields,Jean-Pierre Magnot,arxiv:2609.05473:thm:explicit,H3,02731199d91f8dbd4abd173b01254e18b5a84d6d7a67d66449a91fa7c56cc3db,
209440,2609.05497,v1,third-order relativistic kinematics and siacci shock decompositions via localized darboux frames,"Fatma ALMAZ, \c{C}\.{ı}\u{g}dem YAVUZ",arxiv:2609.05497:theorem,H3,150802df23cffad9e9d5fef6713b1ff5268c3edec5254445926e351adaa4d00c,
209441,2609.05504,v1,\normalfont\LARGE A Complex Structure on $S^2\times S^4$,"Shengtao Guo, Ethan X. Fang, Junwei Lu",arxiv:2609.05504:lem:an-finite-index-cusp,H3,e26b3bd3ac7b85891369d321bce781ad3239acada073cf1c81f5ea5741aba116,
209442,2609.05530,v1,"Tensor constructions for Euler magic matrices and proper examples of orders 9, 27, 81 and 243",Sanjit Singh Mehat,arxiv:2609.05530:thm:converse,H2,dda1f3cb27d334db1737e06fa0c52bde7f7936021cb5a5b0a73dea6a74c83da0,
209446,2609.05566,v1,\large\scshape Spread of Chronic Wasting Disease under Stochastic Environmental Conditions and its Control using Deep Reinforcement Learning,"Wei Yin, Wesley J. Marrero, Kamal Jnawali, Lale Asik, Michael G. Tyshenko, Tamer Oraby",arxiv:2609.05566:cor:lambda-lower-bound,H3,a727f85a4d95280e93b02f64154cf03b165a0552cbee7cd0ee52d6d77cdc3001,
209449,2609.05577,v1,All doubly stochastic solutions to $AXA = XAX$ when $A$ is a permutation matrix,"Bogdan D. Djordjevi\'c, Neboj\v{s}a \v{C}. Din\v{c}i\'c, Yingshan Chen",arxiv:2609.05577:udmus,H2,d74bb5156f7f1d121ba3520277f70874ce89a5a3aaf8a3e8dd41540099ddadc0,
209451,2609.05617,v1,Bias-Corrected Subspace Intersection: Minimax-Optimal Shared Subspace Estimation in Multi-View Data,"Xianwen Song, Yuepeng Yang, Cong Ma",arxiv:2609.05617:lem:nullspace,H3,7bf3d07cca4b1ff3b5c86eebefab1db21fd2607ec32b55ae8966dd866a0e99c6,
209454,2609.05652,v1,Lower bounds for some value sets over finite fields:\\ incidence geometry and Bourgain's group expansion theorem,Xiyu Hu,arxiv:2609.05652:thm:abstract-intro,H2,6e77a74849cf5e81835eefd4c967c845bef6413f9f2d6c8d9d2abd6766636a22,
209457,2609.05697,v1,Global asymptotic stability of KdV--Burgers fronts \protect\\ in a weakly two-dimensional model,"Jared C. Bronski, Olivia Clifton,, Vera Mikyoung Hur",arxiv:2609.05697:prop:g-n_strip,H2,9017e8e77d1358d583857da16573efd25b3912bb4a9934d43140deb738055c3e,
209458,2609.05699,v1,Generating quantum error correcting codes from topological pre-thermal scars,"William N. Faugno, Frank Barrows, Terry A. Loring, Nathan Goldman, Alexander Cerjan",arxiv:2609.05699:thm:kl-exp,H3,b4aeaa576746f8ea15dcb589cb67f0eb7e271fb14c759522bc847b574ba69fa9,
209459,2609.05705,v1,Commensurability and quasi-isometry classification for one vertex one loop tubular groups,Amy Tao,arxiv:2609.05705:lemma,H2,3e73d4e4c8b8089e9c292b4c75d4fe11c40e22018a3144fa9ce7c53b5240e30e,
209461,2609.05732,v1,Continuity of the normal cycle with respect to $C^0$-topologies,"David Cohen-Steiner, Antoine Commaret",arxiv:2609.05732:theorem,H2,2d1456b4b61c84b04019b60b895df07155f626d3a304ad1a06722a3d42192bb3,
209462,2609.05733,v1,The topology of tridiagonal isospectral sets,David Mart\'inez Torres,arxiv:2609.05733:pro:contractible,H2,85ca0a5c9485312a30d0032ea7ce4a044c65be60fda87e90f484478083056583,
209463,2609.05775,v1,Convexity from order: a theory of faces and generalized separation,Matthew S. Scott,arxiv:2609.05775:loc:affine_cross:lineality.statement,H2,867180c8bbf061bf410f48934113517166ebdefb81e0107bab1dcb61e9d3cb9e,
209466,2609.05790,v1,Lehmer Transform,Masoud Ataei,arxiv:2609.05790:cor:rigid,H2,f37a16c66efdac79d291b598c6f77aa7df5c83a0fc06a44fc24fb5f152cebb47,
209468,2609.05866,v2,\bfseries Fock-Space Geometry and Demailly's Conjecture,Trung Hoa Dinh,arxiv:2609.05866:thm:amplification,H3,8470a9fc0a63f1fefeffe0c433b6a50679fec56e55507ac4e44de8dc6f3d2713,
209469,2609.05869,v1,Exact Finite Integral Geometry: Directional Kernels and Spherical Designs,Congpei An,arxiv:2609.05869:prop:power-multipliers,H2,e0fb17b0fe1d907ffd2c072fe25103071112c5fe47d6d90bd93f39db2360f7f0,
209472,2609.05891,v1,Weak Polynomial Completeness Does Not Imply \\ Almost Polynomial Completeness,"Viet-Hoang Tran, Tan N. Nguyen",arxiv:2609.05891:prop:invariant,H2,2dbbab419794192bb56292d0c52a01054857761455e08fa108056930c0d37a6e,
209476,2609.05939,v1,A structure-preserving implicit-explicit method for a hyperbolic approximation of fourth-order PDEs,"Rahul Barthwal, Rahuldev Ghorai",arxiv:2609.05939:lemma:discrete_inverse,H2,cd1cb8c33e19bcbba435db55b6c3f7afedea4454bd0aceef888a1c9413681caa,
209479,2609.05961,v1,A $q$-microscope for mock-theta denominator patterns,Mohamed El Bachraoui,arxiv:2609.05961:thm:nu-finite-theta,H3,25aa3fec4c3a730c4375e7b391549498bb6bc6810225ec01a115fda7a7324a53,
209481,2609.05991,v1,A sub-Riemannian endpoint map with no regular values,"Antonio Lerario, Luca Rizzi, Daniele Tiberio",arxiv:2609.05991:lem:abnormal,H3,4d763101aed3e8f0fa2fd70518eb1540a59f953206b52466f20a123fe57e8535,
209482,2609.06002,v1,Boundedness of Stein degrees in positive characteristics,Xintong Jiang,arxiv:2609.06002:genres1,H2,bbdb26463f8ee8ba511a9803c0fef86d902dfb05d92e1a7a70570dcf1f07ee58,
209484,2609.06023,v1,A Note on Additive Diameter,Ernesto Ingrosso,arxiv:2609.06023:thm:rightineq,H2,7679de46b279274b79c00337b4583042a11c2dfd4722ef60587fe6992df35fb4,
209485,2609.06029,v1,A Conway--Coxeter theorem \\for decorated frieze patterns,"Takeru Kuwana, Katsuhiko Matsuzaki",arxiv:2609.06029:eq:fundamental-domain,H2,f0211ce2e089967eacb5d5d49f042565ec2b67baf93bf283987071019576eb66,
209491,2609.06088,v1,Dynamical Systems and Nonconvex Quadratic Programs,Nguyen Nang Thieu,arxiv:2609.06088:lem4,H2,140fc013d5d8d2e224e22cbee4364cf2a9105ad3803a1205395b59571d89f282,
209492,2609.06127,v1,"PAGR: Proof-Carrying Algebraic-Geometric Retrieval:\\ A Quiver-, Provenance-, and Sheaf-Theoretic Framework for Grounded LLM Retrieval","Xingting Wang, Min Wu",arxiv:2609.06127:thm:margin,H2,64ab647198c313aa0f2f9e5beb5bc03284c522b4af44a2570fa8d24f4cb6f948,
209493,2609.06132,v1,Generic Strong Well-Posedness for McKean--Vlasov SDEs with Jumps in a Krylov-Stable Coefficient Space,Mingbo Zhang,arxiv:2609.06132:thm:local-weighted-krylov,H3,bea0b6c31d4f4f7c446ceb01b9dd136c9b362e1d9933194e8d79eef55dc9a9b4,
209497,2609.06166,v1,"The entropy of coclass one \\ and of SmallGroup(729,45)",Helga Boyer von Berghof,arxiv:2609.06166:thm:coclassone,H3,4126d36cd6cf817889a2cb358d36a8f026703f088d6da3377dffd541ca9a7c90,
209499,2609.06175,v1,Sunflower-Free Uniform Families: Recursive Constructions and Explicit Bounds,"Edward Axante, Cristian Budala, David Chitic, Bogdan Dumitru, Mihai Nacu",arxiv:2609.06175:lem:f43-last-profile,H3,152fc24f65bff9ef456bcc588797dbe07230eaf839c75bb8fbcd39964914b609,
209500,2609.06176,v1,Long induced cycles in pseudorandom graphs,"Sahar Diskin\textsuperscript{*}, Lyuben Lichev\textsuperscript{\textdagger}, Michael Krivelevich\textsuperscript{$\ddagger$}, Itay Markbreit\textsuperscript{\S}",arxiv:2609.06176:l:-expansion,H3,d95dccd322c62d290c5ec92f23a0394e48c1b2e3e398c289c91066efe699ed31,
209501,2609.06180,v3,A Ballantine-type factorization of diffeomorphisms,"Mahmoud Abdelgalil, Tryphon T. Georgiou",arxiv:2609.06180:claim*,H2,bcaf7c3f7c74339a9f509fd123f51c183698d0bef47cfa736d1a5d40f9d3425f,
209506,2609.06233,v1,Quantitative comparison of closed- and open-loop linear--quadratic $N$-player differential games,"Asaf Cohen, Jiamin Jian",arxiv:2609.06233:p:comparison_closed_loop_game,H3,d655611bf1783aee3ed5b02da4e4d09fd6309d7e7da613987d8ded9fef39105c,
209507,2609.06241,v1,Tropicalization of Fock's inverse spectral transform,Terrence George,arxiv:2609.06241:cor:periodtropical,H3,bd379b3af448be612d4484b6178dfccbeb731dc1c07558bbb129036d3e023ff4,
209511,2609.06260,v1,Regularized coordinate minimization for nonconvex composite optimization with application to quantized image compression,"Daniela Lupu, George T. Samoila, Adina M. Florea, Ion Necoara",arxiv:2609.06260:thm:kl-decrease,H2,791fcabec87350fdbb9d82c7b089b7e16f52e9b980eb69e06fc05a63469c31e9,
209515,2609.06281,v2,About the Cram\'er Large Deviation Property for Bell Polynomials,"Sophia Li, Shannon Starr",arxiv:2609.06281:lemma,H2,f5e542aeb0977907481e44092111bbbf45d1e50ab869b008cdb72e041a5999e6,
209518,2609.06297,v1,On the Matlis Reflexive Modules,Behruz Sadeqi,arxiv:2609.06297:lem:adjunction,H2,64e90fa91a1e9cb5c38c446b9e4b0ab5f4ed6bfe7c2010475b644bfbd82fbf76,
209519,2609.06299,v1,Lifting curved Kakeya sets to linear Kakeya sets,Arian Nadjimzadah,arxiv:2609.06299:prop:-lifting-examples,H2,36e6f30b09a269d8af1956b4d97ac6900eab071ad559aa7bd4aa68f4f70e3d04,
209522,2609.06309,v2,Density one for lattice point visibility along polynomials with at least two distinct roots,Abraham Lobsenz,arxiv:2609.06309:lem:tight,H2,0ac63ed8d060bb945dd32fe00353287df6de5fb3c5926e0eacf7ad0c33db2ac4,
209524,2609.06332,v1,Normal Behavior and Periodic Points of a Pseudo-Aliquot Map Associated with the Dedekind Psi Function,Aimin Guo,arxiv:2609.06332:lem:congruence-persistence,H3,30a288ee32a87503226f90a1bae19879b4a3f68b4eee1391c7a2f149b898a9d9,
209525,2609.06333,v1,Mean Values and Normal Order of a Successive-Iterate Ratio of Dedekind's Arithmetic Function,Aimin Guo$^{*}$,arxiv:2609.06333:bt-lemma,H2,1a3439fdeb6422e8f7185711d2dc37f5f179d6d669f8be6ac71a56fb12e0f816,
209526,2609.06337,v1,Rough variational principles and applications to adjoint systems,"Ruiao Hu, Melvin Leok",arxiv:2609.06337:prop:aug-1form-conservation,H2,8937f5661105f2e1af6848b9351b5de50fdd68fe589a9caa56aac30187aef91b,
209530,2609.06378,v1,Multicolor Ramsey and list Ramsey numbers for star-like trees,"Qinghong Zhao, Yaping Mao, Xiangqian Zhou",arxiv:2609.06378:lem:extension,H2,0e88123c0b88adcd5e97b049a08825772fd9f98d68144b443c11b25349ddc3b6,
209534,2609.06431,v1,A contact-geometric variant of Smale's contraction,"Florian Buck, Christopher Schmidt, Kai Zehmisch",arxiv:2609.06431:prop:globalflowbox,H3,d2085a8b396a854cb8a6f278e8ef8694f196d6530dce3075b72800eb264724cd,
209535,2609.06432,v1,\bf From Tsallis to KL: Convergence and Error Estimates for Tsallis-Regularized Optimal Transport,"Takeshi Suguro, Toshiaki Yachimura",arxiv:2609.06432:thm;narrow,H3,ecdcac277ed7002943d70666c915fd095fd7dc9194a60ba85a80aa19039e324c,
209536,2609.06440,v1,The topological Ax--Lindemann theorem\\ for the complex hyperbolic space,"Fran\c{c}ois Labourie, Shahar Mozes",arxiv:2609.06440:theorem,H2,7c0fae6a24df741e2b761c9db5ae24501648082a757e61e23cd06f657fcb4f64,
209537,2609.06451,v1,On Miyaoka-Yau Inequalities and Weil-Petersson Metrics,Alexander Bednarek,arxiv:2609.06451:proposition,H2,6158061e3bac4ddfafd4745fe459a3842247c0d8219bb3edbd9bd1ba690f7dd6,
209543,2609.06531,v1,A counterexample to the Gowers $U^k$ uncertainty conjecture for $k\ge 6$,Iana Vranesko,arxiv:2609.06531:lem:z3count,H2,0c586d73c6f5ad705ad2ac934eb86511e5f7ce2ca333f10090f32b1cebe729b0,
209544,2609.06534,v1,Rate of convergence of the $p$-torsion function to the distance function,"Farid Bozorgnia, Masoud Bayrami-Aminlouee, Khudoyor Mamayusupov",arxiv:2609.06534:lem:tv-exterior-ball,H3,65bb2bd196e0225b4ac45c283c84039502a41df9e64b0e086617a357ae714662,
209552,2609.06597,v1,Permutation representations on cohomology of toric varieties,"Tao Gui, Chushi Qin, Kaizhe Shen,, Rui Xiong",arxiv:2609.06597:lem:orbit-fixed,H2,740568efc470a78b7f51497463493f1690fc4decdcda4aba2f8ebfbd4a8e9899,
209553,2609.06606,v2,Rough backward stochastic differential equations,"Peter K. Friz, Jian Song, Huilin Zhang, Kuan Zhang",arxiv:2609.06606:lem:int-of-rsm,H2,d34c4ab363d977edca996dc40ea33c1accf24dcdc63a7935b6c9fbf92969a9ba,
209556,2609.06633,v1,Convex optimization on moment polytopes: Hadamard~mirror~descent and efficient algorithms for quantum functionals and other tensor parameters,"Mahmut Levent Do\u{g}an, Keiya Sakabe, Michael Walter",arxiv:2609.06633:lem:shiftingtrick,H2,9368131270cc05d4f7646df92cec77c9ec7406a8de85463903eb62e3e4168a15,
209557,2609.06642,v1,Transversely projectively flat foliations,St\'ephane Druel,arxiv:2609.06642:lemma:proj_flat_frames,H2,7519111e24832818a9f537327532468489a9c01d68539fc8741b33416aff88a7,
209558,2609.06676,v1,Thickening realization and positivity properties of canonical bases,"Jiepeng Fang, Xuhua He",arxiv:2609.06676:thm:structure-multiplication,H2,857d9fb9bf66767455dd9962d844480ccfe441fbd0c666823fa283e95e5dadbb,
209560,2609.06700,v1,Embeddability and rectifiability of Lipschitz differentiability spaces,"Ivan Caamano, Sylvester Eriksson-Bique, Elefterios Soultanis",arxiv:2609.06700:thm:decomp-bundle,H2,7d867a3b8a9799d427b13cab61b09388b509279e5e03fc77a4260602f4fac3f2,
209561,2609.06701,v1,Computing and Bounding the Number of Eulerian Orientations for Certain Classes of $4$-Regular Graphs,"Evangelos Bartzos, Michalis Samaris",arxiv:2609.06701:lem:count_c,H2,1e609aa1a409c7c202cbd1d347666ccbee2beb360ad0608a1027b896ed704263,
209562,2609.06705,v1,Klein bottle and optimal systolic inequality for nonpositively curved surfaces,"Mikhail G. Katz, Stephane Sabourau",arxiv:2609.06705:lemma,H2,daf02dcb5a5bfe5d62ee634ff172e1b42ac60f5f3e15fbe70771c5e34a326638,
209564,2609.06727,v1,\bf Phase transitions and approximations of mean squared error for state-space models with fractional differencing,"Prabir Burman, Xiucai Ding,, Robert H. Shumway",arxiv:2609.06727:lem_aux_toeplitz,H3,ee8c1ec647e37ab69a630483cab6ff0f2d4fb01e2c3d2b862aa0f6282ec4f3f7,
209566,2609.06753,v1,Derived Reconstruction of Semisimple Tensor and Module Categories,Sheng Tan,arxiv:2609.06753:thm:simultaneous-reconstruction,H2,311c7257295f110efea6a3ceefeebc02c6bf87295f6549b5a829951099bf4149,
209567,2609.06759,v1,Hasse Obstructions to Rationality on Noether--Lefschetz Divisors,Aideen Fay,arxiv:2609.06759:lem:k3-hasse,H2,bbfeecb5cba4bb679ec13eff13d60bc1313abcf4e19d5f0082919922dfca8384,
209572,2609.06803,v1,Preserving the Ultrapower Axiom by Forcing over Nonoverlapping Extender Models,Eyal Kaplan,arxiv:2609.06803:lem:canonicalliftofanextender,H2,24dbb1c3167d6dc44b4854cb0093131bd76063e04e529e8fa6d04984f15d9fc4,
209573,2609.06804,v1,A Fricke transformation for cubic-residue eta products of level 13,Cetin Hakimoglu-Brown,arxiv:2609.06804:thm:main,H2,df3714dbfb6ceb92279a0a8ef08755f8ba8fa5d11b0ce085f1a33402f7ee09e6,
209575,2609.06822,v1,High dimensional Riemann--Roch spaces in linear spaces with small squares,"Nihan Tan\i sal\i~, Mieke Wessel",arxiv:2609.06822:prop:m_dimension,H2,5df53572414f73615fb22ad3c30fdfb4a70a66c00aee67c62c49add1f6103ef9,
209577,2609.06836,v1,Non-decaying weak solutions to the 2D quasi-geostrophic equations,"David M. Ambrose, Ryan Aschoff, Elaine Cozzi,, James P. Kelliher",arxiv:2609.06836:p:convergence2,H3,a319d17490710b28366f6530de4581cd0855de02abb097a07c22219ee95d0485,
209578,2609.06844,v1,Complexes of strong discrete Morse matchings,"Kevin Knudson, Abigail Owens-White",arxiv:2609.06844:startheorem,H2,d2f6ffb0056ffbf2758fd961a945703f6fa68e5d7ef2bd704026e463edfa4c4e,
209579,2609.06856,v1,Vop\v{e}nka's Principle without Choice: Preservation under Symmetric Extensions,"Tom de Groot, Wojciech Aleksander Wo{\l}oszyn",arxiv:2609.06856:thm:preservation,H2,724e486db59351225a6c9f7ee5f1ef5c15c6030b49d385642b110aaa52a9c1a4,
209580,2609.06859,v1,Normal random variables,Teo Banica,arxiv:2609.06859:theorem,H3,5caf9d7590fb7692d4038ca0f4ff7f61635a66547ec96f9f6fcf95ca047b29e9,
209581,2609.06875,v1,\LARGE \bf A Data-Driven Koopman-Behavioral Distance for Nonlinear Dynamical Systems,"Sarang Sutavani, Umesh Vaidya",arxiv:2609.06875:prop:invariance_multirun,H2,b9f56b0d8fd39134ace4f58a1e2e7cb467f31312eacadb63aa1983235ccf9728,
209586,2609.06895,v1,"Three Irrationality Results for the Dilogarithm:\\Rhin--Viola and Viola--Zudilin Constructions at $-1/4$, $1/5$, and $-1/3$",Thomas Prellberg,arxiv:2609.06895:t:lem:bound,H2,868b7857be4c34f81369d0ed1e8283c72052bd5a95bab1b6a244d6ca37725b3d,
209589,2609.06910,v1,Minimal Two-Spheres and Manifolds with Positive Isotropic Curvature,"Tsz-Kiu Aaron Chow, Yipeng Wang",arxiv:2609.06910:prop:intermediate,H2,ad0912e2998387f4ddc3a10484773ddf28563f1711572c704cc87284b6c339cf,
209595,2609.06975,v1,Maximising the number of solutions to linear equations,"\v{Z}arko Ran\dj elovi\'c, Xuancheng Shao, Max Wenqiang Xu, Shengtong Zhang, Yuan Zhou",arxiv:2609.06975:lemma-abacupb,H3,1ea2959f7f4a2c10749cd010077d7f5b694362622360898879671bb441bb3dc0,
209596,2609.06997,v2,"Operator Michelson Contrast: Logarithmic Parametrisation, Subadditivity, and a Sharp Noncommutativity Threshold","Irina Nikolaeva, Andrej Novikov",arxiv:2609.06997:lem:spsq,H2,a89fbd0b5b744641dbd7f0a5d9a7f6b25626066e8baa84d30b195592e14cb7eb,
209597,2609.07014,v1,Bounds for the Vertex Chromatic Number of Connected Triangle-Free Graphs,"S. Akbari$^{a}$, A. Beikmohammadi$^{b}$ \smallskip",arxiv:2609.07014:theorem:-no-ceiling,H2,b9e3e8dc7dd7ec3dacc231ba9b9545ee73b276d8c6e96fbde3d3563b6f4bdd20,
209598,2609.07016,v1,Formation of grain boundaries in ductile single crystals under plane-strain simple shear: a block-coordinate finite element method,"Khanh Chau Le$^{a,b}$ \ and \ Thanh Danh Nguyen$^{c}$",arxiv:2609.07016:prop:condensed,H2,4de54e95b1ce427fff26f2cb2e281527522f248b6fcd39dbbda036d50bfd3d13,
209599,2609.07024,v1,$p$-adic properties of division polynomials and algebraic sigma functions,"Yu Katagiri, Shinichi Kobayashi",arxiv:2609.07024:pwpt,H2,754edf3b023c16119c65c531eeea4816d14d9432eecfe5486137a3e3eefeb349,
209604,2609.07133,v1,Counting representations of quadratic forms,Gilles Felber,arxiv:2609.07133:lem-bounds-convolution,H2,2b70f34c27e592fd5974e42fa1ff9550ece841702c4adeea96347c1627d9a2db,
209605,2609.07158,v1,The capillary $L_p$ dual Minkowski problem for $p>q$ in higher dimensions,"Ya Gao$^{\dagger,\ast}$",arxiv:2609.07158:c2-estimate,H3,2fb3b92f70b3ed16d552f31b6cf11d8834415d0b6d39d467fc388fcbb51eb6af,
209606,2609.07169,v1,Pricing and Hedging of Discretely Monitored Asian Options\\in the Volterra--Heston Model,"Gijs Custers, Sven Karbach, Martin Friesen",arxiv:2609.07169:thm:lipschitz-payoff-convergence-rate,H2,c3d8ce41d056e5a6539d6af73d5473f2ca7e45e46405aa646130206485c58fff,
209611,2609.07223,v1,On the Relations Among Algebraic Models for the MinRank Problem,"Peigen Li, Siyong Tao",arxiv:2609.07223:pro:vsup-and-vmin,H2,d486bd8556bda11699795111b696e427b9cc2450cfc3db5b016c1b4e58d652d5,
209613,2609.07252,v1,Curvature Sign Rigidity and Sharp Pointwise Pinching Thresholds,"Minbo Gao, Yuhang Liu, Genyuan Zhang",arxiv:2609.07252:prop:conformal-signchange,H3,c5ede925ab4354fef26564019827ca1b4bc4670406d1c7187f4262d5123a3753,
209615,2609.07265,v1,On the computation of fold and cusp bifurcations in mass action networks via dual equations,Murad Banaji,arxiv:2609.07265:proposition,H2,eee9e40e5228ca641450f8f8f8043e9662a9a7c35f9bd38e4f6b4e615e284ad0,
209616,2609.07279,v1,Generalized functions\\ in a Non-Archimedean field,Vieri Benci,arxiv:2609.07279:tfc,H2,77c86045983389b79a6928c2c33200b0f221b4de1936e3c7d8b434edb3247343,
209621,2609.07361,v1,\Large On a problem of Nathanson related to minimal asymptotic bases and maximal asymptotic nonbases,Shi-Qiang Chen,arxiv:2609.07361:lem3,H3,36035661c481eb5ccb19de7fb0ef22584c084e0c5ad8b5917d10389e7cf3b19d,
209622,2609.07371,v1,Prime pairs along rays of prime indices,"Shenghao Hua, Sizhe Xie",arxiv:2609.07371:lem:principal-arcs,H3,7d19d4c28a8dd26d3043a20edb89a528e5767ad25150b6d3687da06c527da0da,
209623,2609.07380,v1,Multi-copy and Catalytic Superactivation of Genuine Multipartite Nonlocality,"Bora Ulu, Mirjam Weilenmann, Nicolas Brunner",arxiv:2609.07380:lem_b2,H2,465914d426881e6ed641213a7f26469a9fb3fbefde4e14e204aab267e8b8fd67,
209629,2609.07457,v1,Real-rootedness of the $\tau$-polynomial under graph joins,"Mingyang Kang, Zhixin Liu, Sophie C.C. Sun, Philip B. Zhang",arxiv:2609.07457:lem:coefficient-substitution,H2,094de67f17232369bbc949e7dd37f154cbc2dfd5cbba7cfa574e9a8ee62e67f7,
209630,2609.07464,v1,$L^p$ bounds for wave operators with critical electromagnetic potentials,"Piero D'Ancona, Xitao Gao, Junyong Zhang",arxiv:2609.07464:prop:em-wave,H3,e5715513c7602c398e03a7ea3e24fa817b21876ca4bf4fab805b23ece0a3d9d3,
209634,2609.07502,v1,Higher-order hyperuniformity of random measures,"Michael Bj\""orklund",arxiv:2609.07502:thm:cap-codim-one-separation,H3,cb66aae4aaae7b538f8da95b4845aafd49d8daaa8fa92398800d06d972ce4cd8,
209638,2609.07550,v1,"\bf Unique ergodicity, and not, for primitive substitutions on compact alphabets containing isolated points",James J. Walton,arxiv:2609.07550:lem:essential-spectral-radius-unaffected-by-reduction,H2,6a03dc03f82bc9cb3e5547b6e5cb221bb4a07c85e0491b4d71180a9d54e5fdd8,
209640,2609.07564,v2,"De-H\""oldering factorization",Assaf Naor,arxiv:2609.07564:prop:def-to-ext,H2,b7320b4ebe8f2dbfb98cbc56496499dbfff73e4ec92a2b347f726a477bb5001e,
209641,2609.07580,v1,The Neighbor Graph of Linear Complementary Dual (LCD) Codes,"Javier de la Cruz, Anna-Lena Horlemann$^*$, Marc Newman$^*$, Carlos Vela Cabello$^*$, Wolfgang Willems",arxiv:2609.07580:lem:half-neighbors,H3,9257c0a4927eb021a53bd6f3ad82b35b9a5437ddb1e3cc45539be68624aa0007,
209642,2609.07585,v1,Strong and Weak-Type Dispersive Estimates for the Energy-Critical Nonlinear Schrödinger Equation with an Inverse-Square Potential,"Tiesong Jiang, Kexue Li",arxiv:2609.07585:lem:endpoint-early-high,H2,670f918bbc871e6152d4bd9aec73f97a2ea1b5b90dbc412330f76b2212aee1a8,
209644,2609.07615,v1,A Counterexample to the\ Huneke--Wiegand Conjecture,Son Pham,arxiv:2609.07615:lem:certificate,H2,02e4126be683eecef75368b6afcdcdf30a91002d540b3e60b43614e074f68052,
209645,2609.07644,v1,Wedderburn decomposition of Twisted skew abelian group algebra,Alvaro Otero Sanchez,arxiv:2609.07644:jinetaextender,H2,021145103a90ab6249b3699b1c5af5e0094d1206be2efabae9516c0b17093c74,
209646,2609.07646,v1,Sharp Diameter Bounds for Nonnegative\\Cyclotomic Multiples,"Hu Tan, Ying Zhang",arxiv:2609.07646:lem:arc,H2,80add9153ae9eab34eb369defcd563192b984118d9162f8da561b49d35e36de9,
209648,2609.07671,v1,On Minimax Optimality and Uniqueness of Fixed-Step First-Order Methods for Smooth Convex Optimization,"Benjamin Grimmer, Sunghyeon Jo, Chanwoo Park",arxiv:2609.07671:lem:lemni-tc-projection,H3,c43d70b584711275b6b2e252ed9fe5fc341c05e0a4697cd2a81e51e87f60b6df,
209651,2609.07697,v1,A two-dimensional counterexample for Kobayashi completeness of balanced domains,Armen Edigarian,arxiv:2609.07697:lem:sublevel,H2,a5771221bd4f0bc05284f99955be9e042f3868c286b42260a0654bbae960540a,
209652,2609.07714,v1,The spectrum of $(\xi\alpha^n)$ can be uncountable,"H\.IKMET BURAK \""OZCAN",arxiv:2609.07714:lem:cantor,H2,1d089ff0c38014f12272d4d928cacd92fde4cd3235596d1a9794ef03e6edcf05,
209655,2609.07728,v1,The Loopy Polynomial: from Tutte's Universal $V$-Function to Bizonotopal Geometry,"Anatol Kirillov, Gleb Nenashev, Boris Shapiro, Arkady Vaintrob",arxiv:2609.07728:thm:polyhedral-parking-cells,H2,1d8c95273d0ad9f3c266da7f8af337fe434afec7162afee0e7768fca5064b255,
209657,2609.07750,v1,Classification of Conformally Covariant 2-Tensors\\ from the Kulkarni--Nomizu Product in Dimension~4,Yury N. Berdinsky,arxiv:2609.07750:lem:traces,H2,e37b295c5cae6671153a014dc51cab8e2c1c2461b6bcd8413b267643a7259025,
209662,2609.07772,v1,On the effective sharp stability of the Faber-Krahn inequality,"Andr\'e Guerra, Jo\~ao Miguel Machado, Jo\~ao P. G. Ramos",arxiv:2609.07772:prop.estimates_q'_dh_di,H3,3b0626228a40d941248f0c0f94185aa1aa6017b7a7c87ed8e8d41c26c775b3e8,
209668,2609.07877,v1,"An improved strong comparison principle for singular $p$-Laplace equations, with applications",Phuong Le,arxiv:2609.07877:thm:abstract,H3,a9c5eb282ae75bec22a368880e81caa3425a6f4dc8c50cd754c2856c7c795df2,
209671,2609.07894,v1,A Novel Steganography Scheme Using Quantum Hilbert Transform,"Nitin Jha, Abhishek Parakh",arxiv:2609.07894:proposition,H2,c52cff3e4bde91b2fce4e2319b7700914685b16d82deec7734b622276c3927fc,
209679,2609.07960,v1,Accelerating Fourier--Motzkin elimination:\\ redundancy removal and the choice of variable elimination order,Shashaank Khanna,arxiv:2609.07960:prop:incompat,H2,2b5450f9de10a14163bea5abc6512ff8f3a8a8efd5a19a5516930d9b204d67bc,
209680,2609.07970,v1,A Non-commutative Individual Ergodic Theorem Along Sparse Random Subsequences,"L\'eonard Cadilhac, Christian Le Merdy, Safoura Zadeh",arxiv:2609.07970:3y1,H3,8d42fcc8ea240bbe1237eef9be186d867c71f205dbcb96c05abd8f4a6003c545,
209683,2609.07997,v1,\normalfont Sharp Structure-Agnostic Minimax Risk for Partial Linear Models,"Haichen Hu, David Simchi-Levi",arxiv:2609.07997:lem:chi2_dist,H3,ad30a58ec1775ccee9b6ee5ec0989611cc7abbcb88954169085de61e18da383a,
209687,2609.08012,v1,Kalai's Conjecture for Tight Trees,"Dhruv Mubayi \and Jacques Verstra\"" ete",arxiv:2609.08012:thm:equality-shadow,H3,2a1be05822e059f1f019fd4b7ce754b502f63640eddcff021e37cfa46a4130d6,
209691,2609.08048,v1,An Askey-Type Confluence Scheme for Hahn-Like Multiple Orthogonality,Manuel Ma\~nas,arxiv:2609.08048:thm:explicit-unreflected-b,H3,e684894a5d95a028de9d453a5b95cec453bb0aa11953bbd97ac5986be34f24ac,
209693,2609.08066,v1,"Finite-Precision Symmetric Krylov Methods:\\ Exact Rounding Examples, Block Paige Identities,\\ and a Variable-Block Lanczos Model",Mohit Sinha,arxiv:2609.08066:lem:sd-one-step,H3,f3f0de0e21b9ce2a60596a61966fcbc0b8c650cb9b1dc9a8302532b5be5e5477,
209694,2609.08072,v1,Equivariant compactifications of a unipotent group by a smooth projective horospherical variety of Picard number one,Hyukmoon Choi,arxiv:2609.08072:unipotent,H2,ede4937728473ec08b4735f7deab5ec3cd07155e3bd4254b5feba17f4cfa0288,
209698,2609.08142,v1,Global mild solutions and the semiclassical limit for the Fermi--Dirac BGK model,"Young-Pil Choi, Byung-Hoon Hwang, Sihyun Song",arxiv:2609.08142:lem:3-mom,H3,25276f01a4ab38d3d162f2d76e078b4bb1f49497a26b0e07c83293fa28d212c1,
209699,2609.08151,v1,M-duality in fixed-point problems for general normed spaces,"Jongmin Lee, Sangyeop Woo, Ernest K. Ryu",arxiv:2609.08151:lemma,H2,8803d185db4ec2cf0a8609d7788ed830ce61301aacdb4adb1924b452bd28a8b6,
209703,2609.08190,v1,A Note on Sphere Packing Bounds for Tuple Lattice Sieving,Thijs Laarhoven,arxiv:2609.08190:thm:upper,H2,8d143ce12989f542164ae30daa3693dc7504e01b5ca6094bc93811d9dc15ba05,
209704,2609.08222,v1,Balanced Spanning Trees for Triangular Strip Lattices,"Saugat Dhakal, Long Nguyen, Yandi Wu",arxiv:2609.08222:thm:sthomogenousodd,H2,5b97a248dbf90dd84d4327fb0ba13e8425935e900a9a66c764ccc2993a28d862,
209705,2609.08243,v1,Replication Descent and $J$-Finality of Replicable Functions,"Eric Culf, Abdellah Sebbar",arxiv:2609.08243:thm:congruence-descent,H3,05d8658cc159dd7fd8887dc0bac4d1ad62ead68271ed1d9abfdf2e0bfe031c18,
209707,2609.08291,v1,Entropy bounds and global couplings\\for union-closed families,Yunjiang Jiang,arxiv:2609.08291:prop:sharper-ceiling,H2,5dc1c66dc9547589bcf99f148be01c5db2b021c7657a5a74a4e81da10b49576f,
209710,2609.08360,v1,Moments of the Crank Statistic for $t$-Core Partitions and Overpartitions,"Sourav Bhowmick, Nabin Kumar Meher",arxiv:2609.08360:prop1,H3,eeb3240ef5b5a6ad3a763ce691b90e2b65876d462fae8cef11245af0355ec1e4,
209712,2609.08403,v1,A note on a local entropy condition in the Wasserstein space,"Chang Jun Im, Jeong Min Jeon, Byeong U. Park",arxiv:2609.08403:thm:second,H3,2cd700ddeba46df99374601d8bea6457d37b8405175116f3be20cb853424d6e4,
209715,2609.08434,v1,Nonparametric Inference for Cumulative Residual Mathai--Haubold Entropy of order $\alpha$,"Anija C.R, Smitha, S., Sudheesh, K. Kattumannil",arxiv:2609.08434:theorem,H2,80ecdd8d00721026c3b11c0fa76c7abcca99f2cbb9aeba793f34d722ee04ae38,
209717,2609.08484,v1,Sequence b-colorings in graphs,"Marko Jakovac, Michael S. Lang",arxiv:2609.08484:t:chi3,H3,f2c23b7614caf83060a5e268c2e02e762c9e8e68b986d3969ffa04e36ee6b530,
209722,2609.08531,v1,The Fusion Frame Phase Retrieval,"Haixia Liu, Bing Gao, Yang Wang",arxiv:2609.08531:lem:expectations,H3,f81da5edebec0e1e56d9f7b7ea57dcd02ec0ee8140f61520b828ce0aced88ef5,
209723,2609.08541,v1,Variance-Optimal Hedging in the Rough Hawkes--Heston Model,"Yingli Wang, Xiaoyu Wang",arxiv:2609.08541:thm:original-compact-hedge,H2,3d55f5f3bad9655421d462a5efc47b1d51d7145008be5ead9517126dd72e6435,
209725,2609.08553,v1,Fundamentals of the cocyclic development of Hadamard matrices over loops,"Ra\'ul M. Falc\'on, Manuel Gonz\'alez-Regadera, F\'elix Gudiel",arxiv:2609.08553:lemma_quotient,H2,4783f8f5f771f4c1f8715fcedf561c979d3e7748e3e9923f6e1b617eecc834e0,
209731,2609.08624,v1,Latin Squares with Few Transversals,Zur Luria,arxiv:2609.08624:lem:profile,H2,cda3a549a87c5ec11763646d5f6a64742fb4ebd512b833ce309534eea3321c65,
209734,2609.08679,v1,The Auslander-Reiten conjecture for algebras with radical cube zero,"Xiaojin Zhang, Panyue Zhou",arxiv:2609.08679:thm:main,H2,0acdba9bdb8be5cdd656c0b1e7067ffdd431877243b05b94cd0b2c419e1c0ce3,
209738,2609.08714,v1,A large-deviation principle for the empirical distribution of a regular branching random walk,"Shuxiong Zhang, Yaping Zhu",arxiv:2609.08714:thm:dimension-reduction,H3,a5e1e2d8cb8986a56518ac1d6317c83774aec6a7e8b021d07698232f67458341,
209739,2609.08716,v2,"Tracing the Loop: \\ \large Non-Causal Computation, Partial Traces, \& Postselected Entanglement",Mark Carney,arxiv:2609.08716:theorem,H2,02ad5bb1866187205a98c0c97940b3fabd3282e7e63411013533f2a767972d78,
209740,2609.08718,v1,Sharp regularity and small ball probabilities for the stochastic heat equation on bounded domains,"Jingwu Hu, Cheuk Yin Lee",arxiv:2609.08718:lem:curve,H2,6fd1007070c94c80fd648834cd67cfc690f936bc76a58a8fcbb61fa600c6d78b,
209742,2609.08738,v1,Transport and flow for horizontal Sobolev contact velocities in Carnot groups,"Gianluca Somma, Simone Verzellesi, Davide Vittone",arxiv:2609.08738:prop_contact_components,H3,83929c35873a964c7ea92dbd192fae8699be5be9d7e1b7312b9ac9d7b45be2a6,
209743,2609.08740,v1,PAC-Bayesian Bounds for Learning Partially Observed Stochastic Linear Time-Invariant State-Space Systems with Inputs and Sub-Gaussian Noise,"Mihaly Petreczky, Mohamad Al Ahdab, John Leth",arxiv:2609.08740:basic_lemma:lipschitz,H3,3695029875da1c4489f817f7dc63a863f7b29fc2e95f7f019e05890eed911487,
209744,2609.08741,v1,On the pullback on spaces of distributions with prescribed microregularity with respect to a general Banach space,"Stevan Pilipovi\'c, Bojan Prangoski, Stefan Tuti\'c",arxiv:2609.08741:lem-for-est-oftheremininestwavefrps,H2,e01e5940747e1c4bef2f9a74ca9077ad42af09e6a80dc6af03e9951d980011c6,
209756,2609.08863,v1,Solvable groups defined by redundant cyclic presentations,Ihechukwu Chinyere,arxiv:2609.08863:lem:bsm-example,H2,1be619349d85a950af8f873e54bdab1d9392ec81f6ba394415ec4253d6b2498a,
209759,2609.08877,v1,Equilibria for Time-inconsistent Regular-singular Control Problems,"Yuting Jia, Zongxia Liang, Xiaodong Luo",arxiv:2609.08877:verificationthm,H3,309c60412846746f3859fffc4b91a0fd9eeab8ab56b02cf64dde656d94970617,
209762,2609.08915,v1,Sharp order-preserving integer models for short additive equalities,Enkai Zhang,arxiv:2609.08915:m-thm:lifting,H2,d4d3b8d9dd2a3da13a67576a83037e368b874bd8d6f35681f5d0e6276808cf8a,
209764,2609.08969,v1,Singular Turing bifurcations and spatial canard solutions \\ in nonlinear reaction-diffusion systems,"Robert Jencks, Tasso J. Kaper, Theodore Vo",arxiv:2609.08969:lem-persistenttrue+fauxcanards-rfsnii,H2,3887c7a2bfa386f323032759c76d5da7fd8315ec4561962d78e5d4390d8b750c,
209766,2609.08985,v1,Non-uniqueness for the Complex Ginzburg--Landau Equation,"Joel Dahne, Vladimír Šverák",arxiv:2609.08985:thm:main,H3,297b62b6bb8ca1ff621854e8e522e0de44463535931985e38c26229bb2feb3e8,
209769,2609.09018,v1,"Density regions, integer certificates and packing colorings\ of distance graphs",Enkai Zhang,arxiv:2609.09018:m-thm:base-five-all-high,H2,4e9354a3e62681fee53f6964e83805b48a39d9a0dc57f887286f3ce1ac451302,
209770,2609.09030,v1,Answer-Distribution Trajectories: A Stochastic-Dynamics View of LLM Reasoning,Mar Gonzàlez I Català,arxiv:2609.09030:prop:nonidentifiability,H2,44d97fd9f08837efe2c6a25d8113266d8b15a149dd8decf8425d27e61e13f21f,
209771,2609.09040,v1,Sharp Fractional Riesz Estimates on the Hypercube,"Yong Jiao, Sijie Luo, Dmitriy Zanin, Dejian Zhou",arxiv:2609.09040:prop:tail-gradient-potential,H3,46648d67192df5f195d674e2f093a24cb096ba388da70bacdc888628453ac96f,
209772,2609.09042,v1,Rook characters as symmetric functions,"Rosa Orellana, Alexander N. Wilson, Mike Zabrocki",arxiv:2609.09042:prop:pleth_irred_structure,H2,e51aaba2f5a76dfcee317ff85e7d283b9aded717cfe7a1835c95c3a2b741396e,
209776,2609.09098,v1,Quasi-algebraic quantization for the B-twist Langlands TQFT,"Eric Yen-Yo Chen, Emilio Franco",arxiv:2609.09098:lm-description-of-t_del,H2,032888e7ed897323817269372798732dcae247d60c91549a4e2b4d9a7b609a73,
209779,2609.09111,v2,Symplectic Dirac operators on homogeneous spaces,"Dan Ciubotaru, Gang Liu, Salah Mehdi, Nicolas Prudhon",arxiv:2609.09111:rigidity,H2,cd7c4b0c8f7a4ef9c97eeb4e8f8ed68ffdc51edaa29188e9c720ceadaaf03c7c,
209780,2609.09121,v1,Differentiability of Lipschitz mappings into metric spaces: area and co-area formulas,"Behnam Esmayli, Pawe\l{} Goldstein, Piotr Haj\l{}asz",arxiv:2609.09121:bt5,H3,25b368d632205f1def8281e212f8b24e3ccdee4e42f5976d8e066582eb11d2e5,
209782,2609.09142,v2,Are trees really just butterflies in disguise?,"Giovanne Santos, Maya Stein, Ella Williams",arxiv:2609.09142:corollary,H2,4226ca2b2ae50dc892e53b5753067676084caf2cbc2da94d3909a0080749f239,
209783,2609.09152,v2,Silver Rate Is (Almost) Optimal for Gradient Descent,"Yuhan Ye, Kaizhao Liu",arxiv:2609.09152:lem:weighted-splitting,H3,77e90f94d726cff5f5fb1a6bb3cc0b07a505e6cf33f69597c65944eb6969d464,
209784,2609.09154,v1,Vector Bundles of Coinvariants for Admissible Affine Vertex Operator Algebras,"Victor Alekseev, Jianqi Liu",arxiv:2609.09154:lm:dg1,H3,867b841c663d7e17a71cb795c19f3b3d2e9f5abcc9b1650dfb62e4d251bd1728,
209787,2609.09183,v1,A note on idempotents in quandle rings,"Dilpreet Kaur, Pushpendra Singh",arxiv:2609.09183:theorem,H2,1351aaaa388f17f17fdae0e447340bd07a90ad38277be8d4c3a28a85b67904b9,
209789,2609.09207,v1,The real quotient of the Cartwright--Steger surface,"Andr\'as I. Stipsicz, Zolt\'an Szab\'o",arxiv:2609.09207:lem:augmentation,H2,d0bb4de40ce3a8448457ffc55f81334ac7a81f48bdab8581bbf35937a5fe4e6d,
209791,2609.09215,v1,A proof of Hare's $\epsilon$ unfair conjecture,"Tho Nguyen Xuan, Duc Hiep Pham, Huong Pham Lan",arxiv:2609.09215:l1,H2,9cff314150c655b27e314840f38690964aad38d20a7295b8f508e55b2f34c10a,
209793,2609.09222,v1,Spectral Algebras of Abelian Cayley Graphs,"Deep Bhattacharjee, Priyabrata Mandal, Ushashi Bhattacharya",arxiv:2609.09222:thm:main,H2,3ba53a292e4e0afb40a2e5337753a5e02bed65ec00a2e9c12fd90c2f8779fc9f,
209796,2609.09255,v1,CAST: Canonical Approximate Schur Tree for Approximate Cholesky on Graphs,"Meher Chaitanya, Cameron Musco, Aristides Gionis",arxiv:2609.09255:lem:prufer,H2,7aa795eff7ac08e70ba03f41f4d5f785471daedd2080676836d15d250b18725b,
209799,2609.09260,v1,Effective Euler Sums,Jianqiang Zhao,"arxiv:2609.09260:thm:smzv(a,1,b-1;e1,e2,e3)",H2,6ecd75647dbc1f09de0db52b86c743e131d26cae8245b0e01aed00873e6cf5b6,
209801,2609.09316,v1,Sharp mean-width and Jacobian bounds for Euclidean and hyperbolic harmonic maps,"Deguang Zhong, David Kalaj",arxiv:2609.09316:thm:zonal-rigidity,H3,7ee992028cf051dd7e7c01a019005f04de38f34f54940525590cc0eb62f03bd8,
209802,2609.09335,v2,Monotone invariant valuations on convex cones,Martin Lotz,arxiv:2609.09335:thm:regularity,H2,f17b4f9f6f8d7d6ee8bfd4782bafcd9f91d71e9fd036571e09defecd7380efae,
209803,2609.09343,v1,Persistence of \(n\)-Species Lotka--Volterra Models with Periodic Pulses,"Eleanor Courcelle, Jane Shaw MacDonald, Swati Patel",arxiv:2609.09343:eqxn:lv_cancer_model_permanence_req_1,H2,4b23b4bd99a696c833f9ab53a04af472cf911edd16299a290983784123b9c2b9,
209804,2609.09355,v1,An 18-colour bound for locally irregular decompositions,"Carla Negri Lintzmayer, Guilherme Oliveira Mota, Maycon Sambinelli, Vinicius Fernandes dos Santos",arxiv:2609.09355:lem:marked,H3,1c6e9c0653159356bd43c27368abfff4ae21485c3ff2d7e6ceab8eaf3da98e46,
209808,2609.09362,v1,Automorphism groups of semi-rigid $T$-varieties of complexity one,Kirill Rassolov,arxiv:2609.09362:trinomial-n-lemma,H2,3ab54cb0b54d9b61bc00f6a5afefb31d3e8400ab4614a5c3b1441420499011ac,
209812,2609.09414,v1,Regular sets of circulant quartic graphs,"A. Abdollahi, J.Bagherian, F. Jafari, M. Khatami, Z. Shokoohi, R. Sobhani",arxiv:2609.09414:cor:coset-size2,H3,a291938304d63f85860f38fda19bf63cd0b84ab09ae37d1c7bc8c39c98586a8c,
209814,2609.09440,v2,The anisotropic local law for sample covariance matrices\\ under quadratic-form concentration,"Renyuan Ma, Theodor Misiakiewicz$^{\dagger}$",arxiv:2609.09440:lem:l_i-bounds,H3,ed5eba7ae2f6593ff2a9aa83ceaef869dfefbcb138a388f8298cb78dee49cb7a,
209819,2609.09506,v1,Constructive Tchakaloff results and well-conditioned quadrature through randomized least squares,"Filip B\v{e}l\'{i}k, Akil Narayan, John Turnage",arxiv:2609.09506:lemma:admissible-m-window,H2,00e664fcccd90ec1f5589e6562f716d346b57f607a203f3f9dbb083c9da461ba,
209826,2609.09542,v1,Integer group determinants for the elementary abelian group of order 49,Chatchawan Panraksa,arxiv:2609.09542:thm:crit11,H2,63d2ea629224ede024e83e7d6c6421f0dab745d5455bf1695883cd054f0efbdd,
209830,2609.09568,v1,"Nonclassical Weyl Laws and\\ Connes' Integration for weak Lorentz Ideals, II","Raphael Ponge, Yongqiang Tian",arxiv:2609.09568:lem:app.ntolambda1,H3,ac633d1572d23e8b6bf1606e9f6894a89c060d58df6ae199e5185dc4f7fb4aa8,
209834,2609.09596,v1,Ulrich bundles on intersections of two quadrics,"Jiwan Jung, Kyoung-Seog Lee, Han-Bom Moon",arxiv:2609.09596:thm:maintheoremoddconditional,H2,94d8a4368bcb5077a3bf29bbc8465880de577a24d735e5a7e5d87d2f6edf1d0d,
209836,2609.09602,v1,The Car Resequencing Problem with Makespan Minimization,"Xinyi Guo, Jean-Fran\c{c}ois C\^ot\'e",arxiv:2609.09602:proposition,H2,44c8efa080b8eede7318182b347c972de2e1038565abd05930a133fe2de886f3,
209838,2609.09632,v1,Stabilization index of V-number of powers of edge ideals of graphs,"Ha Thi Thu Hien, Thanh Vu",arxiv:2609.09632:lem_admissible,H2,77e4a534630b8b4e11a9f5545b9e3d73bcf9bda445ebd7ea10204fbf383e2a4f,
209840,2609.09638,v1,The mean distance to a simple closed curve on the sphere,J. V. M. Pimentel,arxiv:2609.09638:prop:short,H2,03509fe1de4454db6fc6bc02a9dd9cbcff119cf1bc525acf8140dc5047163227,
209843,2609.09675,v1,Determinantal Kernel Schemes of Matrix Nets and Applications to Positive Maps,"Trung Hoa Dinh, Minh Toan Ho, Cong Trinh Le, Trung Dung Vuong",arxiv:2609.09675:thm:global-components,H2,56b0c2553e0f7c3f6701645d61c757e7790f80e5e783a5bb20cd22f9e8ec68ca,
209848,2609.09724,v1,"Radial solutions of quasilinear Hardy--Emden--Fowler equations: exact decay rates, Delaunay solutions, and nonexistence",Phuong Le,arxiv:2609.09724:thm:apriori,H2,95c9e1f46590e01f033834ce9806cfa75f92b519fa7081cd5f6067a7775d9c8f,
209850,2609.09751,v1,An elementary approach to Sun Kim's general theta function identities,Dazhao Tang,arxiv:2609.09751:fund-lem-1,H3,0ba7853635f4832387f0fae3ee9581e3879f435adad2e9c7792ad42b0e29a350,
209853,2609.09819,v1,The hyperbolic class and vanishing laws\\in a TMF-valued four-manifold invariant,"Yuqi Li, Hao-Yu Sun",arxiv:2609.09819:lem:h-shift,H2,b30a19697a5419ab59c34172c37f41825222e29df0d2c614bfbe198a7c6b2e51,
209855,2609.09841,v2,\bf A Sharp Sobolev Inequality on Compact CR Manifolds,"Zhongwei Tang, Bingwei Zhang",arxiv:2609.09841:lemmapohozaev,H3,68087a33d9a18a33e8d749db76a158c17d61afaa065c25a326ac97096136a03b,
209857,2609.09862,v1,Universal norms and de Rham representations,Laurent Berger,arxiv:2609.09862:prop1,H2,cc3cd47ba43265affd1fc83eb98e2c92623f2e05514dc8e7f16e3b2e7142b9ed,
209858,2609.09894,v1,Positive Solutions for an Indefinite-Weight Minkowski Mean Curvature Neumann Problem: Multiplicity and Asymptotic Behaviour,Ricardo Ziegele,arxiv:2609.09894:prop:inactive-region,H3,91dc54adf9a6deb43e4f83c15719ec3d4bc2d4dfb71c913982ec28079402afab,
209859,2609.09896,v1,Metric Bases of Barycentric and Matching Subdivisions of Zero-Divisor Graphs,"Vidya S, Prasanna Poojary, Bilal Ahmad Rather, Vadiraja Bhatta G R",arxiv:2609.09896:thm-general-matching,H2,db1cd7c88293586ab8c4cecbe1d4e4e195db8ce53e11a1bfb79db868fef7bd34,
209861,2609.09930,v1,The Global Asymptotic Stability Problem for Linear MPC Is Undecidable,"Johan L\""ofberg",arxiv:2609.09930:prop:fixed-dimensional-realization,H2,79eb99c138649d7a9829a8084a048eb855985d52a0dc402728eac9dccbddc7ec,
209862,2609.09943,v1,Quantum MDS codes from complements\\of unions of finite-field subsets,"Naihong Hu, Hong Ji",arxiv:2609.09943:thm:fourth-grs,H2,917c0639af6ec23229a64883a222d868b67407c8af547ed689e17c41d345aa43,
209863,2609.09952,v2,Critical cyclicity in Dirichlet-type spaces on the bidisk,"Athanasios Beslikas, Pouriya Torkinejad Ziarati",arxiv:2609.09952:lem:kernel-estimates,H2,be48f0e0fa403160c1f7f69c1438d0f2a0af5399af6379c201b7df866b962b6e,
209864,2609.09976,v1,Automorphism groups and Homogeneous fibrations on projective varieties with nef anticanonical divisors,"Zhan Li, Jinsong Xu",arxiv:2609.09976:lem:-lift-vector-field,H2,9b9a292926f473c0dde76c5d10c1ab5953b67fe264d6b132d11c9ab03e550369,
209866,2609.10007,v1,\bfseries Random hyperbolic polyhedra in horoballs,"Florian Besau, Anna Gusakova, Christoph Th\""ale",arxiv:2609.10007:thm:asymptoticsgenerald,H3,4c4eb7884e378d47db09ce14a75773ba104e217e997f807a78f78908ba50f479,
209868,2609.10023,v1,Overlap-Helly theorems,"Andreas F. Holmsen, Alfredo Hubard",arxiv:2609.10023:thm:convex-version,H2,fbd06d490b90cfa6a6fc11e2d3ab6d74fb0bf67fc29d923fceda002a2288a8c9,
209869,2609.10030,v1,Umbral calculus over a vector space,"Abdullah Alharthi, Eugene Lytvynov",arxiv:2609.10030:dzerste7kui7,H3,0af5f8e674639e83ce4fa6d02a24b9eeedc8f7024c6c4d1edec371a61a2b0a55,
209872,2609.10072,v1,Haar-Bayesian Pure-State Prediction under Relative-Entropy Loss: Arbitrary-Effect Reduction and Global Optimality,"Masahito Hayashi\textsuperscript{$*$}, Ayanava Dasgupta\textsuperscript{$\dagger$} and Naqueeb Ahmad Warsi\textsuperscript{$\dagger$}",arxiv:2609.10072:thm:covariant_reduction,H3,c40b5659797f0b0cdddd40a35f21f7312d0209ac083a92fe68fbf8c197e4bd7b,
209873,2609.10087,v1,Lifting for N-independent sets in II1 factors,"Gregory Patchell, Austin Shiner",arxiv:2609.10087:thm-main-technical,H2,3273439a4bf04fc33a53a54c1fb7b52692cd343ae16b85e1c1b7c56f3d9e5080,
209875,2609.10115,v1,Littlewood subordination for de Branges--Rovnyak spaces,"Emmanuel Fricain, Andreas Hartmann, William T. Ross, Dan Timotin",arxiv:2609.10115:th:compo-inner,H2,61bfe63da4d05189965f2cf45c9b3a82381b9746332a14923c396be9718d2c22,
209878,2609.10140,v1,Frobenius--Cartier duality via lax equalizers,Fei Ren,arxiv:2609.10140:prop:abstract-hom,H2,3ff9a45e7bcabb8b3c19559552e418d2de3b03264a1cddce4f0956686422a547,
209881,2609.10175,v1,Hopf decomposition of the actions of subgroups of the mapping class group,Hideki Miyachi,arxiv:2609.10175:lem:cons-diss-elementaryproperty,H2,fb6b8a71fa90c4808a1cbf3b99c9c05e34694e9b15f168e2cecd85b0ca38997a,
209882,2609.10179,v1,A Note on the Point-Clothoid Distance Algorithm,"Haibin Ye, Hao Ge, Gong Cheng",arxiv:2609.10179:lem:convexity,H2,7001f487a083c23466c5bcdd9ab2f7ccf7ea282d6212410370a4d06074b62507,
209883,2609.10201,v2,\LARGE \bf Distributed Vector Assembly via Selector-Anchored Diffusion with Local Innovation,"Diana Vieira Fernandes, Carlos Santos Silva",arxiv:2609.10201:lem:l2_gain,H2,596c550ae3086c06625dbc1a95f425ab4c2a8f2d71731201ab9122933d1885a5,
209885,2609.10219,v1,Meromorphic solutions of first-order differential equations with rational exponential coefficients,"Zhong Deguang, Meng Fanning\textsuperscript{*}, Yuan Wenjun",arxiv:2609.10219:prop:comparison,H3,0ab816b732970d0615e5c8e3e23f77add88077dd868616a286add31498fb0789,
209893,2609.10281,v1,\bfseries Finite presentations of metabelian groups:\\ effective enumeration via Laurent relations,Achyuth Jayadevan,arxiv:2609.10281:prop:sound,H2,fbb84c44f607fc22f0e4ccfaba36d62047a1879a24430029857fa04af25386ed,
209897,2609.10324,v1,Sharp local estimates for smooth numbers,Ofir Gorodetsky,arxiv:2609.10324:lem:alphadiff,H2,c65ad6ec8669bd07d55149451678e676a07ae5fd52f973ed680f484e6c605e09,
209899,2609.10330,v1,The VC-dimension of strongly regular graphs,"Isabel Byrne, John Byrne, Sebastian M. Cioab\u{a}",arxiv:2609.10330:prop,H2,3862df8974bc18400b9109e2f21ae755c06bbe3f4a33d7af51fe31869cdd7a11,
209902,2609.10358,v1,Periodic ASEP and random walks on affine Hecke Algebra,"Alexey Bufetov, Nimisha Pahuja",arxiv:2609.10358:thm:limit-shape-step,H3,0125014f688b510198e90c84cdf72026aa2388c00f68d2fe5530f420b02a637f,
209904,2609.10362,v1,Weak central polynomials for algebras of multiplications of simple algebras,"Vesselin Drensky, Mikhail Zaicev",arxiv:2609.10362:the-main-lemma,H2,f0b1ce8d7c0c9906b6d05b712c325b094f85e47c3d1a279a2fcc86bd701384ed,
209905,2609.10367,v1,When Finite Free Curves Split,"Baran Hashemi, Jihoon Hyun",arxiv:2609.10367:thm:tangent-convolution,H2,61389b0576977a9af3248bd8440969b3435ded85ad5257a9e29c54dae0ee12f2,
209909,2609.10402,v1,Superpolynomial lower bounds for vertex numbers of\\ real projective space triangulations via a\\ topological Figiel--Lindenstrauss--Milman theorem,"Florian Frick, Kaave Hosseini, Eric Myzelev, Arya Narnapatti, Aliaksei Vasileuski",arxiv:2609.10402:lem:trace-bound,H2,b568a68662427c32af94600cb9b5d813f18c7a80316bb04ae33957d8fc49cc17,
209910,2609.10420,v1,Pierce--Birkhoff conjecture is false,"Zehua Lai, Lek-Heng Lim, Junyu Ren",arxiv:2609.10420:lem:quadratic-orbit,H2,1179fb7602c840834fdbc8e84965ad138b6eaccf2ab65bb331a93abf83abaae5,
209917,2609.10460,v1,Local Reflexivity and Duality for Subspace Approximation Schemes,Daniel Akech Thiong,arxiv:2609.10460:thm:duality,H2,75592bf4941e85767e529caf8336a71409944e69a69a8baf5861785a8567f3c5,
209919,2609.10467,v1,Couplings Farthest from the Independent Gaussian,Stefan Schrott,arxiv:2609.10467:thm:general,H3,101227f3c7ee4e7a5922bcd24c9b8b563f6d8dd0a1ebd5d5313a8081396c08da,
209922,2609.10480,v1,"Open Inextensible Filaments in Planar Stokes Flow: Well-Posedness, Endpoint Asymptotics, and Straightening",Han Zhou,arxiv:2609.10480:prop:local-fixed-exponent,H3,4abbcf2c88044106e0509d061bd4a266b6469ab32f04c4031dcaf471b7aebfd0,
209930,2609.10561,v1,"Corrigendum to ``On the Maximum Symmetric Division Deg Index of $k$-Cyclic Graphs [J. Math. 2022, (2022) \#7783128]''","Abeer M. Albalahi, Akbar Ali",arxiv:2609.10561:thm:main,H3,caf74cbdb616c43f412997ff0fa06a253e500629d85f764572a4b8f82faa65ed,
209931,2609.10562,v1,PEJWAK: A Profile-Echoing Self-Anchored Aggregation Architecture for Multi-Criteria Decision Analysis,Seyyed Ahmad Edalatpanah,arxiv:2609.10562:thm:boundary-joint-continuity,H3,fb640314faf9e04166319421257a116bbee59f5e1a56f888b53e0404b586428e,
209932,2609.10565,v1,Who Pays for a Connected Public Good?,Marco Tulio Angulo,arxiv:2609.10565:thm:graph-bound,H3,07ed97bbd4c52b117c4bb4bd8b5bae3cd763e490c63ec12ea8ff3c8b26f922ef,
209933,2609.10578,v1,Consequences of Matrices Sharing Eigenvalues and Eigenvectors,"Kayla Miller, Steven J. Miller, Fuzhen Zhang",arxiv:2609.10578:thm:normality,H2,45abc5a4524f5ce4be12230d3bddcc536679aeb4ed333cb89dce4ee79824b187,
209936,2609.10616,v1,A note on the Browder S-spectrum\\ of a bounded quaternionic operator,Mohamed Ali Dbeibia,arxiv:2609.10616:lem:rs,H2,ccc9e32d503a702b81969a4651278848e91824497453c4e2bc5d3984adc63d66,
209937,2609.10628,v1,The decrease in sectional curvature of the Fisher--Rao manifold of beta distributions,Feng Qi,arxiv:2609.10628:lem:general,H3,088525ac45ad25935763231f340b92b8802817f9cb74592557c68309f424bcca,
209942,2609.10713,v1,"Perfect $(s,r)$-state transfer","Stephen Kirkland, Hermie Monterde,, Sarah Plosker",arxiv:2609.10713:thm:kmnpstc1,H3,ede3ba8b3ed5b2e177bfee513e2f36031d487a2ce206f6be2017ca4304750f75,
209944,2609.10730,v1,"Helson Inequality, Hankel Operators, and Weak Factorization on Paley-Wiener spaces of Convex Domains",Konstantinos Bampouras,arxiv:2609.10730:completion,H2,30e5fa840131d22601d25000315f1fcb5bea918c40603583e22156de1c15ba74,
209947,2609.10763,v1,Dimension-free estimates for full discrete maximal functions associated with Euclidean balls and spheres,"Mahdi Hormozi, Jakub Niksi\'nski,, B{\l}a\.zej Wr\'obel",arxiv:2609.10763:lem:euclidean-quadratic-phase,H3,2bfd3eeeb4f9f35c5e8428bf1913d2cc9f2aa43f0c61258e6db20c0d5e6b73db,
209948,2609.10770,v1,Simultaneous extensions of states on quantum logics,"Dominika Bure\v{s}ov\'{a}, Pavel Pt\'{a}k, Jan \v{S}evic",arxiv:2609.10770:prop2,H2,f1609c51a454edef545950dede3901f818426a3cf22b821988d3de1f43a35020,
209949,2609.10783,v1,A 50-Vertex Cubic Counterexample to the\\Domination-versus-Edge-Domination Conjecture,Koyar Afrasyab,arxiv:2609.10783:prop:edge,H2,b48de07d7fc5668ad3aea909560c7d052cb8893a5c7b35dc140f5e4f795992b8,
209950,2609.10793,v1,\bfseries Henstock--Kurzweil Gauge Integral in the Non-Gaussian Regime:\\ A Machine-Verified Construction,Yuri N. Berdinsky,arxiv:2609.10793:thm:diff,H2,3763dfef09ba850735b89dbeed43b9d47ecda9ded577140bae431e30cd4b3f8d,
209951,2609.10795,v2,Settling the total domination-annihilation conjecture for graphs with minimum degree two,"Marko Jakovac$^{a,b,}$",arxiv:2609.10795:lem:d*3,H2,c0050dc7b142974ea4d77fa02692cada11a2f4a793142394fac2134b21bbdd0e,
209955,2609.10852,v1,Zonoids whose polars are zonoids:\\ the Banach--Mazur distance need not tend to one,"Dmitry Ryabogin, Artem Zvavitch",arxiv:2609.10852:thm:complete-monotonicity,H3,c9e83fdd4ecb5ac15d41084f8b1d83dc4b057ea6ec540cbc0547a52d9ddefed9,
209956,2609.10859,v1,Presymplectic BV-AKSZ and constrained DGCAs,"Maxim Grigoriev, Alexander Mamekin, Dmitry Rudinsky",arxiv:2609.10859:prop:constraintsprop,H2,8f783fc5af50827ca9da572b6d467c0c9f3853db50717ce2521f6d099c8609f4,
209962,2609.10888,v1,The Polarity Process for the Maximum-Volume Inscribed Ellipsoid Problem,Kaizhao Sun,arxiv:2609.10888:lemma:-derivative_of_g,H3,ed27ca7cfbf2593449752d5f4731108015f6bd90ea33d1f8f4b8be6c390c6f7f,
209966,2609.10912,v1,Joinings in Markov categories,"Suddhasattwa Das, Tomoharu Suda",arxiv:2609.10912:theorem,H2,8de9b1796ffeb69f07b6d344fca0c4bf904ba88b198ed6bcc3afcf9454a69287,
209968,2609.10936,v1,Well-posedness of the two-dimensional unsteady Prandtl system in Sobolev space with degenerate critical points,"Shi-Yong Zhu, Ya-Guang Wang",arxiv:2609.10936:phe,H3,503752cc169bc4b247cdde64663faa1602efe44317f651e72769ca42d8ff4969,
209971,2609.10959,v1,Global existence and time decay for a bipolar Euler-Poisson system with one pressureless and undamped fluid,"Young-Pil Choi, Houzhi Tang, Weiyuan Zou",arxiv:2609.10959:lem-nonlinear-decay,H3,2912ac486431cffaa4fee9560b5240e0432728e9e092dea3dbc7d87a0ecd41b2,
209972,2609.10975,v1,"Balanced even cycles in signed graphs:\\ Tur\'an bounds, double covers, and parity obstructions","Lujia Wang, Xiaowei Yu",arxiv:2609.10975:thm:signed-bfs-bound,H2,d7e03b82d9ff4ea222bd5c309226d4c2754eaabc76c1c5ac6386d2786b3840a9,
209975,2609.10989,v1,Data Protection in Function-Correcting Symbol-Pair Codes: Redundancy Bounds and Protection Profiles,"Anamika Singh, Abhay Kumar Singh",arxiv:2609.10989:thm:plotkin,H2,fcfa62ee428cc00bb15c03ddc65ef90057014b650da8e81959690735a80107a7,
209976,2609.11003,v1,The transfer of Artinian and Cohen-Macaulay properties under module-finite extensions,Tran Do Minh Chau,arxiv:2609.11003:c:2,H2,fdfcbeedebcc6ce17cbb94f11b0a887138ada5b661b4409cac5d3a2cc8f632a4,
209978,2609.11011,v1,Spectral properties of Random Matrices,Anastasis Kafetzopoulos,arxiv:2609.11011:main',H2,a9ba923a06d5cbabca24478ce584869171e35d67c1a31f90b7772bc39125b562,
209981,2609.11037,v1,Ordinary $3$-Isogeny Graphs and Improvement of Supersingularity Testing for Twisted Hessian Curves over Prime Fields,"Yuji Hashimoto, Koji Nuida",arxiv:2609.11037:thm:whether_codomain_is_over_fp2,H3,68ffddc042e6871e442f28c72329ec79620b814f901504573a4efc878cf58e04,
209982,2609.11049,v1,A deterministic $(1+\varepsilon)^n$ approximation for the permanent of a nonnegative matrix,"Dingding Dong, Vishesh Jain",arxiv:2609.11049:lem:analytic-derivatives,H3,e1ecf6abe7dc5f5b63ef2667a859a623e58d8a932430ef891b9876498775c22a,
209984,2609.11070,v1,Effective estimates for exponential sums with multiplicative coefficients,Nicolas Robles,arxiv:2609.11070:prop:effective-maximal-prime,H3,5ee80fd925daff2706e1d6cc5e49e668fb4abfa92e93079d970d156801ee3d57,
209985,2609.11072,v1,\bf Rational Approximations for Reciprocals of Multiple Zeta Values and Trivariate Cauchy Numbers,"{Ce Xu${}^{a,}${} \ \ and Jianqiang Zhao${}^{b,}$}",arxiv:2609.11072:thm:gregorygeneralorder,H3,192592466baee942e3154ffe11176301d1e914676176164123a1b28ec46bb04d,
209988,2609.11107,v1,Coupled Pklt Tuples and Varieties of Pklt Type,"Donghyeon Kim, Dae-Won Lee",arxiv:2609.11107:prop:sum,H2,d26dec71c2abac38e9b18d8fb71ca6fe097c8d302b1bc925e4d4e8db07090f09,
209993,2609.11200,v1,Obstructions to Jacobi-Finiteness of Quivers with Potentials,"Wen Chang, QuanYu Tang",arxiv:2609.11200:theorem:completed-matrix-gs,H3,0f2c3bdd212e8f9ecb238ad4711182519c9f07dd4e45ea9f0ee1916320efcb33,
209998,2609.11276,v2,The Irrationality Measure of $\pi$ Is at Most $7.101862832357$,Yufei Bai,arxiv:2609.11276:lem:hata-one-number,H3,011599049e0927986bde860b80b2db8be8694a3d0bec0ed8be3beaf0cddc72f9,
210001,2609.11293,v1,Discrete Hyperbolic Secant Distributions,Leonard Pleschberger,arxiv:2609.11293:theorem,H2,203696a3f257284cc74051d7828bf8f988fa97c603edff148d15c7a694a0c3a8,
210002,2609.11296,v1,Geometric Analysis of Doppler-Based Navigation with LEO Satellites: Jacobian Structure and Clock-Bias Coupling,"Carlos Caravaca Gallego*, Pini Gurfil, Hector Rotstein",arxiv:2609.11296:lem:c_negative,H2,1201e583c1ad697e0a3ae632cd8bbbfc5ed320ef88432bdd6b75f751124ac30d,
210003,2609.11297,v1,On AF- and type I-ideals in certain crossed product C*-algebras,Alexander G. Ravnanger,arxiv:2609.11297:proposition,H2,0ee5f73ae5d2b1f60254d9e2b9f6cd5586bef451a4003be945729fb9cd8a2aa3,
210006,2609.11311,v1,On an evolutionary equation involving the nonlocal infinity Laplacian,Frida Fejne,arxiv:2609.11311:lem:supsubissub,H2,ca18272621ecae7bf4552f0f53b2a6e2ec65f7894836acf4a59c5290f8bcb706,
210008,2609.11324,v1,Regularity of a free boundary determined by the value of the gradient.\\ Part 1: Third order asymptotics.,Frida Fejne,arxiv:2609.11324:thm:mainthm,H3,c1b26ce344f7f7b573d8bdc49f0778e278b1b9789b2027ca295b6e24636c2be8,
210010,2609.11339,v1,InFlow: entropic stochastic dual dynamic programming with HJB cross-certification for seasonal energy storage,"Steeven B. Affognona, Babacar M. Ndiaye, Pierre Mendy, Cheikh M. F. Kebe",arxiv:2609.11339:thm:verification,H2,7e7e0117e38e33fa027b759cacbe9be92ec465633e7b8624c20ce944fb65dc65,
210011,2609.11362,v1,Maximal Kolmogorov Complexity in a Hamming Ball,"Alexander Kozachinskiy, Nikolay Vereshchagin",arxiv:2609.11362:lem:construct,H3,fb26dda086dba440c1e3d6f49412946ff483a0eb755bd729cfa8fb117626cd69,
210013,2609.11371,v1,Emergence of a convex strange term via homogenization \\ of non-local energies at the critical exponent,"Giuseppe Cosma Brusca, Giuliana Fusco",arxiv:2609.11371:lemma:-cammini,H3,3e155ed12e2430c69c8cd4fc71fd9c51885216a1000314daf36ca194a8e25af5,
210014,2609.11379,v1,A note on the stability of Arens products under small perturbations of multiplication.,Deepika Rajoriya,arxiv:2609.11379:perturb,H2,5f23cfaed5868b9ca9c3ce55f17dc93f25f8c94d9f6f2239e54f33c318d907e0,
210015,2609.11384,v1,Maximal Center of Distances of Finite Ultrametric Spaces and Perfect Binary Trees,"Oleksiy Dovgoshey, Navjay Singh Jaiswal, Surinder Pal Singh Kainth, Gursimar Kaur, Olga Rovenska",arxiv:2609.11384:m0,H3,665bc3f232a0e586b6f7346ac0e72886a05ddbcf8bc32133bf22971356d1db48,
210018,2609.11407,v1,"Associated primes, witnesses, and omega invariants of monomial ideals","Jacob Miller, Mehrdad Nasernejad, \c{S}tefan O. Toh\v{a}neanu",arxiv:2609.11407:thm:matrix_power_witness,H2,7456e8c23bfe78039439477efb4aafea7b4444ebf9a93e256b1213807b8b8118,
210019,2609.11410,v1,"noncommutative commutant lifting, interpolation, and shift-invariant subspaces","Sibaprasad Barik, Samir Panja",arxiv:2609.11410:dilation,H2,9cdd3cdfb118a0f705b18e45f5f9744932fed00dd9af978e8220c4b6ad57cadf,
210021,2609.11422,v1,\LARGE \bf Control Strategies for Multi-Species Wasserstein Gradient Flows,"Dante Kalise, Lucas M. Moschen, Grigorios A. Pavliotis",arxiv:2609.11422:cor:cosine_visibility_dichotomy,H2,c367676931aa1b1f2e54ef7dc1bbb2b43eebf21380c0f964a857ee4a022a3cb2,
210026,2609.11512,v1,"Quadratic Gr\""obner bases for cut ideals of cycles and ring graphs",Hidefumi Ohsugi,arxiv:2609.11512:lem:quadraticminimum,H3,7ce7a1800f08e197655115136a997a1e06b4919565b80a2a5362ad4ee1471f1f,
210032,2609.11556,v1,A counterexample to an open problem of Dorff,Zhi-Gang Wang$^*$ and Deguang Zhong,arxiv:2609.11556:prop:gamma-homeo,H2,e04b7dea892a4c689e1118a7c9794484d95e0e45f2db434b2935c7075f31e8ee,
210033,2609.11566,v1,\bfseries Diffeomorphism Invariance of the Favre-Filtered Compressible Navier--Stokes System under Spacetime Dilation,Yuanya Li,arxiv:2609.11566:thm:equivariance,H2,cb20f6be0a5609d4d5a0776ea5d8c79a03990c62e884cd330a60c057492b1400,
210034,2609.11583,v2,Values of Absorbing Recursive Games Express\\ All Real Algebraic Numbers,"Ali Asadi, Krishnendu Chatterjee",arxiv:2609.11583:lem:basis,H2,6908f50002ef7de271bcfb53a2beaf8ffcc41955252ddc9b97064b7898223ce3,
210036,2609.11599,v1,Some results on Archdeacon's conjecture for rotation systems,"Arahat Chikkatur, Ji Zeng",arxiv:2609.11599:thm:antipodal,H3,3af250cdaec6ed74bc48bef8a91457c6328aa7d5da54e23a24a1670d7b5a3bf6,
210037,2609.11619,v1,Sharp unconditional moment bounds for products of $L$-functions,Markus Val{\aa}s Hagen,arxiv:2609.11619:oneovernresidualmeanlemma,H3,0076c859abfad3ecb35fe0e0258a56eda2192c909ed15c22d082902627acc16f,
210039,2609.11645,v1,Persistence and long-time breakdown of most probable paths under time-dependent fractional noise with applications to KAM tori,"Yanbin Zhu, Xiaomeng Jiang, Yong Li",arxiv:2609.11645:thm:h-greater-half-collapse,H3,8f671413b083226dc1fa7f7b5858c72a7ab300e8e6767697c3844f8eeb0636bf,
210043,2609.11671,v1,A continuous $3$-distributive frame that is not $\omega$-distributive,"Wei Luan, Qingguo Li",arxiv:2609.11671:prop:continuous-meet,H2,6524941a1c13406f0b304d1cca090e695a2f7aa670d0973958dc6444dd1d0e60,
210047,2609.11749,v1,Sparsity Regularized and Robust Mean Variance Portfolio Selection Under Ellipsoidal Uncertainty,"Deniz Akkaya, Emre Can Yayla, Buse \c{S}en, Mustafa \c{C}. P{\i}nar",arxiv:2609.11749:thm:lower-bound,H2,f4647f62b7b145ac1bcb9ab0c4e7dbeb728c240616e59df9bd4588e17884b5b8,
210048,2609.11751,v2,Stochastic Gradient Methods with Online Scaling,"Wanyu Zhang, Wenzhi Gao, Yinyu Ye, Madeleine Udell",arxiv:2609.11751:lem:azuma,H3,440923e9a4edf94c73f69e57d688461f920a6e0cabf86d26abe77cbd64555014,
210051,2609.11812,v1,Moduli spaces of geometric functorial field theories,"Jacek Kenig, Dmitri Pavlov",arxiv:2609.11812:prop:reduced.category.discrete,H3,597204caa8d0a92989e8c22b4c7df86de4b504f254bca3578a91dbf28b22889d,
210053,2609.11832,v1,Distinguishing adjacent vertices by ordering edges,"Aleksandra Gorzkowska, Jakub Kwa\'sny",arxiv:2609.11832:thm:-safe-edge,H2,f348ce3f67d72c8675f8541151ab265bbbeb6f370a67c3407d435d34a652718d,
210054,2609.11836,v1,Free-Probabilistic State Evolution and Random Matrix Discrepancy,"August Y. Chen, Ahmed El Alaoui",arxiv:2609.11836:lem:adaptive-conditioning,H3,4129b97d6052b3cace72e20988507fafcf040a52f05431aa07f1a135dc991d5e,
210056,2609.11846,v1,A General Inequality for Walks in Graphs,Chase Wilson,arxiv:2609.11846:extends,H2,6a585a3729dd0cb268ea26726e2e887c15aafcec29a84c690a457e0c953619eb,
210057,2609.11857,v1,Regular hyperbolic tilings have no $\ell^2$ eigenfunctions,Asaf Nachmias,arxiv:2609.11857:thm:criterion,H2,68388e4dbc1af41df7c5968fdd13a99d948068ba860e583d65ca9b87538aaf58,
210058,2609.11866,v1,Every subset of a topological Ramsey space is Ramsey in the Solovay model,Clement Yung,arxiv:2609.11866:prop:semiselective.implies.mathias,H2,6e6e6a11ac85d335e7608abe839414edc862501f3f177bad09ad0ec5a22e44b6,
210062,2609.11928,v1,Upper bound properties of free and related Banach lattices via operators,"Anastasiia Ianina, Timur Oikhberg",arxiv:2609.11928:supremum-in-fbl,H2,273a3ae43310be8cc630d228615b5607e77ba0ff8a9359681b399b1f86441aca,
210066,2609.11979,v1,"Future Completeness, $C^0$-Inextendibility and Cauchy Horizons\\ in Homogeneous Einstein Spacetimes",Bobby Eka Gunara,arxiv:2609.11979:prop:einstein-optimal-separation,H3,a73f831c017657b126b6e7e63fa4b1e6d14492006581d06e013d341c2ff2f194,
210067,2609.12006,v1,"Painlev\'e Integrability, Hamiltonian Structure\\and Exact Elliptic Reductions of a Generalized Nonlinear Wave Equation",Alvaro H. Salas,arxiv:2609.12006:eq:quartic,H2,1758f7573e0ce52ec31069e1fdb020c6f3716d14f130a3afcbdfb6e26e2408f9,
210077,2609.12117,v1,Martingale Transforms and Compensated Bellman Estimates for Dunkl Riesz Transforms,"Francesco D'Emilio, Brett D. Wick",arxiv:2609.12117:lemma,H3,1809e4a7e7d676cafb80a8b12056dba5ebdc182e2c9922d85c3f67e5a6ec5c9f,
210080,2609.12123,v1,Rank-Efficient LoRA via Joint Tangent-Space Optimization under Isotropic Curvature,"Zihan Zhu, Zhehang Du, Xuyang Chen, Tim Tsz-Kit Lau, Jiayuan Wu, X. Y. Han, Qi Long, Weijie Su",arxiv:2609.12123:lem:firststep-gd-rev,H3,d71f4601b4753dc8b89fb42451557e37a2c149311479ad46302c48bb42ff3357,
210082,2609.12128,v1,Generalized Sterboul--Deming Configurations,"Daniel A Jaume, Cristian Panelo, Kevin Pereyra",arxiv:2609.12128:lem_ear_absorption,H3,299e1d8f98c39a9f3fc7e5494986874e0f899cc763616a477a4c98680743ef8a,
210084,2609.12150,v1,Lehmer--Lambert Distribution,"Masoud Ataei, Vladimir V. Vinogradov",arxiv:2609.12150:thm:shape,H2,7bf1e4929a24b555968e810d8c57ab22394b421174c778349d3044d88ed33d0f,
210085,2609.12152,v1,\bf Taut and Dupin Submanifolds (Updated Version),Thomas E. Cecil,arxiv:2609.12152:thm:4.1.1,H2,c121fc4b74af8ffa6745e8ad820784ab7bdbe1d13c1ed7e30751d478791d36ab,
210091,2609.12241,v1,Transform before linearizing: robust Newton methods for singular $p$-Laplace and $p$-Stokes equations,"Gonzalo G. De Diego, Fortino Garcia, Georg Stadler, Kewei Wang",arxiv:2609.12241:thm:finite-dimensional-lifted-global-convergence,H3,90e8658bbbb99a349b8c7680a2f3326438aab726d15d1b2a718b6883912f0036,
210092,2609.12256,v1,Elliptic $b$-Hurwitz theory and Jack heat trace,Thibaut Lemoine,arxiv:2609.12256:thm:heat-expansion,H2,39ba8d0599e25cc368fb55d81b2030a422c63293c4cb251fa1013ec7da473d81,
210094,2609.12271,v1,A Sharp Signal-to-Noise Threshold for Quasi-Maximum Likelihood Breakpoint Estimation,"Hubeyb Gurdogan, Georg Menz",arxiv:2609.12271:lem:jensen_gap_logdet,H3,6b29c3bb09c9dd7c8eb5fe93448aa6a955bc11395cc97f8ea254d54b550cae89,
210095,2609.12282,v1,Adaptive local representations for Helmholtz Trefftz discontinuous Galerkin methods,Shelvean Kapita,arxiv:2609.12282:lem:pw-direction-lipschitz,H2,eedcb6bad06f86cb906190f59335169d6aa88eab7f078d1eef6bd9b35f49657a,
210098,2609.12295,v1,Amphichiral Knots: Odd Braid Index and Symmetry Classification in the Three-Braid Case,Hyungseok Jung,arxiv:2609.12295:lem:flype-identities,H2,3fc97025017784b90e4fa72213e7dfd81d3442e7a3daa91ba58f20c352954d46,
210102,2609.12319,v1,Seshadri slope $\K$-semistability for the blow-up of projective space along a linear subspace,Nathan Grieve,arxiv:2609.12319:slope:invariants:a:0,H2,ff6e704b819992a58553e4544f6ae18365a781103a9e70ee750d8676af5a061b,
210108,2609.12357,v1,Nonexistence of Approximately Dual Frames via Weighted Composition Operators,"Trevor Camper, Dongwei Chen, Shuang Guan",arxiv:2609.12357:fock_main,H2,54f9ec29fc9247f15b52becc9321b580981d55bd63f2d667ba36e8e41aa58ea1,
210110,2609.12381,v1,The Ergodicity of Geodesic Flows on Rank One Manifolds of Nonpositive Curvature,"Fei Liu, Xiaokai Liu",arxiv:2609.12381:lem_3_2,H3,96b7a121dcb3b5bf36166c80e2537ee24988a620981168f35f79b615c1b91ad2,
210111,2609.12383,v1,On energy equality of the 3D anisotropic Navier-Stokes equations,"Yulin Ye, Wei Wei, Yanqing Wang",arxiv:2609.12383:plions,H2,f03c3298753b4ac34976a1aaa73432ca2332efe305e3aaf876f0a844659d3012,
210112,2609.12385,v1,Cocenter of Hecke algebras of Kac-Moody groups,"Xuhua He, Felix Schremmer",arxiv:2609.12385:prop:mbmodule,H2,c7e4d52a17ac58a0903e82163a6ab8dca2460a1d83c29fd9e8375dc301f31c7e,
210113,2609.12405,v1,The $q$-analogues of $\gamma$-positivity of Eulerian polynomials via group actions,"Taifeng Ding, Lintong Wang, Sherry H.F. Yan",arxiv:2609.12405:lem-psi-1,H3,5dcf79761f0ea28df787135afad81fa801785ada803ed1e443c9b09e67c15d49,
210115,2609.12427,v1,Polynomial growth of Bohnenblust--Hille constants on the Hamming cube,Paata Ivanisvili,arxiv:2609.12427:cor:aa,H2,020051edfcd282579dc5f45a2cafeefdfa256008ea22f7ebb43ce04d6301461d,
210117,2609.12486,v1,Adaptive Agent Design,"Raj Kiriti Velicheti, Subhonmesh Bose, Tamer Ba\c{s}ar",arxiv:2609.12486:lem:surrogate_bounds,H2,749f0d7da0f77469c1e75b6af92ecb40964636ea42d53652449e271912f99fce,
210119,2609.12492,v1,Common Fixed Points of Co-Cyclic and Sub-Cyclic Mappings in Complete Metric Spaces,"Dev Raj Joshi, Sanjay Mishra, Piyush Kumar Tripathi",arxiv:2609.12492:thm:sub-cyclic-common-fixed-point,H3,01376a542e22ba1b6f7202b944ae859bbf892bba7522d2c7b99aa59836a61ec9,
210120,2609.12499,v1,"A Generalization of S\'ark\""ozy's theorem in function fields","Pierre-Yves Bienvenu, Th\'ai Ho\`ang L\^e,, Gauree Wathodkar",arxiv:2609.12499:thmb,H2,662064d4609d6c2b1dcba914633b6c8518f12b893fcc2f9a3671024908d708c2,
210121,2609.12506,v1,Normal Equations and Discrete Energy Structures for High-Order Streamline Diffusion,"Erik Burman, Peter Hansbo, Mats G. Larson",arxiv:2609.12506:thm:adams-moulton-stability,H2,aa7f7c9c45590f1d4825cb9a0047a70a469ba0425caf8c7c72e4abaad7352f0c,
210127,2609.12546,v1,The Reduced Smith Group of a Kneser Graph and Its Application to Group-Valued Magic Maps,Ahmet Batal,arxiv:2609.12546:lem:bier-mobius,H2,afa4254b853020617f76bbd41a142bca3408a111f5ed170d7906803230750f24,
210133,2609.12599,v1,SIMS: Scale-Invariant Merit-Function-Based Scalarization for Multi-Task Learning,"Zebin Chen, Fei Xing, Yang Chen, Hua Liu, Andy HF Chow, Yuhua Qian, Yu Zhang",arxiv:2609.12599:lem:lse_smoothness,H2,62a799a0ce0dc7f282fbf0ba128b0e3f34de31f56aea99b5e4d7489346425afe,
210137,2609.12673,v1,A maximum matching-based refinement of Brouwer’s conjecture,Tahir Shamsher,arxiv:2609.12673:brotau,H2,15f5e3132a1dd4d6859bbd9b6ccabf3749ebde4a24b2690857e711f582f7614a,
210138,2609.12685,v1,Self-dual sets up to a translation: a negative answer to Milman's question,Alex Segal,arxiv:2609.12685:prop:fl_shift,H3,b81cddc5b2fc8b5c03e744694e73f42b8d7b80f1de281eb7d6e95c925113d1a3,
210141,2609.12703,v1,Fractional very fast diffusion equations in Lebesgue spaces: uniqueness and smoothing effects,"Mohammed-El-Mahdi Boudaoud, Arturo de Pablo, Fernando Quir\'os",arxiv:2609.12703:lp-continuity,H3,dc89a4e92fcf21251cf6fbd0e00469bc6f4b8ad31039a1336fbaddd10acaedf2,
210142,2609.12717,v1,"Asymptotics of the coefficients of polynomials, asymptotic zero distribution and free probability",Walter Van Assche,arxiv:2609.12717:lemma,H2,dca64bb36118104cf7393de380dfcd43833b0d0d50f989ef1f94805d5b4ae707,
210143,2609.12725,v1,\it Fractional revival in complementary prisms of graphs,"Sarojini Mohapatra, Hiranmoy Pal",arxiv:2609.12725:6t4,H2,3cb16c87d198463081426acc50e2921416e43f3ed2f93c8073cf377386f32ace,
210145,2609.12730,v1,On the Hilbert series and multiplicity of Generalized Binomial Edge Ideals,Paramhans Kushwaha,arxiv:2609.12730:thm:-hs-of-multifan-graph,H2,f847f2fede2bf5b4eb725c7d5437974ec6263016c4f5be8c27e2c4b11aa87640,
210146,2609.12732,v1,Degreewise Cut-Semigroup Saturation for $K_5$-Minor-Free Graphs and Seymour's Planar Edge-Colouring Conjecture,SeungJu Lee,arxiv:2609.12732:prop:reverse,H2,058a1c0b8950311c540f8494c3d8af01ab14ab1afd3e86b78cb1c178ef067ab8,
210147,2609.12740,v1,Finite-tower bounds for Skolem functions,Andreas Weiermann,arxiv:2609.12740:sf:thm:discrete,H3,d3db8a1425b4d0a3e5ed30a6f36d3461058b49f9f2bd89cac6515344eb5f644c,
210148,2609.12764,v1,The first moment of quadratic Dirichlet $L$-functions in the even hyperelliptic ensemble,Hwanyup Jung,arxiv:2609.12764:lem:k-poles,H2,4877be6cdfd27b6711311366bdc9582a6ac6b7b544eff5bc01a3eec256000e8f,
210150,2609.12778,v1,Total Generalized Variation for Inverse Problems Involving Piecewise Linear Finite Elements,"Moritz Kappes, Manuel Haas, Thomas Beiert, Simone Pezzuto, Alexander Effland",arxiv:2609.12778:proposition,H2,fa7397fcc7657f8bfc3cc345b28b8b1c943c09f8d90e004fa8cd34871b7d8613,
210151,2609.12780,v1,A 4AP-free permutation of the positive integers,Boon Suan Ho,arxiv:2609.12780:lem:extend,H3,a5f20505abf15c426ec54e38d879bb2ddcbf453324fd847117a6f67b40d2293b,
210152,2609.12782,v1,The Hausdorff dimension of the spectrum of the Thue-Morse Hamiltonian,"Liu Qinghui, Lv Yiran",arxiv:2609.12782:1924,H2,6ea5ababfb3dd648c056561d8552f6f954f1386b9fc6bcb5248b396419923f83,
210155,2609.12838,v1,Projective Kernels and Replicability in Modular Function Theory,"Hicham Saber, Abdellah Sebbar",arxiv:2609.12838:thm:grunsky-quasimodular,H3,e0fbcbaacdd77acca5f433e5cd36f09609f711ebfdcb36dde4673da4fb9aad2b,
210162,2609.12924,v1,Uniqueness of Rank-Metric Completions of Bratteli Systems,Baojie Jiang,arxiv:2609.12924:lem:finite-model-estimates,H3,1fa1a2eeaf1042a49d70e5f735b9496d8be438eb8238353d71da973ab1222aed,
210163,2609.12925,v1,Weak Solutions for the Unregularised Hibler Momentum Equation with Degenerate Coefficients,Henrik Schneider,arxiv:2609.12925:lem:a3,H3,818c30de5460db6f3ce30868f76b50da35895ef75f48f1e51be11411a637776b,
210165,2609.12957,v1,Clifford Realizations of Hyperbolic Cubics,Tim Netzer,arxiv:2609.12957:prop:contact-data,H3,75b1020d1da86a5fdb23523f7589c75351b30d42f3b59ffa12748838ff7771e9,
210166,2609.12983,v1,Invariance of rowmotion \\ for variants of the Tamari lattice,"Ben Adenbaum, Emily Barnard, Cesar Ceballos, Cl\'{e}ment Chenevi\`{e}re, Colin Defant, Sam Hopkins, Matthias M\""{u}ller, Martin Rubey, Jessica Striker",arxiv:2609.12983:thm:varphi_udeg,H2,10761e262792d23d9a4a7d39d33242247d1c7c72e4a0211e95776cd408732e2d,
210167,2609.12991,v1,"Information-Induced Training Geometry:\\ Exact Reduction, Canonical Completion, and Structured Expressivity",Zavier Li,arxiv:2609.12991:thm:spd-compression,H3,87ad8fdd2772dfadbb3542863cc337b2e386a64d423594bc4a2cfdb73c6f583f,
210168,2609.12992,v1,\LARGE \bf An Adaptive Multi-Parameter ADMM Algorithm for Embedded MPC,Alberto Zaupa\textsuperscript{\ddag} and Mikael Johansson\textsuperscript{\ddag},arxiv:2609.12992:thm:superlinear_convergence,H3,1e660e930f74ad403dcaf7ea9fabac82084db42329f54d87f3431864c56757ee,
210169,2609.13000,v1,\bf Parity-Skeleton First-Passage Dynamics and Optimal Intervention in Two-Sided Discrete Monitoring Systems,Ye Liang,arxiv:2609.13000:prop:geo,H2,55516ab6541f415bfa8fe42b1453f253a9da8dfb12a1880143e6305cbd8e719a,
210177,2609.13090,v1,Premaniplexes of rank $3$ and $4$ as symmetry type graphs of maniplexes,Maru\v{s}a Lek\v{s}e,arxiv:2609.13090:rem:h1,H2,138fcba135231282c12db9c88a7e39e24a5a9cd658c4f1f597e958289b54e0b1,
210182,2609.13105,v1,Diameter-free reverse inequalities and superorthogonality,"Adam Cushman, Ciprian Demeter, Shukun Wu",arxiv:2609.13105:cor:exact-triple-overlap,H3,a8808a4047703cc5f1a38387d14e668a5b15088af356f3fbd99908c6978f7c81,
210183,2609.13122,v1,A base-$8$ upper bound for planar peeling sequences,"Andr\'e Hisatsuga, Griffin Johnston, Rafael Miyazaki",arxiv:2609.13122:lem:weighted-kraft,H2,d36cc05edcb890f33e7caa6ea1f0d1a915c5381659bb8090a4e99fe105d9ff28,
210185,2609.13131,v1,Eta-Quotient Representations for a Three Parameter Family of Modular Functions Associated with the Rogers-Ramanujan Continued Fraction,"Bishnu Paudel, James A. Sellers, Haiyang Wang",arxiv:2609.13131:lem.transform,H3,0e80b977a91c79c8f15eaf0489fcf20c5cf6270e3529d844da40159696ef568b,
210321,2609.14496,v1,Batched Wavefront Sweeps for Linear Transport Uncertainty Quantification,Tristan Pryer,arxiv:2609.14496:prop:uq_reverse_mode_wavefront_adjoint,H2,d5c54368c3a8de85f3abc448f1c6acdf4737b4bfbcd710136b04a25aebdf715d,
210324,2609.14515,v1,\bf Odd branching obstructs multiplicity-one integral current structures,Deguang Zhong,arxiv:2609.14515:prop:mod2,H2,2ce6ef4367369a90e23ade7e90d26312c0183b06cdaed7d18c8776d41b9137dd,
210327,2609.14525,v1,Retained-Set Descent for Diagonal Ramsey Numbers,"Zhipeng Lu, Sichen Wang",arxiv:2609.14525:thm:route,H2,3401b7dbc8ee1dd84e57c1c9889ffff86bd92a0af370a55339f15563cf5a264e,
210328,2609.14526,v1,Elimination of Ren\'e Peschmann's 968 Remaining Hard Fibers for the Perfect Cuboid Problem,Ricky Cipollini,arxiv:2609.14526:lem:kummer,H2,9784aa7216b1887d4ad37d585211a2f4a7fe4469c2a483b8cefe89f623d40f47,
210330,2609.14546,v1,Conformal Parametrisation of Star-Shaped Domains and Persistence of Semilinear Elliptic Solutions,Gianni Arioli,arxiv:2609.14546:lem:cf,H3,1f9dfd35fd4ccd5da75b297ce16d2c500049bfd422388b68b576286351bc2868,
210332,2609.14554,v1,On rotationally-symmetric norms,Yossi Lonke,arxiv:2609.14554:myinversiontheorem,H2,ecc26ab8ecb80c78ee56c99f55c8de3420358e219057a2bf06849511150fb0c7,
210334,2609.14573,v1,A free boundary problem for spreading of an invasive species in the territory of a native competitor under shifting climate,"Phuoc Vinh Dinh, Phuong Le, Tien Dung Nguyen",arxiv:2609.14573:lem:limsup,H3,8c04376b712b04ee945630dbe8495dc98b94d8fa66081b2b5944c53e2b30e354,
210338,2609.14632,v1,Linear equations mod $n$ are pseudo-telepathic,Lorenzo Ciardo,arxiv:2609.14632:prop_measure,H2,440095660786d15e34bc0feb7c22eca3fe1acf426217d89de6ecc1581757c6d8,
210343,2609.14659,v1,On a Multispecies Electrodiffusion Model in Higher-Dimensional Porous Media,"Elie Abdo, Christofer Ghazale",arxiv:2609.14659:prop2.1,H2,2340d3bf4039b18a43610ebaec705a74dd0ed9bd09b4ee3cc8fd6804472b6804,
210344,2609.14662,v1,Wold-type decompositions for norm-increasing $m$-concave weighted shifts on directed trees,Ashish Kujur,arxiv:2609.14662:lem:cesaro,H2,d9b7ab9cbffd35a45667079b33b7c475468cad698005cf91ce090cc4c1ee1c60,
210345,2609.14671,v1,Grothendieck Topologies Are Extensional Presentations of the Form of Sieves,"Roy Ferguson, Zurab Janelidze",arxiv:2609.14671:thm:cokernels-not-pullback-stable,H3,2d6284cb7f166592498df40f21db15e0eaaf35a682079b06a2ea3291c77c0bdc,
210346,2609.14679,v1,A free boundary model for invasive and native species under shifting climate in the weak competition case,"Phuoc Vinh Dinh, Phuong Le, Tien Dung Nguyen",arxiv:2609.14679:lm:mono,H3,4fadc51f69c03fd6b20a8c3569568cccc88fe68cd35654a23fd8ed0818e041be,
210348,2609.14688,v1,"On the uniqueness and the regularity of solutions to the Navier Stokes in the Lorentz space $L^{3,\infty}(\mathbb{R}^3)$",Ramzi May,arxiv:2609.14688:ws,H3,3a445c3d783b96b39ca57d2d20a98ecc0010d60e6e12cbf4925e2275400d46df,
210349,2609.14698,v1,Lascar Rank in Expansions,Michael Lange,arxiv:2609.14698:evenbetterbuechler,H2,7dda9414ad976ae3dc267cdfeec9a80c7c0af17a13a7729bea846b30106f58f6,
210352,2609.14753,v1,A Superdiffusive Local Limit Theorem for the Elephant Random Walk\\ and the Breakdown of Log-Concavity,"H\'elio Trinas, Glauco Valle",arxiv:2609.14753:prop:lattice,H3,d377455b858c780d34bdbdec94c65345a1448be41f72a1574be602f850e11e5e,
210353,2609.14757,v1,Universal computation with magic Hamiltonians,"Marius Junge, Jason Pollack, Luke Visser",arxiv:2609.14757:thm:commutators_algorithmically,H2,530b503f78b440bfe23d1b87fa1dae79c195de501fdac9a1d71e7767886f6278,
210356,2609.14781,v1,Essential quotients of the cohomology of products of symmetric and alternating groups,"Dana Hunter, Dev Sinha",arxiv:2609.14781:wninvts,H2,3e3c05a76a8ebbe401ad4529a26827e10e8777aa9d6994eb072baa207e99edc9,
210358,2609.14794,v1,Kusner's conjecture is false for $p>4$,Nathan Xiong,arxiv:2609.14794:lemma,H2,21cc7c2968ab8b6c2686ed84263a3abdde1322c0d66e5608ef26fcedaaea2291,
210362,2609.14826,v1,Variance of random greedy independent sets in triangle-free graphs,Mubin Shaikh,arxiv:2609.14826:lem:centered,H2,2051318a6256756e51a2254f55b83279bd560238e20ff35ff87e0fe63c119ed2,
210363,2609.14830,v1,Nakajima-extremal Artin--Schreier covers of ordinary elliptic curves in characteristic $2$,Saeed Tafazolian,arxiv:2609.14830:prop:tower,H3,c30b673b1cdb2b209d24ac1a7bd3313169f2e3cbf66cdd4c23a296e6db17a025,
210365,2609.14837,v1,Low Dimensional Sampling under Reconstructed Constraints,"Imon Banerjee, Riddhiman Bhattacharyya",arxiv:2609.14837:cor:optimized,H2,4aa6f38e019c127fca7152e5fdae841c7340df217a8d9203166c71a6b384cbd0,
210367,2609.14855,v1,Geometric Orbital Linearization of Siegel Singularities in the Plane,Toshikazu Ito \and Bruno Sc\'ardua,arxiv:2609.14855:lem:reinhardt-rigidity,H3,47d8c52285d63fd2b77c2768081b06a792df6ddde3b6e182e10a6071c3d2c3d6,
210368,2609.14880,v1,The relativistic Euler-Poisson equation as a mean-field limit,Immanuel Ben-Porat,arxiv:2609.14880:coercivity-positivity-of-eta,H3,0be260aaa15390fdef2c1523ec5807ee8aba16506cad419b4148272496eeefcb,
210369,2609.14890,v1,Joining rigidity for rational maps,"Fabrizio Bianchi, Yan Mary He",arxiv:2609.14890:lem:return-equivar,H3,d32eb6cdab9afe310ab2cc6e078c824db8b480d0520d8a7236ffe541dcb83cfb,
210371,2609.14922,v1,Steady-State Convergence of Stochastic Approximation,"Yixuan Zhang, Qiaomin Xie",arxiv:2609.14922:lem:lsa,H2,e014ced26170d31241c04661a75ebbb74e66c3a47484f250e23a222d5d38e60e,
210373,2609.14940,v1,"Two-term dilogarithms, mixed-base Nahm sums, and Fricke symmetry",Cetin Hakimoglu-Brown,arxiv:2609.14940:thm:quadratic-obstruction,H2,8a4ff5e42b9fbca217340d89ccd743ea3d002022b72b8137fc75c764da3ab07e,
210374,2609.14941,v1,"\bfseries Stabilization of a Heterodirectional\\ Bradytachic (1D, 2D) PDE Pair",Miroslav Krstic,arxiv:2609.14941:lem:evolution,H2,a204925b79212bb6dbefe94a2296db143feb3bccf6283b13ed6228a7cc7e1084,
210375,2609.14945,v1,Long-range expanders: construction and cutoff,Dylan J. Altschuler,arxiv:2609.14945:lem:directedentropy,H3,efbefec41c49fb6fc13310798d56c95340ea14a2b6e75bddc732f788abf65c32,
210380,2609.14975,v1,The threshold for online balancing of i.i.d. binary vectors,"Dylan J. Altschuler, Konstantin Tikhomirov",arxiv:2609.14975:lem:potential,H3,cbb14b18fd983edb850c18fc4707a9473100026d4654892929bfbe13cef15e20,
210383,2609.15003,v1,The Borel Distinguishing Number of Schreier Graphs,"Junhao Chen, Jie Zou",arxiv:2609.15003:upperbound,H2,6b71c1f82b5eb70b5ae583ee079cb976ac0f42ff2b5c26b907a8f3e97aa5061d,
210387,2609.15081,v1,Obstructions to coloring arithmetic graphs,"Lujia Wang, Ruihua Wang",arxiv:2609.15081:lem:205-phases,H3,7c6ace723b85a352457190ac95079eda6b88da6b4fb8adcf33f328c7d259fde0,
210392,2609.15155,v1,Invariant sets of the double Hilbert transform,"Evgeny Abakumov, Komla Domelevo, Stefanie Petermichl, Alexei Poltoratski",arxiv:2609.15155:l1,H2,98ed4a1b7cb0f2566c85fc46570bfbf98c038b00d48da4b4aec4b494add890ae,
210393,2609.15159,v1,Stability of Einstein 4-manifolds satisfying a chiral curvature condition,Diego Artacho,arxiv:2609.15159:prop:spin,H2,5c45564b182a59b2f917a31b7af176d2b081950e7c8059a4de4d6272db66d04e,
210395,2609.15190,v1,Algorithms for $p$-rationality\\ and for $p$-saturation of units,"Tommy Hofmann, Henri Johnston",arxiv:2609.15190:thm:p-odd-rat-cyclo,H2,eada4eed169d2d78d0695389a76faafe2e1cd69a7c169c184d44aba3a1799a62,
210398,2609.15201,v1,Real-Rootedness and Gamma-Positivity for a Variation of the Morris Constant Term,Feihu Liu$^{\color{blue} \dag}$ and Zihao Zhang$^{\color{blue} \S}$,arxiv:2609.15201:st:stable-eigenfunction,H3,ef94a1d99bfd482011c799066721a421b9846f5b7985dbe205edc14b176d1ec7,
210399,2609.15206,v1,Quantization of Preprojective Algebras and the Type A Rational Cherednik Algebra,"Meiliang Liu, Jun Zhang, Hu Zhao",arxiv:2609.15206:prop:-inverse-dunkl-power-sum,H3,3054a55d884729da68735c527bb35d71dc5928164833f22371d11053e3331af5,
210404,2609.15265,v1,Growth beyond exponent $3/2$ for convexity and iterated sum sets,"Michalis Kokkinos, Oliver Roche-Newton",arxiv:2609.15265:generalpoly,H2,32636cf80c5fa4266d280743641d3908c6a36a794f6b50c9e53752d9247327b4,
210406,2609.15283,v1,"Radial Nodal Dirichlet Solutions of Singular Elliptic Equations: Global Branches, Endpoint Asymptotics, and Morse Indices",Wenjing Chen\ \ and Zexi Wang,arxiv:2609.15283:lem:sublinear-bessel-limit,H3,0c7647ed1fba2ea977053d7a08c533ce7894393cb8d306f9b896185d52f39bd3,
210409,2609.15332,v1,The BSE Property for Weighted Banach Algebras of Dirichlet Series,Prakash A. Dabhi,arxiv:2609.15332:lem:character_approx,H2,eac8bc561ec8fcee2b20b0066a9b430b39cb5be1c5ae56e0565a021085f997f4,
210411,2609.15376,v1,AKE principles in roughly deeply ramified henselian valued fields,"Franziska Jahnke, Margarete Ketelsen, Floris Vermeulen",arxiv:2609.15376:thm:main,H2,f4d6c6410830073c6d9d897706a6ef996dd6c3375001b902a0a292d9136ab4be,
210412,2609.15388,v1,Entropy and singularity of spectral and pivotal sets in planar percolation,Yitzchak Shmalo,arxiv:2609.15388:prop:coercivity,H2,65f07eceb572c2fcdf0f6378c6ebbaea1644bc8ff386f4ca2362140d425827db,
210414,2609.15414,v1,\bf Large Complete Minors from a Cheeger Condition,"Chengli Li, Leyou Xu, Bo Zhou",arxiv:2609.15414:lem:scale,H3,1e0768b84d83462e3886c948341e799c1025b0a5563fb264a396b5ced7f0f301,
210416,2609.15448,v1,Planar Pendulums in Complex Coordinates,Gjerrit Meinsma,arxiv:2609.15448:lem:dual,H2,9d4339dcc6cd8dda0aa363e3835400df9444c3109526f24e5725eaf2e6f75959,
210418,2609.15480,v1,Matrix-valued truncated Toeplitz operators: Properties and Applications,"Rewayat Khan, Flavia Colonna",arxiv:2609.15480:g,H3,4ff4620397a4164c72a1fab99571b06bc9d5738f58da6cc5611a27e139931872,
210422,2609.15499,v1,Homogeneous linearly ordered spaces,"Anton Lipin, Evgenii Reznichenko",arxiv:2609.15499:t:blex:t1,H3,e98725cdc5e85c4fedf43d46d2df4c3cdeaaef92678889293600dbe796b26067,
210423,2609.15501,v1,Time derivative estimates for normalized parabolic $p$-Laplace equations,"Se-Chan Lee, Hyungsung Yun",arxiv:2609.15501:lem:logarithmic,H3,ea4c9222697824ccb54876129d5831f1ac294500236027f1d3ba0f11d5008618,
210429,2609.15577,v1,How well do fast discrete trigonometric transforms\\ work for parametric numerical integration?,"Gerlind Plonka, Daniel Potts, Manfred Tasche",arxiv:2609.15577:ex:sech,H2,b19dc302e3f6ee56aedf1c94342902574dfe1045b50c18a7d67a14acc64161dc,
210430,2609.15589,v1,Polarized varieties without arithmetically Cohen--Macaulay bundles and section rings without graded maximal Cohen--Macaulay modules in characteristic zero,Cristian Anghel,arxiv:2609.15589:prop:bpf,H2,5b9cf3a0dc73725debdf8aba42fd822af1197ba0e9d10cba3d15ca7551d7b67c,
210431,2609.15599,v1,On the uniform flatness of polynomial graphs,"Xieping Wang, Li Zhang",arxiv:2609.15599:lem:-polynomial,H2,88a39845775275eb4d43fc141b29be2bb41d2b57c0f3a8a5162ce0e817ccd19b,
210433,2609.15626,v1,On implicit operations and balanced categories,Luca Reggio,arxiv:2609.15626:t:es-vs-implicit-operations,H2,c691e8c06fa8b06fb80546dc01ab6da66b8ead70378665f0453296a41da8a8f3,
210435,2609.15637,v1,Independent Sets and Balanced Cycle-Linkings in 2-Connected Graphs,Shuaichao Wang,arxiv:2609.15637:lem:first-imbalance,H3,f0922cdd90488292ad98e9ab1ef70b581f047f7848b574abb9fd5568af8eef88,
210440,2609.15691,v1,A blowup criterion for regularity,Pat Lank,arxiv:2609.15691:lem:ring_presentationjona3,H2,04c6e910f1127c82333c82d0ae811b6eb95dd7b057318c0ee5c2f1a265556aec,
210441,2609.15694,v1,Harnack Inequality for Parabolic Fractional $p$-Laplace Equations,Harsh Prasad,arxiv:2609.15694:prop:moment,H3,34c4202ef602378b971314a8f6e00abcdd6e287444da4d43e3711d6438d8c667,
210442,2609.15703,v1,The variety generated by all semirings of order three is nonfinitely based,"AIFA WANG, WENHAO JU, LILI WANG",arxiv:2609.15703:lem:isolation,H3,401902be01d0a63c230d42216c07069cc09609f9c061efa554955987c1a7c5a4,
210446,2609.15754,v1,Direct Generation of a Somos--4 Sequence\\ from an Algebraic Generating Function,Thomas Scheuerle,arxiv:2609.15754:prop:tail-quadratic,H2,93d7c81d275ce6645102fb2c98a8bd39b46c4a45aec15ce1dd4255605ac2d3de,
210447,2609.15757,v1,Optimal entanglement-assisted source coding\\ under a balanced-difference promise,Julius A. Zeiss,arxiv:2609.15757:thm:permanent,H3,5bae7dcd8e7bdf6f2816851f46b263a080abac016119ec0d7699e7f1509f54ba,
210448,2609.15765,v1,\LARGE \bf A Generalized Stability Theorem for Interconnections of Dissipative Behaviors,Michaela Repášová and Henk J. van Waarde,arxiv:2609.15765:lemma-stat-1,H2,3015df2ba1bce7aa558b029688aea2f7685c74f81d8e1b62863842a4ae4a43be,
210455,2609.15831,v1,\Large\bf Superconvergence of Centered Finite Difference Approximations,"Mario J. Bencomo, Joseph Igot, Emma Maltes",arxiv:2609.15831:thm:scodd,H3,22326b92906e8dfcf530736927ec6f58ca74e81f1ee16530138e08f20e6c73cc,
210457,2609.15873,v1,Local measures of interval edge-uncolorability,"Carl Johan Casselgren, Petros A. Petrosyan",arxiv:2609.15873:theorem,H3,4e9648a0bb47c4b1a59b0ae64b31a3fae5a8b7f522fd5fdc7cfe3b78369ebba5,
210458,2609.15878,v1,\bfseries Logarithm of the Universal\\ Two-Valued Formal Group,"Victor Buchstaber, Mikhail Kornev",arxiv:2609.15878:lemma,H3,cbc0e3cbbf8a30289a7105050151e6746574ab87c8bd2a4aecf8aaca2a65cfae,
210464,2609.15901,v1,"Strategic Index Reconstitution: Differential Games, Closed-Loop Equilibria and Mean-Field Dynamics","Lukas-Benedikt Fiechtner, Jose Blanchet",arxiv:2609.15901:lem:mf_state_transition_representation,H3,53484699aaa7d50837a223257c2b65f5de72ca1d4d98d361d4ba73950ab65e9e,
210465,2609.15909,v1,Naturality characterizes product measures and relative product measures,"Victor Bloch, Tobias Fritz",arxiv:2609.15909:lem:relative_bernoulliirrational,H2,b84155aea49c5157ca1b07a193185699e06c4c54fdaab10a268b01de6de8801d,
210469,2609.15984,v1,Convergence for Small-Order Derivatives of Random Polynomials with Independent Roots,Hongkai Zhu,arxiv:2609.15984:lem:summable,H3,9e39e34c1034c461f03b30b6ca3845f38c4b0690b373fe53f40a8e7ffb8cef27,
210470,2609.15986,v1,Cyclic Haagerup--Izumi fusion categories\\at every odd order,Tzu-Chen Huang,arxiv:2609.15986:allodd:reflection,H3,9f1c7bd5c478bc0410a9ac8631d50430f7b1b21b7e5bde79dd972548d7b20eca,
