problem_id,original_evidence_mode,original_tex_path,current_delivery_status,published_tex_path,hold_or_scope_reason
001,native_tex,tex/001_stacks_01XF.tex,verified_editable_tex,items/001_stacks_01XF.tex,
007,source_pdf_pages,tex/007_source_pdf.tex,requires_complete_editable_statement_and_proof,,
008,source_pdf_pages,tex/008_source_pdf.tex,requires_complete_editable_statement_and_proof,,
010,source_pdf_pages,tex/010_source_pdf.tex,requires_complete_editable_statement_and_proof,,
016,native_tex,tex/016_stacks_0200.tex,verified_editable_tex,items/016_stacks_0200.tex,
020,source_pdf_pages,tex/020_source_pdf.tex,requires_complete_editable_statement_and_proof,,
024,source_pdf_pages,tex/024_source_pdf.tex,requires_complete_editable_statement_and_proof,,
025,source_pdf_pages,tex/025_source_pdf.tex,requires_complete_editable_statement_and_proof,,
030,native_tex,tex/030_stacks_032A.tex,verified_editable_tex,items/030_stacks_032A.tex,
031,source_pdf_pages,tex/031_source_pdf.tex,requires_complete_editable_statement_and_proof,,
037,native_tex,tex/037_stacks_03H0.tex,verified_editable_tex,items/037_stacks_03H0.tex,
043,source_pdf_pages,tex/043_source_pdf.tex,requires_complete_editable_statement_and_proof,,
044,source_pdf_pages,tex/044_source_pdf.tex,requires_complete_editable_statement_and_proof,,
045,source_pdf_pages,tex/045_source_pdf.tex,requires_complete_editable_statement_and_proof,,
046,source_pdf_pages,tex/046_source_pdf.tex,requires_complete_editable_statement_and_proof,,
047,source_pdf_pages,tex/047_source_pdf.tex,requires_complete_editable_statement_and_proof,,
048,source_pdf_pages,tex/048_source_pdf.tex,requires_complete_editable_statement_and_proof,,
049,source_pdf_pages,tex/049_source_pdf.tex,requires_complete_editable_statement_and_proof,,
051,source_pdf_pages,tex/051_source_pdf.tex,requires_complete_editable_statement_and_proof,,
052,source_pdf_pages,tex/052_source_pdf.tex,requires_complete_editable_statement_and_proof,,
053,source_pdf_pages,tex/053_source_pdf.tex,requires_complete_editable_statement_and_proof,,
054,source_pdf_pages,tex/054_source_pdf.tex,requires_complete_editable_statement_and_proof,,
055,source_pdf_pages,tex/055_source_pdf.tex,requires_complete_editable_statement_and_proof,,
056,source_pdf_pages,tex/056_source_pdf.tex,requires_complete_editable_statement_and_proof,,
057,source_pdf_pages,tex/057_source_pdf.tex,requires_complete_editable_statement_and_proof,,
058,source_pdf_pages,tex/058_source_pdf.tex,requires_complete_editable_statement_and_proof,,
062,native_tex,tex/062_stacks_074Q.tex,verified_editable_tex,items/062_stacks_074Q.tex,
065,native_tex,tex/065_stacks_058G.tex,verified_editable_tex,items/065_stacks_058G.tex,
070,source_pdf_pages,tex/070_source_pdf.tex,requires_complete_editable_statement_and_proof,,
072,source_pdf_pages,tex/072_source_pdf.tex,requires_complete_editable_statement_and_proof,,
076,source_pdf_pages,tex/076_source_pdf.tex,requires_complete_editable_statement_and_proof,,
079,source_pdf_pages,tex/079_source_pdf.tex,requires_complete_editable_statement_and_proof,,
081,source_pdf_pages,tex/081_source_pdf.tex,requires_complete_editable_statement_and_proof,,
094,source_pdf_pages,tex/094_source_pdf.tex,requires_complete_editable_statement_and_proof,,
112,native_tex,tex/112_stacks_00R4.tex,verified_editable_tex,items/112_stacks_00R4.tex,
114,native_tex,tex/114_stacks_00RB.tex,verified_editable_tex,items/114_stacks_00RB.tex,
241,native_tex,tex/241_stacks_08YA.tex,verified_editable_tex,items/241_stacks_08YA.tex,
293,source_pdf_pages,tex/293_aljabr2.tex,verified_editable_tex,items/293_author_proof.tex,
294,source_pdf_pages,tex/294_aljabr2.tex,verified_editable_tex,items/294_author_proof.tex,
295,source_pdf_pages,tex/295_aljabr2.tex,verified_editable_tex,items/295_author_proof.tex,
242,native_tex,tex/242_stacks_0A6R.tex,verified_editable_tex,items/242_stacks_0A6R.tex,
243,native_tex,tex/243_stacks_0A6W.tex,verified_editable_tex,items/243_stacks_0A6W.tex,
244,native_tex,tex/244_stacks_0A7E.tex,verified_editable_tex,items/244_stacks_0A7E.tex,
245,native_tex,tex/245_stacks_0A7U.tex,verified_editable_tex,items/245_stacks_0A7U.tex,
246,native_tex,tex/246_stacks_0AWE.tex,verified_editable_tex,items/246_stacks_0AWE.tex,
247,native_tex,tex/247_stacks_0BJL.tex,verified_editable_tex,items/247_stacks_0BJL.tex,
248,native_tex,tex/248_stacks_0AWY.tex,verified_editable_tex,items/248_stacks_0AWY.tex,
249,native_tex,tex/249_stacks_0C0G.tex,verified_editable_tex,items/249_stacks_0C0G.tex,
250,native_tex,tex/250_stacks_0E9L.tex,verified_editable_tex,items/250_stacks_0E9L.tex,
251,native_tex,tex/251_stacks_0E9Q.tex,verified_editable_tex,items/251_stacks_0E9Q.tex,
252,native_tex,tex/252_stacks_0E2F.tex,verified_editable_tex,items/252_stacks_0E2F.tex,
253,native_tex,tex/253_stacks_0A9P.tex,verified_editable_tex,items/253_stacks_0A9P.tex,
254,native_tex,tex/254_stacks_0AA8.tex,verified_editable_tex,items/254_stacks_0AA8.tex,
255,native_tex,tex/255_stacks_0E4L.tex,verified_editable_tex,items/255_stacks_0E4L.tex,
256,native_tex,tex/256_stacks_0A9W.tex,verified_editable_tex,items/256_stacks_0A9W.tex,
257,native_tex,tex/257_stacks_0BQZ.tex,verified_editable_tex,items/257_stacks_0BQZ.tex,
258,native_tex,tex/258_stacks_0AA0.tex,verified_editable_tex,items/258_stacks_0AA0.tex,
259,native_tex,tex/259_stacks_0ATX.tex,verified_editable_tex,items/259_stacks_0ATX.tex,
260,native_tex,tex/260_stacks_0AU9.tex,verified_editable_tex,items/260_stacks_0AU9.tex,
261,native_tex,tex/261_stacks_0E2X.tex,verified_editable_tex,items/261_stacks_0E2X.tex,
262,native_tex,tex/262_stacks_0E30.tex,verified_editable_tex,items/262_stacks_0E30.tex,
263,native_tex,tex/263_stacks_0E9Z.tex,verified_editable_tex,items/263_stacks_0E9Z.tex,
264,native_tex,tex/264_stacks_0G2H.tex,verified_editable_tex,items/264_stacks_0G2H.tex,
265,native_tex,tex/265_stacks_0G5A.tex,verified_editable_tex,items/265_stacks_0G5A.tex,
266,native_tex,tex/266_stacks_0G5E.tex,verified_editable_tex,items/266_stacks_0G5E.tex,
267,native_tex,tex/267_stacks_0FIW.tex,verified_editable_tex,items/267_stacks_0FIW.tex,
268,native_tex,tex/268_stacks_0AW9.tex,verified_editable_tex,items/268_stacks_0AW9.tex,
269,native_tex,tex/269_stacks_0BJZ.tex,verified_editable_tex,items/269_stacks_0BJZ.tex,
270,native_tex,tex/270_stacks_0AWA.tex,verified_editable_tex,items/270_stacks_0AWA.tex,
271,native_tex,tex/271_stacks_0EZK.tex,verified_editable_tex,items/271_stacks_0EZK.tex,
272,native_tex,tex/272_stacks_04I6.tex,verified_editable_tex,items/272_stacks_04I6.tex,
273,native_tex,tex/273_stacks_0BTY.tex,verified_editable_tex,items/273_stacks_0BTY.tex,
274,native_tex,tex/274_stacks_0EYM.tex,verified_editable_tex,items/274_stacks_0EYM.tex,
275,native_tex,tex/275_stacks_09Z2.tex,verified_editable_tex,items/275_stacks_09Z2.tex,
276,native_tex,tex/276_stacks_0D1W.tex,verified_editable_tex,items/276_stacks_0D1W.tex,
277,native_tex,tex/277_stacks_0A2L.tex,verified_editable_tex,items/277_stacks_0A2L.tex,
278,native_tex,tex/278_stacks_0A3M.tex,verified_editable_tex,items/278_stacks_0A3M.tex,
279,native_tex,tex/279_stacks_03RD.tex,verified_editable_tex,items/279_stacks_03RD.tex,
280,native_tex,tex/280_stacks_09Y9.tex,verified_editable_tex,items/280_stacks_09Y9.tex,
283,native_tex,tex/283_stacks_09ZG.tex,verified_editable_tex,items/283_stacks_09ZG.tex,
284,native_tex,tex/284_stacks_03SC.tex,verified_editable_tex,items/284_stacks_03SC.tex,
286,native_tex,tex/286_stacks_095T.tex,verified_editable_tex,items/286_stacks_095T.tex,
287,native_tex,tex/287_stacks_095U.tex,verified_editable_tex,items/287_stacks_095U.tex,
288,native_tex,tex/288_stacks_0F0V.tex,verified_editable_tex,items/288_stacks_0F0V.tex,
289,native_tex,tex/289_stacks_0F1H.tex,verified_editable_tex,items/289_stacks_0F1H.tex,
290,native_tex,tex/290_stacks_0F1I.tex,verified_editable_tex,items/290_stacks_0F1I.tex,
291,native_tex,tex/291_stacks_0H0U.tex,verified_editable_tex,items/291_stacks_0H0U.tex,
292,native_tex,tex/292_stacks_0EW5.tex,non_counting_problem_unit_hold,,"Non-counting pending difficulty review: after named proper base change and standard injective-resolution/triangle facts, the primary constructs the canonical restriction map and checks its kernel in two elementary geometric-stalk cases. This appears to be a direct formal consequence despite advanced terminology; preserve the complete author text and proof. Source etale-cohomology.tex, Tag 0EW5."
296,native_tex,tex/296_stacks_0BN4.tex,verified_editable_tex,items/296_stacks_0BN4.tex,
297,native_tex,tex/297_stacks_0A48.tex,verified_editable_tex,items/297_stacks_0A48.tex,
298,native_tex,tex/298_stacks_0BSB.tex,verified_editable_tex,items/298_stacks_0BSB.tex,
299,native_tex,tex/299_stacks_0BST.tex,verified_editable_tex,items/299_stacks_0BST.tex,
300,native_tex,tex/300_stacks_0BTX.tex,verified_editable_tex,items/300_stacks_0BTX.tex,
301,native_tex,tex/301_stacks_0C0J.tex,verified_editable_tex,items/301_stacks_0C0J.tex,
302,native_tex,tex/302_stacks_0EL9.tex,non_counting_problem_unit_hold,,"Non-counting difficulty hold: the statement already assumes the completion equivalence on finite locally free objects. The primary then lifts multiplication and its identities by full faithfulness, applies relative Spec and the named discriminant criterion. This formal algebra-object transport is a corollary of the assumed equivalence, not the algebraization construction claimed as difficulty; source pione.tex lines 4018–4101, Tag 0EL9."
304,native_tex,tex/304_stacks_07VE.tex,verified_editable_tex,items/304_stacks_07VE.tex,
305,native_tex,tex/305_stacks_0D2I.tex,verified_editable_tex,items/305_stacks_0D2I.tex,
306,native_tex,tex/306_stacks_0F7M.tex,verified_editable_tex,items/306_stacks_0F7M.tex,
307,native_tex,tex/307_stacks_07M7.tex,verified_editable_tex,items/307_stacks_07M7.tex,
308,native_tex,tex/308_stacks_0A02.tex,verified_editable_tex,items/308_stacks_0A02.tex,
309,native_tex,tex/309_stacks_0ECN.tex,verified_editable_tex,items/309_stacks_0ECN.tex,
310,native_tex,tex/310_stacks_0EFC.tex,verified_editable_tex,items/310_stacks_0EFC.tex,
311,native_tex,tex/311_stacks_0BJT.tex,verified_editable_tex,items/311_stacks_0BJT.tex,
312,native_tex,tex/312_stacks_0EB6.tex,verified_editable_tex,items/312_stacks_0EB6.tex,
313,native_tex,tex/313_stacks_0EC2.tex,verified_editable_tex,items/313_stacks_0EC2.tex,
314,native_tex,tex/314_stacks_0EC3.tex,verified_editable_tex,items/314_stacks_0EC3.tex,
315,native_tex,tex/315_stacks_0GA1.tex,verified_editable_tex,items/315_stacks_0GA1.tex,
316,native_tex,tex/316_stacks_05RG.tex,verified_editable_tex,items/316_stacks_05RG.tex,
317,native_tex,tex/317_stacks_06XL.tex,verified_editable_tex,items/317_stacks_06XL.tex,
318,native_tex,tex/318_stacks_0794.tex,verified_editable_tex,items/318_stacks_0794.tex,
319,native_tex,tex/319_stacks_070M.tex,verified_editable_tex,items/319_stacks_070M.tex,
320,native_tex,tex/320_stacks_0D83.tex,verified_editable_tex,items/320_stacks_0D83.tex,
321,native_tex,tex/321_stacks_0BM9.tex,verified_editable_tex,items/321_stacks_0BM9.tex,
322,native_tex,tex/322_stacks_0BMA.tex,verified_editable_tex,items/322_stacks_0BMA.tex,
323,native_tex,tex/323_stacks_0EY6.tex,verified_editable_tex,items/323_stacks_0EY6.tex,
325,native_tex,tex/325_stacks_0EA2.tex,verified_editable_tex,items/325_stacks_0EA2.tex,
326,native_tex,tex/326_stacks_0EA4.tex,verified_editable_tex,items/326_stacks_0EA4.tex,
327,native_tex,tex/327_stacks_0ECD.tex,verified_editable_tex,items/327_stacks_0ECD.tex,
328,native_tex,tex/328_stacks_0G1F.tex,verified_editable_tex,items/328_stacks_0G1F.tex,
329,native_tex,tex/329_stacks_07H8.tex,verified_editable_tex,items/329_stacks_07H8.tex,
330,native_tex,tex/330_stacks_07HD.tex,verified_editable_tex,items/330_stacks_07HD.tex,
331,native_tex,tex/331_stacks_07J6.tex,verified_editable_tex,items/331_stacks_07J6.tex,
332,native_tex,tex/332_stacks_07JG.tex,verified_editable_tex,items/332_stacks_07JG.tex,
333,native_tex,tex/333_stacks_07LG.tex,verified_editable_tex,items/333_stacks_07LG.tex,
334,native_tex,tex/334_stacks_07N1.tex,verified_editable_tex,items/334_stacks_07N1.tex,
335,native_tex,tex/335_stacks_09ZL.tex,verified_editable_tex,items/335_stacks_09ZL.tex,
336,native_tex,tex/336_stacks_0H7R.tex,verified_editable_tex,items/336_stacks_0H7R.tex,
337,native_tex,tex/337_stacks_0AVB.tex,verified_editable_tex,items/337_stacks_0AVB.tex,
338,native_tex,tex/338_stacks_0BBJ.tex,verified_editable_tex,items/338_stacks_0BBJ.tex,
339,native_tex,tex/339_stacks_05BC.tex,verified_editable_tex,items/339_stacks_05BC.tex,
340,native_tex,tex/340_stacks_062I.tex,verified_editable_tex,items/340_stacks_062I.tex,
341,native_tex,tex/341_stacks_07CZ.tex,verified_editable_tex,items/341_stacks_07CZ.tex,
342,native_tex,tex/342_stacks_07D3.tex,non_counting_problem_unit_hold,,"Non-counting difficulty hold: the primary proof transports the syntomic and lci definitions via named relative-regular-sequence, fibre base-change and Noetherian regularity criteria. After these are allowed, no distinct above-qualification construction is identified; source more-algebra.tex, Tag 07D3."
343,native_tex,tex/343_stacks_07NJ.tex,verified_editable_tex,items/343_stacks_07NJ.tex,
344,native_tex,tex/344_stacks_0DYG.tex,verified_editable_tex,items/344_stacks_0DYG.tex,
345,native_tex,tex/345_stacks_07P4.tex,verified_editable_tex,items/345_stacks_07P4.tex,
346,native_tex,tex/346_stacks_07PH.tex,verified_editable_tex,items/346_stacks_07PH.tex,
347,native_tex,tex/347_stacks_07PM.tex,verified_editable_tex,items/347_stacks_07PM.tex,
348,native_tex,tex/348_stacks_07QR.tex,verified_editable_tex,items/348_stacks_07QR.tex,
349,native_tex,tex/349_stacks_07PV.tex,verified_editable_tex,items/349_stacks_07PV.tex,
350,native_tex,tex/350_stacks_0BJ0.tex,verified_editable_tex,items/350_stacks_0BJ0.tex,
351,native_tex,tex/351_stacks_064Z.tex,verified_editable_tex,items/351_stacks_064Z.tex,
352,native_tex,tex/352_stacks_0A5P.tex,non_counting_problem_unit_hold,,"Non-counting difficulty hold: the primary proof is standard bounded truncation/dimension shifting, testing cohomology on injective targets and applying Ext1 projectivity. Advanced derived notation does not identify an above-qualification remaining proof obligation; source more-algebra.tex, Tag 0A5P."
353,native_tex,tex/353_stacks_0BCA.tex,verified_editable_tex,items/353_stacks_0BCA.tex,
354,native_tex,tex/354_stacks_07LT.tex,verified_editable_tex,items/354_stacks_07LT.tex,
355,native_tex,tex/355_stacks_09AS.tex,verified_editable_tex,items/355_stacks_09AS.tex,
356,native_tex,tex/356_stacks_0FXI.tex,verified_editable_tex,items/356_stacks_0FXI.tex,
357,native_tex,tex/357_stacks_0EC0.tex,verified_editable_tex,items/357_stacks_0EC0.tex,
358,native_tex,tex/358_stacks_0GAA.tex,verified_editable_tex,items/358_stacks_0GAA.tex,
359,native_tex,tex/359_stacks_05R0.tex,verified_editable_tex,items/359_stacks_05R0.tex,
360,native_tex,tex/360_stacks_05TW.tex,verified_editable_tex,items/360_stacks_05TW.tex,
361,native_tex,tex/361_stacks_07K7.tex,verified_editable_tex,items/361_stacks_07K7.tex,
362,native_tex,tex/362_stacks_05LT.tex,verified_editable_tex,items/362_stacks_05LT.tex,
363,native_tex,tex/363_stacks_01XJ.tex,verified_editable_tex,items/363_stacks_01XJ.tex,
364,native_tex,tex/364_stacks_02KH.tex,verified_editable_tex,items/364_stacks_02KH.tex,
365,native_tex,tex/365_stacks_0GN5.tex,verified_editable_tex,items/365_stacks_0GN5.tex,
366,native_tex,tex/366_stacks_0FD0.tex,verified_editable_tex,items/366_stacks_0FD0.tex,
367,native_tex,tex/367_stacks_01YF.tex,verified_editable_tex,items/367_stacks_01YF.tex,
368,native_tex,tex/368_stacks_01YQ.tex,verified_editable_tex,items/368_stacks_01YQ.tex,
369,native_tex,tex/369_stacks_01YS.tex,verified_editable_tex,items/369_stacks_01YS.tex,
370,native_tex,tex/370_stacks_0B5V.tex,verified_editable_tex,items/370_stacks_0B5V.tex,
371,native_tex,tex/371_stacks_09MS.tex,verified_editable_tex,items/371_stacks_09MS.tex,
372,native_tex,tex/372_stacks_02O5.tex,verified_editable_tex,items/372_stacks_02O5.tex,
373,native_tex,tex/373_stacks_02OA.tex,verified_editable_tex,items/373_stacks_02OA.tex,
374,native_tex,tex/374_stacks_0D2M.tex,verified_editable_tex,items/374_stacks_0D2M.tex,
375,native_tex,tex/375_stacks_07VK.tex,verified_editable_tex,items/375_stacks_07VK.tex,
376,native_tex,tex/376_stacks_0885.tex,verified_editable_tex,items/376_stacks_0885.tex,
377,native_tex,tex/377_stacks_089A.tex,verified_editable_tex,items/377_stacks_089A.tex,
378,native_tex,tex/378_stacks_08D4.tex,verified_editable_tex,items/378_stacks_08D4.tex,
379,native_tex,tex/379_stacks_09T6.tex,verified_editable_tex,items/379_stacks_09T6.tex,
380,native_tex,tex/380_stacks_0CRX.tex,verified_editable_tex,items/380_stacks_0CRX.tex,
381,native_tex,tex/381_stacks_09UF.tex,verified_editable_tex,items/381_stacks_09UF.tex,
382,native_tex,tex/382_stacks_09VA.tex,verified_editable_tex,items/382_stacks_09VA.tex,
383,native_tex,tex/383_stacks_08EG.tex,verified_editable_tex,items/383_stacks_08EG.tex,
384,native_tex,tex/384_stacks_08ER.tex,verified_editable_tex,items/384_stacks_08ER.tex,
385,native_tex,tex/385_stacks_0DJN.tex,verified_editable_tex,items/385_stacks_0DJN.tex,
386,native_tex,tex/386_stacks_08IF.tex,verified_editable_tex,items/386_stacks_08IF.tex,
387,native_tex,tex/387_stacks_09RF.tex,verified_editable_tex,items/387_stacks_09RF.tex,
388,native_tex,tex/388_stacks_0G7Y.tex,verified_editable_tex,items/388_stacks_0G7Y.tex,
389,native_tex,tex/389_stacks_0F89.tex,verified_editable_tex,items/389_stacks_0F89.tex,
390,native_tex,tex/390_stacks_08GP.tex,verified_editable_tex,items/390_stacks_08GP.tex,
391,native_tex,tex/391_stacks_08HB.tex,verified_editable_tex,items/391_stacks_08HB.tex,
392,native_tex,tex/392_stacks_09TG.tex,verified_editable_tex,items/392_stacks_09TG.tex,
393,native_tex,tex/393_stacks_08PX.tex,verified_editable_tex,items/393_stacks_08PX.tex,
394,native_tex,tex/394_stacks_09DB.tex,verified_editable_tex,items/394_stacks_09DB.tex,
395,native_tex,tex/395_stacks_08SZ.tex,verified_editable_tex,items/395_stacks_08SZ.tex,
396,native_tex,tex/396_stacks_06H0.tex,verified_editable_tex,items/396_stacks_06H0.tex,
397,native_tex,tex/397_stacks_06HL.tex,verified_editable_tex,items/397_stacks_06HL.tex,
398,native_tex,tex/398_stacks_06SM.tex,verified_editable_tex,items/398_stacks_06SM.tex,
399,native_tex,tex/399_stacks_06IW.tex,verified_editable_tex,items/399_stacks_06IW.tex,
400,native_tex,tex/400_stacks_06T3.tex,verified_editable_tex,items/400_stacks_06T3.tex,
401,native_tex,tex/401_stacks_06T8.tex,verified_editable_tex,items/401_stacks_06T8.tex,
402,native_tex,tex/402_stacks_06KT.tex,verified_editable_tex,items/402_stacks_06KT.tex,
403,native_tex,tex/403_stacks_0DQF.tex,verified_editable_tex,items/403_stacks_0DQF.tex,
404,native_tex,tex/404_stacks_0DHV.tex,verified_editable_tex,items/404_stacks_0DHV.tex,
405,native_tex,tex/405_stacks_0G9K.tex,verified_editable_tex,items/405_stacks_0G9K.tex,
406,native_tex,tex/406_stacks_0H9K.tex,verified_editable_tex,items/406_stacks_0H9K.tex,
407,native_tex,tex/407_stacks_0CQA.tex,verified_editable_tex,items/407_stacks_0CQA.tex,
408,native_tex,tex/408_stacks_091I.tex,verified_editable_tex,items/408_stacks_091I.tex,
409,native_tex,tex/409_stacks_05EK.tex,verified_editable_tex,items/409_stacks_05EK.tex,
410,native_tex,tex/410_stacks_0BP2.tex,verified_editable_tex,items/410_stacks_0BP2.tex,
411,native_tex,tex/411_stacks_091V.tex,verified_editable_tex,items/411_stacks_091V.tex,
412,native_tex,tex/412_stacks_0CQY.tex,verified_editable_tex,items/412_stacks_0CQY.tex,
413,native_tex,tex/413_stacks_0G3L.tex,verified_editable_tex,items/413_stacks_0G3L.tex,
414,native_tex,tex/414_stacks_092S.tex,verified_editable_tex,items/414_stacks_092S.tex,
415,native_tex,tex/415_stacks_092Z.tex,verified_editable_tex,items/415_stacks_092Z.tex,
416,native_tex,tex/416_stacks_0DQ1.tex,verified_editable_tex,items/416_stacks_0DQ1.tex,
417,native_tex,tex/417_stacks_0C2C.tex,verified_editable_tex,items/417_stacks_0C2C.tex,
418,native_tex,tex/418_stacks_0AW3.tex,verified_editable_tex,items/418_stacks_0AW3.tex,
419,native_tex,tex/419_stacks_0BRK.tex,verified_editable_tex,items/419_stacks_0BRK.tex,
420,native_tex,tex/420_stacks_09EE.tex,verified_editable_tex,items/420_stacks_09EE.tex,
421,native_tex,tex/421_stacks_0BRM.tex,verified_editable_tex,items/421_stacks_0BRM.tex,
422,native_tex,tex/422_stacks_0EXX.tex,verified_editable_tex,items/422_stacks_0EXX.tex,
423,native_tex,tex/423_stacks_09II.tex,verified_editable_tex,items/423_stacks_09II.tex,
424,native_tex,tex/424_stacks_0AG0.tex,verified_editable_tex,items/424_stacks_0AG0.tex,
425,native_tex,tex/425_stacks_0ASI.tex,verified_editable_tex,items/425_stacks_0ASI.tex,
426,native_tex,tex/426_stacks_0ASJ.tex,verified_editable_tex,items/426_stacks_0ASJ.tex,
427,native_tex,tex/427_stacks_0ASP.tex,verified_editable_tex,items/427_stacks_0ASP.tex,
428,native_tex,tex/428_stacks_0AXH.tex,verified_editable_tex,items/428_stacks_0AXH.tex,
429,native_tex,tex/429_stacks_0GVB.tex,verified_editable_tex,items/429_stacks_0GVB.tex,
430,native_tex,tex/430_stacks_0GVK.tex,verified_editable_tex,items/430_stacks_0GVK.tex,
431,native_tex,tex/431_stacks_0GY7.tex,verified_editable_tex,items/431_stacks_0GY7.tex,
432,native_tex,tex/432_stacks_0EYU.tex,verified_editable_tex,items/432_stacks_0EYU.tex,
433,source_pdf_pages,tex/433_source_pdf.tex,requires_complete_editable_statement_and_proof,,
434,source_pdf_pages,tex/434_source_pdf.tex,requires_complete_editable_statement_and_proof,,
435,source_pdf_pages,tex/435_source_pdf.tex,requires_complete_editable_statement_and_proof,,
436,source_pdf_pages,tex/436_source_pdf.tex,requires_complete_editable_statement_and_proof,,
437,source_pdf_pages,tex/437_source_pdf.tex,requires_complete_editable_statement_and_proof,,
438,source_pdf_pages,tex/438_source_pdf.tex,requires_complete_editable_statement_and_proof,,
439,source_pdf_pages,tex/439_source_pdf.tex,requires_complete_editable_statement_and_proof,,
440,source_pdf_pages,tex/440_source_pdf.tex,requires_complete_editable_statement_and_proof,,
441,source_pdf_pages,tex/441_source_pdf.tex,requires_complete_editable_statement_and_proof,,
442,source_pdf_pages,tex/442_source_pdf.tex,requires_complete_editable_statement_and_proof,,
443,source_pdf_pages,tex/443_source_pdf.tex,requires_complete_editable_statement_and_proof,,
444,source_pdf_pages,tex/444_source_pdf.tex,requires_complete_editable_statement_and_proof,,
445,native_tex,tex/445_stacks_0EAW.tex,verified_editable_tex,items/445_stacks_0EAW.tex,
446,native_tex,tex/446_stacks_0GU8.tex,verified_editable_tex,items/446_stacks_0GU8.tex,
447,native_tex,tex/447_stacks_02S9.tex,verified_editable_tex,items/447_stacks_02S9.tex,
448,native_tex,tex/448_stacks_0FDS.tex,verified_editable_tex,items/448_stacks_0FDS.tex,
449,native_tex,tex/449_stacks_0B73.tex,verified_editable_tex,items/449_stacks_0B73.tex,
450,native_tex,tex/450_stacks_02TT.tex,verified_editable_tex,items/450_stacks_02TT.tex,
451,native_tex,tex/451_stacks_02TX.tex,verified_editable_tex,items/451_stacks_02TX.tex,
452,native_tex,tex/452_stacks_0FA9.tex,verified_editable_tex,items/452_stacks_0FA9.tex,
453,native_tex,tex/453_stacks_0ESZ.tex,verified_editable_tex,items/453_stacks_0ESZ.tex,
454,native_tex,tex/454_stacks_0FBD.tex,verified_editable_tex,items/454_stacks_0FBD.tex,
455,native_tex,tex/455_stacks_0FEC.tex,verified_editable_tex,items/455_stacks_0FEC.tex,
456,native_tex,tex/456_stacks_0FEW.tex,verified_editable_tex,items/456_stacks_0FEW.tex,
457,native_tex,tex/457_stacks_0FBT.tex,verified_editable_tex,items/457_stacks_0FBT.tex,
458,native_tex,tex/458_stacks_02QD.tex,verified_editable_tex,items/458_stacks_02QD.tex,
459,native_tex,tex/459_stacks_02SX.tex,verified_editable_tex,items/459_stacks_02SX.tex,
460,native_tex,tex/460_stacks_0B10.tex,verified_editable_tex,items/460_stacks_0B10.tex,
461,native_tex,tex/461_stacks_0B1Q.tex,verified_editable_tex,items/461_stacks_0B1Q.tex,
462,native_tex,tex/462_stacks_0B1V.tex,verified_editable_tex,items/462_stacks_0B1V.tex,
463,native_tex,tex/463_stacks_0D4F.tex,verified_editable_tex,items/463_stacks_0D4F.tex,
464,native_tex,tex/464_stacks_02H6.tex,verified_editable_tex,items/464_stacks_02H6.tex,
465,native_tex,tex/465_stacks_07RT.tex,verified_editable_tex,items/465_stacks_07RT.tex,
466,native_tex,tex/466_stacks_0FUE.tex,verified_editable_tex,items/466_stacks_0FUE.tex,
467,native_tex,tex/467_stacks_0GSI.tex,verified_editable_tex,items/467_stacks_0GSI.tex,
468,native_tex,tex/468_stacks_056Y.tex,verified_editable_tex,items/468_stacks_056Y.tex,
469,native_tex,tex/469_stacks_0573.tex,verified_editable_tex,items/469_stacks_0573.tex,
470,native_tex,tex/470_stacks_05F1.tex,verified_editable_tex,items/470_stacks_05F1.tex,
471,native_tex,tex/471_stacks_055G.tex,verified_editable_tex,items/471_stacks_055G.tex,
472,native_tex,tex/472_stacks_055Q.tex,verified_editable_tex,items/472_stacks_055Q.tex,
473,native_tex,tex/473_stacks_0GTG.tex,verified_editable_tex,items/473_stacks_0GTG.tex,
474,native_tex,tex/474_stacks_0G4D.tex,verified_editable_tex,items/474_stacks_0G4D.tex,
475,native_tex,tex/475_stacks_0EX8.tex,verified_editable_tex,items/475_stacks_0EX8.tex,
476,native_tex,tex/476_stacks_0CAW.tex,verified_editable_tex,items/476_stacks_0CAW.tex,
477,native_tex,tex/477_stacks_0BSR.tex,verified_editable_tex,items/477_stacks_0BSR.tex,
478,native_tex,tex/478_stacks_03GW.tex,verified_editable_tex,items/478_stacks_03GW.tex,
479,native_tex,tex/479_stacks_03I1.tex,verified_editable_tex,items/479_stacks_03I1.tex,
480,native_tex,tex/480_stacks_07RY.tex,verified_editable_tex,items/480_stacks_07RY.tex,
481,native_tex,tex/481_stacks_09Z0.tex,verified_editable_tex,items/481_stacks_09Z0.tex,
482,native_tex,tex/482_stacks_053R.tex,verified_editable_tex,items/482_stacks_053R.tex,
483,native_tex,tex/483_stacks_053U.tex,verified_editable_tex,items/483_stacks_053U.tex,
484,native_tex,tex/484_stacks_0CT9.tex,verified_editable_tex,items/484_stacks_0CT9.tex,
485,native_tex,tex/485_stacks_0H40.tex,verified_editable_tex,items/485_stacks_0H40.tex,
486,native_tex,tex/486_stacks_0H41.tex,verified_editable_tex,items/486_stacks_0H41.tex,
487,native_tex,tex/487_stacks_0H43.tex,verified_editable_tex,items/487_stacks_0H43.tex,
488,native_tex,tex/488_stacks_0GK7.tex,verified_editable_tex,items/488_stacks_0GK7.tex,
489,native_tex,tex/489_stacks_02W8.tex,verified_editable_tex,items/489_stacks_02W8.tex,
490,native_tex,tex/490_stacks_0698.tex,verified_editable_tex,items/490_stacks_0698.tex,
491,native_tex,tex/491_stacks_0E25.tex,verified_editable_tex,items/491_stacks_0E25.tex,
492,native_tex,tex/492_stacks_0CSJ.tex,verified_editable_tex,items/492_stacks_0CSJ.tex,
493,native_tex,tex/493_stacks_0E7J.tex,verified_editable_tex,items/493_stacks_0E7J.tex,
494,native_tex,tex/494_stacks_0F32.tex,verified_editable_tex,items/494_stacks_0F32.tex,
495,native_tex,tex/495_stacks_07WN.tex,verified_editable_tex,items/495_stacks_07WN.tex,
496,native_tex,tex/496_stacks_0G2J.tex,verified_editable_tex,items/496_stacks_0G2J.tex,
497,native_tex,tex/497_stacks_07Y9.tex,non_counting_problem_unit_hold,,"Non-counting difficulty hold: after the assumed (RS*) product equivalences and named linear-functor lemma, the primary writes the square-zero difference map, checks addition on the triple fibre product, and reverses the product equivalence to obtain the torsor. This is a formal deformation-data component rather than an identified above-qualification remaining obligation; source artin.tex lines 3309–3411, Tag 07Y9."
498,native_tex,tex/498_stacks_07YY.tex,verified_editable_tex,items/498_stacks_07YY.tex,
499,native_tex,tex/499_stacks_0EL1.tex,verified_editable_tex,items/499_stacks_0EL1.tex,
500,source_pdf_pages,tex/500_source_pdf.tex,requires_complete_editable_statement_and_proof,,
501,source_pdf_pages,tex/501_source_pdf.tex,requires_complete_editable_statement_and_proof,,
502,source_pdf_pages,tex/502_source_pdf.tex,requires_complete_editable_statement_and_proof,,
503,source_pdf_pages,tex/503_source_pdf.tex,requires_complete_editable_statement_and_proof,,
504,source_pdf_pages,tex/504_source_pdf.tex,requires_complete_editable_statement_and_proof,,
505,source_pdf_pages,tex/505_source_pdf.tex,requires_complete_editable_statement_and_proof,,
506,source_pdf_pages,tex/506_source_pdf.tex,requires_complete_editable_statement_and_proof,,
507,source_pdf_pages,tex/507_source_pdf.tex,requires_complete_editable_statement_and_proof,,
508,source_pdf_pages,tex/508_source_pdf.tex,requires_complete_editable_statement_and_proof,,
509,source_pdf_pages,tex/509_source_pdf.tex,requires_complete_editable_statement_and_proof,,
510,source_pdf_pages,tex/510_source_pdf.tex,requires_complete_editable_statement_and_proof,,
511,source_pdf_pages,tex/511_source_pdf.tex,requires_complete_editable_statement_and_proof,,
512,source_pdf_pages,tex/512_source_pdf.tex,requires_complete_editable_statement_and_proof,,
513,source_pdf_pages,tex/513_source_pdf.tex,requires_complete_editable_statement_and_proof,,
514,source_pdf_pages,tex/514_source_pdf.tex,requires_complete_editable_statement_and_proof,,
515,source_pdf_pages,tex/515_source_pdf.tex,requires_complete_editable_statement_and_proof,,
516,source_pdf_pages,tex/516_source_pdf.tex,requires_complete_editable_statement_and_proof,,
517,source_pdf_pages,tex/517_source_pdf.tex,requires_complete_editable_statement_and_proof,,
518,source_pdf_pages,tex/518_source_pdf.tex,requires_complete_editable_statement_and_proof,,
519,source_pdf_pages,tex/519_source_pdf.tex,requires_complete_editable_statement_and_proof,,
520,source_pdf_pages,tex/520_source_pdf.tex,requires_complete_editable_statement_and_proof,,
521,source_pdf_pages,tex/521_source_pdf.tex,requires_complete_editable_statement_and_proof,,
522,source_pdf_pages,tex/522_source_pdf.tex,requires_complete_editable_statement_and_proof,,
523,source_pdf_pages,tex/523_source_pdf.tex,requires_complete_editable_statement_and_proof,,
524,source_pdf_pages,tex/524_source_pdf.tex,requires_complete_editable_statement_and_proof,,
525,source_pdf_pages,tex/525_source_pdf.tex,requires_complete_editable_statement_and_proof,,
526,source_pdf_pages,tex/526_source_pdf.tex,requires_complete_editable_statement_and_proof,,
527,source_pdf_pages,tex/527_source_pdf.tex,requires_complete_editable_statement_and_proof,,
528,source_pdf_pages,tex/528_source_pdf.tex,requires_complete_editable_statement_and_proof,,
529,source_pdf_pages,tex/529_source_pdf.tex,requires_complete_editable_statement_and_proof,,
530,source_pdf_pages,tex/530_source_pdf.tex,requires_complete_editable_statement_and_proof,,
531,source_pdf_pages,tex/531_source_pdf.tex,requires_complete_editable_statement_and_proof,,
532,source_pdf_pages,tex/532_source_pdf.tex,requires_complete_editable_statement_and_proof,,
533,source_pdf_pages,tex/533_source_pdf.tex,requires_complete_editable_statement_and_proof,,
534,source_pdf_pages,tex/534_source_pdf.tex,requires_complete_editable_statement_and_proof,,
535,source_pdf_pages,tex/535_source_pdf.tex,requires_complete_editable_statement_and_proof,,
536,source_pdf_pages,tex/536_source_pdf.tex,requires_complete_editable_statement_and_proof,,
537,source_pdf_pages,tex/537_source_pdf.tex,requires_complete_editable_statement_and_proof,,
538,source_pdf_pages,tex/538_source_pdf.tex,requires_complete_editable_statement_and_proof,,
539,source_pdf_pages,tex/539_source_pdf.tex,requires_complete_editable_statement_and_proof,,
540,source_pdf_pages,tex/540_source_pdf.tex,requires_complete_editable_statement_and_proof,,
541,source_pdf_pages,tex/541_source_pdf.tex,verified_editable_tex,items/541_author_proof.tex,
542,source_pdf_pages,tex/542_source_pdf.tex,verified_editable_tex,items/542_author_proof.tex,
543,source_pdf_pages,tex/543_source_pdf.tex,supporting_only_not_counted,,Support for selected primary546; retained within546 without separate count.
544,source_pdf_pages,tex/544_source_pdf.tex,supporting_only_not_counted,,Support for selected primary546; retained within546 without separate count.
545,source_pdf_pages,tex/545_source_pdf.tex,supporting_only_not_counted,,Support for selected primary546; retained within546 without separate count.
546,source_pdf_pages,tex/546_source_pdf.tex,verified_editable_tex,items/546_author_proof.tex,
547,source_pdf_pages,tex/547_source_pdf.tex,supporting_only_not_counted,,Support for selected primary546; retained within546 without separate count.
548,source_pdf_pages,tex/548_source_pdf.tex,verified_editable_tex,items/548_author_proof.tex,
549,source_pdf_pages,tex/549_source_pdf.tex,verified_editable_tex,items/549_author_proof.tex,
550,source_pdf_pages,tex/550_source_pdf.tex,requires_complete_editable_statement_and_proof,,
551,source_pdf_pages,tex/551_source_pdf.tex,requires_complete_editable_statement_and_proof,,
552,source_pdf_pages,tex/552_source_pdf.tex,requires_complete_editable_statement_and_proof,,
553,source_pdf_pages,tex/553_source_pdf.tex,requires_complete_editable_statement_and_proof,,
554,source_pdf_pages,tex/554_source_pdf.tex,requires_complete_editable_statement_and_proof,,
555,source_pdf_pages,tex/555_source_pdf.tex,requires_complete_editable_statement_and_proof,,
556,source_pdf_pages,tex/556_source_pdf.tex,requires_complete_editable_statement_and_proof,,
557,source_pdf_pages,tex/557_source_pdf.tex,requires_complete_editable_statement_and_proof,,
558,source_pdf_pages,tex/558_source_pdf.tex,requires_complete_editable_statement_and_proof,,
559,source_pdf_pages,tex/559_source_pdf.tex,requires_complete_editable_statement_and_proof,,
560,source_pdf_pages,tex/560_source_pdf.tex,requires_complete_editable_statement_and_proof,,
561,source_pdf_pages,tex/561_source_pdf.tex,requires_complete_editable_statement_and_proof,,
562,native_tex,tex/562_stacks_0F34.tex,verified_editable_tex,items/562_stacks_0F34.tex,
563,native_tex,tex/563_stacks_0F3B.tex,verified_editable_tex,items/563_stacks_0F3B.tex,
564,native_tex,tex/564_stacks_0F3E.tex,verified_editable_tex,items/564_stacks_0F3E.tex,
565,native_tex,tex/565_stacks_0F3P.tex,verified_editable_tex,items/565_stacks_0F3P.tex,
566,native_tex,tex/566_stacks_0F3R.tex,verified_editable_tex,items/566_stacks_0F3R.tex,
567,native_tex,tex/567_stacks_0GTU.tex,verified_editable_tex,items/567_stacks_0GTU.tex,
568,native_tex,tex/568_stacks_0E34.tex,non_counting_problem_unit_hold,,"Non-counting difficulty hold: the primary uses the standard scheme-theoretic union exact sequence, a direct annihilator identity and the named closed-immersion duality formula, then tensors by the invertible dualizing sheaf to obtain the listed sequences. After those prerequisites, it is a direct formula/exact-sequence consequence; source curves.tex lines 794–883, Tag 0E34."
569,native_tex,tex/569_stacks_0C1F.tex,verified_editable_tex,items/569_stacks_0C1F.tex,
570,native_tex,tex/570_stacks_0CD4.tex,verified_editable_tex,items/570_stacks_0CD4.tex,
571,native_tex,tex/571_stacks_0C1L.tex,verified_editable_tex,items/571_stacks_0C1L.tex,
572,native_tex,tex/572_stacks_0C4D.tex,verified_editable_tex,items/572_stacks_0C4D.tex,
573,native_tex,tex/573_stacks_0CBX.tex,verified_editable_tex,items/573_stacks_0CBX.tex,
574,native_tex,tex/574_stacks_0E3F.tex,verified_editable_tex,items/574_stacks_0E3F.tex,
575,native_tex,tex/575_stacks_0E8X.tex,verified_editable_tex,items/575_stacks_0E8X.tex,
576,native_tex,tex/576_stacks_04PZ.tex,verified_editable_tex,items/576_stacks_04PZ.tex,
577,native_tex,tex/577_stacks_0BDC.tex,verified_editable_tex,items/577_stacks_0BDC.tex,
578,native_tex,tex/578_stacks_0BFP.tex,verified_editable_tex,items/578_stacks_0BFP.tex,
579,native_tex,tex/579_stacks_0C54.tex,verified_editable_tex,items/579_stacks_0C54.tex,
580,native_tex,tex/580_stacks_0C3N.tex,verified_editable_tex,items/580_stacks_0C3N.tex,
581,native_tex,tex/581_stacks_04MK.tex,verified_editable_tex,items/581_stacks_04MK.tex,
582,native_tex,tex/582_stacks_08AG.tex,verified_editable_tex,items/582_stacks_08AG.tex,
583,native_tex,tex/583_stacks_09NA.tex,verified_editable_tex,items/583_stacks_09NA.tex,
584,native_tex,tex/584_stacks_09NX.tex,verified_editable_tex,items/584_stacks_09NX.tex,
585,native_tex,tex/585_stacks_0C3V.tex,verified_editable_tex,items/585_stacks_0C3V.tex,
586,native_tex,tex/586_stacks_0A27.tex,verified_editable_tex,items/586_stacks_0A27.tex,
587,native_tex,tex/587_stacks_0BEM.tex,verified_editable_tex,items/587_stacks_0BEM.tex,
588,native_tex,tex/588_stacks_0FD5.tex,verified_editable_tex,items/588_stacks_0FD5.tex,
589,native_tex,tex/589_stacks_0FD7.tex,verified_editable_tex,items/589_stacks_0FD7.tex,
590,source_pdf_pages,tex/590_source_pdf.tex,requires_complete_editable_statement_and_proof,,
591,source_pdf_pages,tex/591_source_pdf.tex,requires_complete_editable_statement_and_proof,,
592,source_pdf_pages,tex/592_source_pdf.tex,requires_complete_editable_statement_and_proof,,
593,source_pdf_pages,tex/593_source_pdf.tex,requires_complete_editable_statement_and_proof,,
594,source_pdf_pages,tex/594_source_pdf.tex,requires_complete_editable_statement_and_proof,,
595,source_pdf_pages,tex/595_source_pdf.tex,requires_complete_editable_statement_and_proof,,
596,source_pdf_pages,tex/596_source_pdf.tex,requires_complete_editable_statement_and_proof,,
597,source_pdf_pages,tex/597_source_pdf.tex,requires_complete_editable_statement_and_proof,,
598,source_pdf_pages,tex/598_source_pdf.tex,requires_complete_editable_statement_and_proof,,
599,source_pdf_pages,tex/599_source_pdf.tex,requires_complete_editable_statement_and_proof,,
600,source_pdf_pages,tex/600_source_pdf.tex,requires_complete_editable_statement_and_proof,,
601,source_pdf_pages,tex/601_source_pdf.tex,requires_complete_editable_statement_and_proof,,
602,source_pdf_pages,tex/602_source_pdf.tex,requires_complete_editable_statement_and_proof,,
603,source_pdf_pages,tex/603_source_pdf.tex,requires_complete_editable_statement_and_proof,,
604,source_pdf_pages,tex/604_source_pdf.tex,requires_complete_editable_statement_and_proof,,
605,source_pdf_pages,tex/605_source_pdf.tex,requires_complete_editable_statement_and_proof,,
606,source_pdf_pages,tex/606_source_pdf.tex,requires_complete_editable_statement_and_proof,,
607,source_pdf_pages,tex/607_source_pdf.tex,requires_complete_editable_statement_and_proof,,
608,source_pdf_pages,tex/608_source_pdf.tex,requires_complete_editable_statement_and_proof,,
609,source_pdf_pages,tex/609_source_pdf.tex,requires_complete_editable_statement_and_proof,,
610,source_pdf_pages,tex/610_source_pdf.tex,requires_complete_editable_statement_and_proof,,
611,source_pdf_pages,tex/611_source_pdf.tex,requires_complete_editable_statement_and_proof,,
612,source_pdf_pages,tex/612_source_pdf.tex,requires_complete_editable_statement_and_proof,,
613,source_pdf_pages,tex/613_source_pdf.tex,requires_complete_editable_statement_and_proof,,
614,source_pdf_pages,tex/614_source_pdf.tex,requires_complete_editable_statement_and_proof,,
615,source_pdf_pages,tex/615_source_pdf.tex,requires_complete_editable_statement_and_proof,,
616,source_pdf_pages,tex/616_source_pdf.tex,requires_complete_editable_statement_and_proof,,
617,source_pdf_pages,tex/617_source_pdf.tex,requires_complete_editable_statement_and_proof,,
618,source_pdf_pages,tex/618_source_pdf.tex,requires_complete_editable_statement_and_proof,,
619,source_pdf_pages,tex/619_source_pdf.tex,requires_complete_editable_statement_and_proof,,
620,source_pdf_pages,tex/620_source_pdf.tex,requires_complete_editable_statement_and_proof,,
621,source_pdf_pages,tex/621_source_pdf.tex,requires_complete_editable_statement_and_proof,,
622,source_pdf_pages,tex/622_source_pdf.tex,requires_complete_editable_statement_and_proof,,
623,source_pdf_pages,tex/623_source_pdf.tex,requires_complete_editable_statement_and_proof,,
624,source_pdf_pages,tex/624_source_pdf.tex,requires_complete_editable_statement_and_proof,,
625,source_pdf_pages,tex/625_source_pdf.tex,requires_complete_editable_statement_and_proof,,
626,source_pdf_pages,tex/626_source_pdf.tex,requires_complete_editable_statement_and_proof,,
627,native_tex,tex/627_stacks_08XD.tex,verified_editable_tex,items/627_stacks_08XD.tex,
628,native_tex,tex/628_stacks_02KK.tex,verified_editable_tex,items/628_stacks_02KK.tex,
629,native_tex,tex/629_stacks_0368.tex,verified_editable_tex,items/629_stacks_0368.tex,
630,native_tex,tex/630_stacks_02L3.tex,non_counting_problem_unit_hold,,"Non-counting difficulty hold: the primary proof descends openness/injectivity through named property lemmas, reduces to a homeomorphism/affine map, and applies faithful-flat coordinate-ring detection. This is a basic property-descent component after the cited prerequisites; source descent.tex, Tag 02L3."
631,native_tex,tex/631_stacks_0D2P.tex,verified_editable_tex,items/631_stacks_0D2P.tex,
632,native_tex,tex/632_stacks_02L5.tex,non_counting_problem_unit_hold,,"Non-counting difficulty hold: after named quasi-coherent pushforward, flat base change and isomorphism descent, the primary constructs the canonical map to Spec of global sections and detects it after base change. No distinct above-qualification obligation remains identified; source descent.tex, Tag 02L5."
633,native_tex,tex/633_stacks_02L8.tex,non_counting_problem_unit_hold,,"Non-counting difficulty hold: after named scheme-theoretic image and flat base-change facts, the primary reduces immersion descent to the already allowed open-immersion descent criterion. This is a small adjacent property-descent component; source descent.tex, Tag 02L8."
634,native_tex,tex/634_stacks_04R2.tex,verified_editable_tex,items/634_stacks_04R2.tex,
635,native_tex,tex/635_stacks_0CF0.tex,verified_editable_tex,items/635_stacks_0CF0.tex,
636,native_tex,tex/636_stacks_0241.tex,non_counting_problem_unit_hold,,"Non-counting difficulty hold: after the named fpqc effective-epimorphism and faithful-base-change lemmas, the primary checks descent-data compatibility by a formal scheme-valued-point calculation and transports the unique descended morphism. This is a basic refinement component, not an identified above-qualification remaining construction; source descent.tex lines 8560–8659, Tag 0241."
637,native_tex,tex/637_stacks_0A36.tex,verified_editable_tex,items/637_stacks_0A36.tex,
638,native_tex,tex/638_stacks_09V2.tex,verified_editable_tex,items/638_stacks_09V2.tex,
639,native_tex,tex/639_stacks_01FF.tex,verified_editable_tex,items/639_stacks_01FF.tex,
640,native_tex,tex/640_stacks_02UZ.tex,verified_editable_tex,items/640_stacks_02UZ.tex,
641,native_tex,tex/641_stacks_0A3G.tex,verified_editable_tex,items/641_stacks_0A3G.tex,
642,source_pdf_pages,tex/642_source_pdf.tex,requires_complete_editable_statement_and_proof,,
643,source_pdf_pages,tex/643_source_pdf.tex,requires_complete_editable_statement_and_proof,,
644,source_pdf_pages,tex/644_source_pdf.tex,requires_complete_editable_statement_and_proof,,
645,source_pdf_pages,tex/645_source_pdf.tex,requires_complete_editable_statement_and_proof,,
646,source_pdf_pages,tex/646_source_pdf.tex,requires_complete_editable_statement_and_proof,,
647,source_pdf_pages,tex/647_source_pdf.tex,requires_complete_editable_statement_and_proof,,
648,source_pdf_pages,tex/648_source_pdf.tex,requires_complete_editable_statement_and_proof,,
649,source_pdf_pages,tex/649_source_pdf.tex,requires_complete_editable_statement_and_proof,,
650,source_pdf_pages,tex/650_source_pdf.tex,requires_complete_editable_statement_and_proof,,
651,source_pdf_pages,tex/651_source_pdf.tex,requires_complete_editable_statement_and_proof,,
652,source_pdf_pages,tex/652_source_pdf.tex,requires_complete_editable_statement_and_proof,,
653,source_pdf_pages,tex/653_source_pdf.tex,requires_complete_editable_statement_and_proof,,
654,native_tex,tex/654_stacks_0GYK.tex,non_counting_problem_unit_hold,,"Non-counting difficulty hold: once the graded ascending-chain hypothesis and standard boundary maps are allowed, the primary chooses finitely many homogeneous image generators and takes their maximum degree to obtain stable images. This is an adjacent finite-generation/degree-bound component without an identified above-qualification remaining obligation; source cohomology.tex lines 8930–8986, Tag 0GYK."
655,native_tex,tex/655_stacks_0GN3.tex,verified_editable_tex,items/655_stacks_0GN3.tex,
656,native_tex,tex/656_stacks_0DEN.tex,verified_editable_tex,items/656_stacks_0DEN.tex,
657,native_tex,tex/657_stacks_0941.tex,non_counting_problem_unit_hold,,"Non-counting difficulty hold: after standard K-injective existence, restriction/adjoint preservation and derived product facts, the primary applies the usual exact product-complex sequence and the definition of homotopy limit. This identification of two limit presentations is a formal derived-functor component; source sites-cohomology.tex, Tag 0941."
658,native_tex,tex/658_stacks_0D6T.tex,verified_editable_tex,items/658_stacks_0D6T.tex,
659,native_tex,tex/659_stacks_09X3.tex,verified_editable_tex,items/659_stacks_09X3.tex,
660,native_tex,tex/660_stacks_07AC.tex,verified_editable_tex,items/660_stacks_07AC.tex,
661,native_tex,tex/661_stacks_08Q9.tex,verified_editable_tex,items/661_stacks_08Q9.tex,
662,native_tex,tex/662_stacks_0F1M.tex,non_counting_problem_unit_hold,,"Non-counting difficulty hold: the primary applies existing K-flat-resolution and flat-cokernel lemmas, truncates, and applies bounded-flat K-flatness plus two-out-of-three; the universal pullback clause repeats the same short exact sequence argument. No distinct above-qualification construction remains after those named foundations; source sites-cohomology.tex lines 12471–12540, Tag 0F1M."
663,native_tex,tex/663_stacks_094B.tex,verified_editable_tex,items/663_stacks_094B.tex,
664,source_pdf_pages,tex/664_source_pdf.tex,requires_complete_editable_statement_and_proof,,
665,source_pdf_pages,tex/665_source_pdf.tex,requires_complete_editable_statement_and_proof,,
666,source_pdf_pages,tex/666_source_pdf.tex,requires_complete_editable_statement_and_proof,,
667,source_pdf_pages,tex/667_source_pdf.tex,requires_complete_editable_statement_and_proof,,
668,source_pdf_pages,tex/668_source_pdf.tex,requires_complete_editable_statement_and_proof,,
669,source_pdf_pages,tex/669_source_pdf.tex,requires_complete_editable_statement_and_proof,,
670,source_pdf_pages,tex/670_source_pdf.tex,requires_complete_editable_statement_and_proof,,
671,source_pdf_pages,tex/671_source_pdf.tex,requires_complete_editable_statement_and_proof,,
672,source_pdf_pages,tex/672_source_pdf.tex,requires_complete_editable_statement_and_proof,,
673,source_pdf_pages,tex/673_source_pdf.tex,requires_complete_editable_statement_and_proof,,
674,source_pdf_pages,tex/674_source_pdf.tex,requires_complete_editable_statement_and_proof,,
675,source_pdf_pages,tex/675_source_pdf.tex,requires_complete_editable_statement_and_proof,,
676,source_pdf_pages,tex/676_source_pdf.tex,requires_complete_editable_statement_and_proof,,
677,source_pdf_pages,tex/677_source_pdf.tex,requires_complete_editable_statement_and_proof,,
678,source_pdf_pages,tex/678_source_pdf.tex,requires_complete_editable_statement_and_proof,,
679,source_pdf_pages,tex/679_source_pdf.tex,requires_complete_editable_statement_and_proof,,
680,source_pdf_pages,tex/680_source_pdf.tex,requires_complete_editable_statement_and_proof,,
681,source_pdf_pages,tex/681_source_pdf.tex,requires_complete_editable_statement_and_proof,,
682,source_pdf_pages,tex/682_source_pdf.tex,requires_complete_editable_statement_and_proof,,
683,source_pdf_pages,tex/683_source_pdf.tex,requires_complete_editable_statement_and_proof,,
684,source_pdf_pages,tex/684_source_pdf.tex,requires_complete_editable_statement_and_proof,,
685,source_pdf_pages,tex/685_source_pdf.tex,requires_complete_editable_statement_and_proof,,
686,source_pdf_pages,tex/686_source_pdf.tex,requires_complete_editable_statement_and_proof,,
687,source_pdf_pages,tex/687_source_pdf.tex,requires_complete_editable_statement_and_proof,,
688,source_pdf_pages,tex/688_source_pdf.tex,requires_complete_editable_statement_and_proof,,
689,source_pdf_pages,tex/689_source_pdf.tex,requires_complete_editable_statement_and_proof,,
690,source_pdf_pages,tex/690_source_pdf.tex,requires_complete_editable_statement_and_proof,,
691,source_pdf_pages,tex/691_source_pdf.tex,requires_complete_editable_statement_and_proof,,
692,source_pdf_pages,tex/692_source_pdf.tex,requires_complete_editable_statement_and_proof,,
693,source_pdf_pages,tex/693_source_pdf.tex,requires_complete_editable_statement_and_proof,,
694,source_pdf_pages,tex/694_source_pdf.tex,requires_complete_editable_statement_and_proof,,
695,source_pdf_pages,tex/695_source_pdf.tex,requires_complete_editable_statement_and_proof,,
696,source_pdf_pages,tex/696_source_pdf.tex,requires_complete_editable_statement_and_proof,,
697,source_pdf_pages,tex/697_source_pdf.tex,requires_complete_editable_statement_and_proof,,
698,source_pdf_pages,tex/698_source_pdf.tex,requires_complete_editable_statement_and_proof,,
699,source_pdf_pages,tex/699_source_pdf.tex,requires_complete_editable_statement_and_proof,,
700,source_pdf_pages,tex/700_source_pdf.tex,requires_complete_editable_statement_and_proof,,
701,source_pdf_pages,tex/701_source_pdf.tex,requires_complete_editable_statement_and_proof,,
702,source_pdf_pages,tex/702_source_pdf.tex,requires_complete_editable_statement_and_proof,,
703,source_pdf_pages,tex/703_source_pdf.tex,requires_complete_editable_statement_and_proof,,
704,source_pdf_pages,tex/704_source_pdf.tex,requires_complete_editable_statement_and_proof,,
705,native_tex,tex/705_stacks_017K.tex,verified_editable_tex,items/705_stacks_017K.tex,
706,native_tex,tex/706_stacks_019G.tex,verified_editable_tex,items/706_stacks_019G.tex,
707,native_tex,tex/707_stacks_01A4.tex,verified_editable_tex,items/707_stacks_01A4.tex,
708,native_tex,tex/708_stacks_02MX.tex,verified_editable_tex,items/708_stacks_02MX.tex,
709,native_tex,tex/709_stacks_08P2.tex,verified_editable_tex,items/709_stacks_08P2.tex,
710,native_tex,tex/710_stacks_01A9.tex,verified_editable_tex,items/710_stacks_01A9.tex,
711,native_tex,tex/711_stacks_0BK5.tex,verified_editable_tex,items/711_stacks_0BK5.tex,
712,native_tex,tex/712_stacks_09J0.tex,verified_editable_tex,items/712_stacks_09J0.tex,
713,native_tex,tex/713_stacks_0AAT.tex,verified_editable_tex,items/713_stacks_0AAT.tex,
714,source_pdf_pages,tex/714_source_pdf.tex,requires_complete_editable_statement_and_proof,,
715,source_pdf_pages,tex/715_source_pdf.tex,requires_complete_editable_statement_and_proof,,
716,source_pdf_pages,tex/716_source_pdf.tex,requires_complete_editable_statement_and_proof,,
717,source_pdf_pages,tex/717_source_pdf.tex,requires_complete_editable_statement_and_proof,,
718,source_pdf_pages,tex/718_source_pdf.tex,requires_complete_editable_statement_and_proof,,
719,source_pdf_pages,tex/719_source_pdf.tex,requires_complete_editable_statement_and_proof,,
720,source_pdf_pages,tex/720_source_pdf.tex,requires_complete_editable_statement_and_proof,,
721,source_pdf_pages,tex/721_source_pdf.tex,requires_complete_editable_statement_and_proof,,
722,native_tex,tex/722_stacks_0AIC.tex,verified_editable_tex,items/722_stacks_0AIC.tex,
723,native_tex,tex/723_stacks_0APW.tex,verified_editable_tex,items/723_stacks_0APW.tex,
724,native_tex,tex/724_stacks_0AJE.tex,verified_editable_tex,items/724_stacks_0AJE.tex,
725,native_tex,tex/725_stacks_0AN5.tex,verified_editable_tex,items/725_stacks_0AN5.tex,
726,native_tex,tex/726_stacks_07CE.tex,verified_editable_tex,items/726_stacks_07CE.tex,
727,native_tex,tex/727_stacks_07M8.tex,verified_editable_tex,items/727_stacks_07M8.tex,
728,native_tex,tex/728_stacks_07EZ.tex,verified_editable_tex,items/728_stacks_07EZ.tex,
729,native_tex,tex/729_stacks_0BJ6.tex,verified_editable_tex,items/729_stacks_0BJ6.tex,
730,native_tex,tex/730_stacks_07CP.tex,verified_editable_tex,items/730_stacks_07CP.tex,
731,native_tex,tex/731_stacks_07CR.tex,verified_editable_tex,items/731_stacks_07CR.tex,
732,native_tex,tex/732_stacks_07F9.tex,verified_editable_tex,items/732_stacks_07F9.tex,
733,native_tex,tex/733_stacks_07FG.tex,verified_editable_tex,items/733_stacks_07FG.tex,
734,native_tex,tex/734_stacks_07FH.tex,verified_editable_tex,items/734_stacks_07FH.tex,
735,native_tex,tex/735_stacks_0GHL.tex,non_counting_problem_unit_hold,,"Non-counting difficulty hold: the hypotheses already provide equivalence of all etale neighbourhood diagrams and the colimit mapping property for every affine test target. The primary promotes these assumptions to arbitrary algebraic-space targets by standard chart descent and compatibility checks. This is a local universal-property verification component, not an identified above-qualification remaining construction; source spaces-pushouts.tex lines 232–333, Tag 0GHL."
736,native_tex,tex/736_stacks_0DL7.tex,verified_editable_tex,items/736_stacks_0DL7.tex,
737,native_tex,tex/737_stacks_0BHU.tex,verified_editable_tex,items/737_stacks_0BHU.tex,
738,source_pdf_pages,tex/738_source_pdf.tex,requires_complete_editable_statement_and_proof,,
739,source_pdf_pages,tex/739_source_pdf.tex,requires_complete_editable_statement_and_proof,,
740,source_pdf_pages,tex/740_source_pdf.tex,requires_complete_editable_statement_and_proof,,
741,source_pdf_pages,tex/741_source_pdf.tex,requires_complete_editable_statement_and_proof,,
742,source_pdf_pages,tex/742_source_pdf.tex,requires_complete_editable_statement_and_proof,,
743,source_pdf_pages,tex/743_source_pdf.tex,requires_complete_editable_statement_and_proof,,
744,source_pdf_pages,tex/744_source_pdf.tex,requires_complete_editable_statement_and_proof,,
745,source_pdf_pages,tex/745_source_pdf.tex,requires_complete_editable_statement_and_proof,,
746,source_pdf_pages,tex/746_source_pdf.tex,requires_complete_editable_statement_and_proof,,
747,source_pdf_pages,tex/747_source_pdf.tex,requires_complete_editable_statement_and_proof,,
748,source_pdf_pages,tex/748_source_pdf.tex,requires_complete_editable_statement_and_proof,,
749,source_pdf_pages,tex/749_source_pdf.tex,requires_complete_editable_statement_and_proof,,
750,source_pdf_pages,tex/750_source_pdf.tex,requires_complete_editable_statement_and_proof,,
751,source_pdf_pages,tex/751_source_pdf.tex,requires_complete_editable_statement_and_proof,,
752,source_pdf_pages,tex/752_source_pdf.tex,requires_complete_editable_statement_and_proof,,
753,source_pdf_pages,tex/753_source_pdf.tex,requires_complete_editable_statement_and_proof,,
754,source_pdf_pages,tex/754_source_pdf.tex,requires_complete_editable_statement_and_proof,,
755,source_pdf_pages,tex/755_source_pdf.tex,requires_complete_editable_statement_and_proof,,
756,source_pdf_pages,tex/756_source_pdf.tex,requires_complete_editable_statement_and_proof,,
757,source_pdf_pages,tex/757_source_pdf.tex,requires_complete_editable_statement_and_proof,,
758,source_pdf_pages,tex/758_source_pdf.tex,requires_complete_editable_statement_and_proof,,
759,source_pdf_pages,tex/759_source_pdf.tex,requires_complete_editable_statement_and_proof,,
760,source_pdf_pages,tex/760_source_pdf.tex,requires_complete_editable_statement_and_proof,,
761,source_pdf_pages,tex/761_source_pdf.tex,requires_complete_editable_statement_and_proof,,
762,source_pdf_pages,tex/762_source_pdf.tex,requires_complete_editable_statement_and_proof,,
763,source_pdf_pages,tex/763_source_pdf.tex,requires_complete_editable_statement_and_proof,,
764,source_pdf_pages,tex/764_source_pdf.tex,requires_complete_editable_statement_and_proof,,
765,source_pdf_pages,tex/765_source_pdf.tex,requires_complete_editable_statement_and_proof,,
766,source_pdf_pages,tex/766_source_pdf.tex,requires_complete_editable_statement_and_proof,,
767,source_pdf_pages,tex/767_source_pdf.tex,requires_complete_editable_statement_and_proof,,
768,source_pdf_pages,tex/768_source_pdf.tex,requires_complete_editable_statement_and_proof,,
769,source_pdf_pages,tex/769_source_pdf.tex,requires_complete_editable_statement_and_proof,,
770,source_pdf_pages,tex/770_source_pdf.tex,requires_complete_editable_statement_and_proof,,
771,source_pdf_pages,tex/771_source_pdf.tex,requires_complete_editable_statement_and_proof,,
772,source_pdf_pages,tex/772_source_pdf.tex,requires_complete_editable_statement_and_proof,,
773,source_pdf_pages,tex/773_source_pdf.tex,requires_complete_editable_statement_and_proof,,
774,source_pdf_pages,tex/774_source_pdf.tex,requires_complete_editable_statement_and_proof,,
775,source_pdf_pages,tex/775_source_pdf.tex,requires_complete_editable_statement_and_proof,,
776,source_pdf_pages,tex/776_source_pdf.tex,requires_complete_editable_statement_and_proof,,
777,source_pdf_pages,tex/777_source_pdf.tex,requires_complete_editable_statement_and_proof,,
778,source_pdf_pages,tex/778_source_pdf.tex,requires_complete_editable_statement_and_proof,,
779,source_pdf_pages,tex/779_source_pdf.tex,requires_complete_editable_statement_and_proof,,
780,source_pdf_pages,tex/780_source_pdf.tex,requires_complete_editable_statement_and_proof,,
781,source_pdf_pages,tex/781_source_pdf.tex,requires_complete_editable_statement_and_proof,,
782,source_pdf_pages,tex/782_source_pdf.tex,requires_complete_editable_statement_and_proof,,
783,source_pdf_pages,tex/783_source_pdf.tex,requires_complete_editable_statement_and_proof,,
784,source_pdf_pages,tex/784_source_pdf.tex,requires_complete_editable_statement_and_proof,,
785,source_pdf_pages,tex/785_source_pdf.tex,requires_complete_editable_statement_and_proof,,
786,source_pdf_pages,tex/786_source_pdf.tex,requires_complete_editable_statement_and_proof,,
787,source_pdf_pages,tex/787_source_pdf.tex,requires_complete_editable_statement_and_proof,,
788,source_pdf_pages,tex/788_source_pdf.tex,requires_complete_editable_statement_and_proof,,
789,source_pdf_pages,tex/789_source_pdf.tex,requires_complete_editable_statement_and_proof,,
790,source_pdf_pages,tex/790_source_pdf.tex,requires_complete_editable_statement_and_proof,,
791,source_pdf_pages,tex/791_source_pdf.tex,requires_complete_editable_statement_and_proof,,
792,source_pdf_pages,tex/792_source_pdf.tex,requires_complete_editable_statement_and_proof,,
793,source_pdf_pages,tex/793_source_pdf.tex,requires_complete_editable_statement_and_proof,,
794,source_pdf_pages,tex/794_source_pdf.tex,requires_complete_editable_statement_and_proof,,
795,source_pdf_pages,tex/795_source_pdf.tex,requires_complete_editable_statement_and_proof,,
796,source_pdf_pages,tex/796_source_pdf.tex,requires_complete_editable_statement_and_proof,,
797,source_pdf_pages,tex/797_source_pdf.tex,requires_complete_editable_statement_and_proof,,
798,source_pdf_pages,tex/798_source_pdf.tex,requires_complete_editable_statement_and_proof,,
799,source_pdf_pages,tex/799_source_pdf.tex,requires_complete_editable_statement_and_proof,,
800,source_pdf_pages,tex/800_source_pdf.tex,requires_complete_editable_statement_and_proof,,
801,source_pdf_pages,tex/801_source_pdf.tex,requires_complete_editable_statement_and_proof,,
802,source_pdf_pages,tex/802_source_pdf.tex,requires_complete_editable_statement_and_proof,,
803,source_pdf_pages,tex/803_source_pdf.tex,requires_complete_editable_statement_and_proof,,
804,source_pdf_pages,tex/804_source_pdf.tex,requires_complete_editable_statement_and_proof,,
805,source_pdf_pages,tex/805_source_pdf.tex,requires_complete_editable_statement_and_proof,,
806,source_pdf_pages,tex/806_source_pdf.tex,requires_complete_editable_statement_and_proof,,
807,source_pdf_pages,tex/807_source_pdf.tex,requires_complete_editable_statement_and_proof,,
808,source_pdf_pages,tex/808_source_pdf.tex,requires_complete_editable_statement_and_proof,,
809,source_pdf_pages,tex/809_source_pdf.tex,requires_complete_editable_statement_and_proof,,
810,source_pdf_pages,tex/810_source_pdf.tex,requires_complete_editable_statement_and_proof,,
811,source_pdf_pages,tex/811_source_pdf.tex,requires_complete_editable_statement_and_proof,,
812,source_pdf_pages,tex/812_source_pdf.tex,requires_complete_editable_statement_and_proof,,
813,source_pdf_pages,tex/813_source_pdf.tex,requires_complete_editable_statement_and_proof,,
814,source_pdf_pages,tex/814_source_pdf.tex,requires_complete_editable_statement_and_proof,,
815,source_pdf_pages,tex/815_source_pdf.tex,requires_complete_editable_statement_and_proof,,
816,source_pdf_pages,tex/816_source_pdf.tex,requires_complete_editable_statement_and_proof,,
817,source_pdf_pages,tex/817_source_pdf.tex,requires_complete_editable_statement_and_proof,,
818,source_pdf_pages,tex/818_source_pdf.tex,requires_complete_editable_statement_and_proof,,
819,source_pdf_pages,tex/819_source_pdf.tex,requires_complete_editable_statement_and_proof,,
820,source_pdf_pages,tex/820_source_pdf.tex,requires_complete_editable_statement_and_proof,,
821,source_pdf_pages,tex/821_source_pdf.tex,requires_complete_editable_statement_and_proof,,
822,source_pdf_pages,tex/822_source_pdf.tex,requires_complete_editable_statement_and_proof,,
823,source_pdf_pages,tex/823_source_pdf.tex,requires_complete_editable_statement_and_proof,,
824,source_pdf_pages,tex/824_source_pdf.tex,requires_complete_editable_statement_and_proof,,
825,source_pdf_pages,tex/825_source_pdf.tex,requires_complete_editable_statement_and_proof,,
826,source_pdf_pages,tex/826_source_pdf.tex,requires_complete_editable_statement_and_proof,,
827,source_pdf_pages,tex/827_source_pdf.tex,requires_complete_editable_statement_and_proof,,
828,source_pdf_pages,tex/828_source_pdf.tex,requires_complete_editable_statement_and_proof,,
829,source_pdf_pages,tex/829_source_pdf.tex,requires_complete_editable_statement_and_proof,,
830,source_pdf_pages,tex/830_source_pdf.tex,requires_complete_editable_statement_and_proof,,
831,source_pdf_pages,tex/831_source_pdf.tex,requires_complete_editable_statement_and_proof,,
832,source_pdf_pages,tex/832_source_pdf.tex,requires_complete_editable_statement_and_proof,,
833,source_pdf_pages,tex/833_source_pdf.tex,requires_complete_editable_statement_and_proof,,
834,source_pdf_pages,tex/834_source_pdf.tex,requires_complete_editable_statement_and_proof,,
835,source_pdf_pages,tex/835_source_pdf.tex,requires_complete_editable_statement_and_proof,,
836,source_pdf_pages,tex/836_source_pdf.tex,requires_complete_editable_statement_and_proof,,
837,source_pdf_pages,tex/837_source_pdf.tex,requires_complete_editable_statement_and_proof,,
838,source_pdf_pages,tex/838_source_pdf.tex,requires_complete_editable_statement_and_proof,,
839,source_pdf_pages,tex/839_source_pdf.tex,requires_complete_editable_statement_and_proof,,
840,source_pdf_pages,tex/840_source_pdf.tex,requires_complete_editable_statement_and_proof,,
841,source_pdf_pages,tex/841_source_pdf.tex,requires_complete_editable_statement_and_proof,,
842,source_pdf_pages,tex/842_source_pdf.tex,requires_complete_editable_statement_and_proof,,
843,source_pdf_pages,tex/843_source_pdf.tex,requires_complete_editable_statement_and_proof,,
844,source_pdf_pages,tex/844_source_pdf.tex,requires_complete_editable_statement_and_proof,,
845,source_pdf_pages,tex/845_source_pdf.tex,requires_complete_editable_statement_and_proof,,
846,source_pdf_pages,tex/846_source_pdf.tex,requires_complete_editable_statement_and_proof,,
847,source_pdf_pages,tex/847_source_pdf.tex,requires_complete_editable_statement_and_proof,,
848,source_pdf_pages,tex/848_source_pdf.tex,requires_complete_editable_statement_and_proof,,
849,source_pdf_pages,tex/849_source_pdf.tex,requires_complete_editable_statement_and_proof,,
850,source_pdf_pages,tex/850_source_pdf.tex,requires_complete_editable_statement_and_proof,,
851,source_pdf_pages,tex/851_source_pdf.tex,requires_complete_editable_statement_and_proof,,
852,source_pdf_pages,tex/852_source_pdf.tex,requires_complete_editable_statement_and_proof,,
853,source_pdf_pages,tex/853_source_pdf.tex,requires_complete_editable_statement_and_proof,,
854,source_pdf_pages,tex/854_source_pdf.tex,requires_complete_editable_statement_and_proof,,
855,source_pdf_pages,tex/855_source_pdf.tex,requires_complete_editable_statement_and_proof,,
856,source_pdf_pages,tex/856_source_pdf.tex,requires_complete_editable_statement_and_proof,,
857,source_pdf_pages,tex/857_source_pdf.tex,requires_complete_editable_statement_and_proof,,
858,source_pdf_pages,tex/858_source_pdf.tex,requires_complete_editable_statement_and_proof,,
859,source_pdf_pages,tex/859_source_pdf.tex,requires_complete_editable_statement_and_proof,,
860,source_pdf_pages,tex/860_source_pdf.tex,requires_complete_editable_statement_and_proof,,
861,source_pdf_pages,tex/861_source_pdf.tex,requires_complete_editable_statement_and_proof,,
862,source_pdf_pages,tex/862_source_pdf.tex,requires_complete_editable_statement_and_proof,,
863,source_pdf_pages,tex/863_source_pdf.tex,requires_complete_editable_statement_and_proof,,
864,source_pdf_pages,tex/864_source_pdf.tex,requires_complete_editable_statement_and_proof,,
865,source_pdf_pages,tex/865_source_pdf.tex,requires_complete_editable_statement_and_proof,,
866,source_pdf_pages,tex/866_source_pdf.tex,requires_complete_editable_statement_and_proof,,
867,source_pdf_pages,tex/867_source_pdf.tex,requires_complete_editable_statement_and_proof,,
868,source_pdf_pages,tex/868_source_pdf.tex,requires_complete_editable_statement_and_proof,,
869,source_pdf_pages,tex/869_source_pdf.tex,requires_complete_editable_statement_and_proof,,
870,source_pdf_pages,tex/870_source_pdf.tex,requires_complete_editable_statement_and_proof,,
871,source_pdf_pages,tex/871_source_pdf.tex,requires_complete_editable_statement_and_proof,,
872,source_pdf_pages,tex/872_source_pdf.tex,requires_complete_editable_statement_and_proof,,
873,source_pdf_pages,tex/873_source_pdf.tex,requires_complete_editable_statement_and_proof,,
874,source_pdf_pages,tex/874_source_pdf.tex,requires_complete_editable_statement_and_proof,,
875,source_pdf_pages,tex/875_source_pdf.tex,requires_complete_editable_statement_and_proof,,
876,source_pdf_pages,tex/876_source_pdf.tex,requires_complete_editable_statement_and_proof,,
877,source_pdf_pages,tex/877_source_pdf.tex,requires_complete_editable_statement_and_proof,,
878,source_pdf_pages,tex/878_source_pdf.tex,requires_complete_editable_statement_and_proof,,
879,source_pdf_pages,tex/879_source_pdf.tex,requires_complete_editable_statement_and_proof,,
880,source_pdf_pages,tex/880_source_pdf.tex,requires_complete_editable_statement_and_proof,,
881,source_pdf_pages,tex/881_source_pdf.tex,requires_complete_editable_statement_and_proof,,
882,source_pdf_pages,tex/882_source_pdf.tex,requires_complete_editable_statement_and_proof,,
883,source_pdf_pages,tex/883_source_pdf.tex,requires_complete_editable_statement_and_proof,,
884,source_pdf_pages,tex/884_source_pdf.tex,requires_complete_editable_statement_and_proof,,
885,source_pdf_pages,tex/885_source_pdf.tex,requires_complete_editable_statement_and_proof,,
886,source_pdf_pages,tex/886_source_pdf.tex,requires_complete_editable_statement_and_proof,,
887,source_pdf_pages,tex/887_source_pdf.tex,requires_complete_editable_statement_and_proof,,
888,source_pdf_pages,tex/888_source_pdf.tex,requires_complete_editable_statement_and_proof,,
889,source_pdf_pages,tex/889_source_pdf.tex,requires_complete_editable_statement_and_proof,,
890,source_pdf_pages,tex/890_source_pdf.tex,requires_complete_editable_statement_and_proof,,
891,source_pdf_pages,tex/891_source_pdf.tex,requires_complete_editable_statement_and_proof,,
892,source_pdf_pages,tex/892_source_pdf.tex,requires_complete_editable_statement_and_proof,,
893,source_pdf_pages,tex/893_source_pdf.tex,requires_complete_editable_statement_and_proof,,
894,source_pdf_pages,tex/894_source_pdf.tex,requires_complete_editable_statement_and_proof,,
895,source_pdf_pages,tex/895_source_pdf.tex,requires_complete_editable_statement_and_proof,,
896,source_pdf_pages,tex/896_source_pdf.tex,requires_complete_editable_statement_and_proof,,
897,source_pdf_pages,tex/897_source_pdf.tex,requires_complete_editable_statement_and_proof,,
898,source_pdf_pages,tex/898_source_pdf.tex,requires_complete_editable_statement_and_proof,,
899,source_pdf_pages,tex/899_source_pdf.tex,requires_complete_editable_statement_and_proof,,
900,source_pdf_pages,tex/900_source_pdf.tex,requires_complete_editable_statement_and_proof,,
901,source_pdf_pages,tex/901_source_pdf.tex,requires_complete_editable_statement_and_proof,,
902,source_pdf_pages,tex/902_source_pdf.tex,requires_complete_editable_statement_and_proof,,
903,source_pdf_pages,tex/903_source_pdf.tex,requires_complete_editable_statement_and_proof,,
904,source_pdf_pages,tex/904_source_pdf.tex,requires_complete_editable_statement_and_proof,,
905,source_pdf_pages,tex/905_source_pdf.tex,requires_complete_editable_statement_and_proof,,
906,source_pdf_pages,tex/906_source_pdf.tex,requires_complete_editable_statement_and_proof,,
907,source_pdf_pages,tex/907_source_pdf.tex,requires_complete_editable_statement_and_proof,,
908,source_pdf_pages,tex/908_source_pdf.tex,requires_complete_editable_statement_and_proof,,
909,source_pdf_pages,tex/909_source_pdf.tex,requires_complete_editable_statement_and_proof,,
910,source_pdf_pages,tex/910_source_pdf.tex,requires_complete_editable_statement_and_proof,,
911,source_pdf_pages,tex/911_source_pdf.tex,requires_complete_editable_statement_and_proof,,
912,source_pdf_pages,tex/912_source_pdf.tex,requires_complete_editable_statement_and_proof,,
913,source_pdf_pages,tex/913_source_pdf.tex,requires_complete_editable_statement_and_proof,,
914,source_pdf_pages,tex/914_source_pdf.tex,requires_complete_editable_statement_and_proof,,
915,source_pdf_pages,tex/915_source_pdf.tex,requires_complete_editable_statement_and_proof,,
916,source_pdf_pages,tex/916_source_pdf.tex,requires_complete_editable_statement_and_proof,,
917,source_pdf_pages,tex/917_source_pdf.tex,requires_complete_editable_statement_and_proof,,
918,source_pdf_pages,tex/918_source_pdf.tex,requires_complete_editable_statement_and_proof,,
919,source_pdf_pages,tex/919_source_pdf.tex,requires_complete_editable_statement_and_proof,,
920,source_pdf_pages,tex/920_source_pdf.tex,requires_complete_editable_statement_and_proof,,
921,source_pdf_pages,tex/921_source_pdf.tex,requires_complete_editable_statement_and_proof,,
922,source_pdf_pages,tex/922_source_pdf.tex,requires_complete_editable_statement_and_proof,,
923,source_pdf_pages,tex/923_source_pdf.tex,requires_complete_editable_statement_and_proof,,
924,source_pdf_pages,tex/924_source_pdf.tex,requires_complete_editable_statement_and_proof,,
925,source_pdf_pages,tex/925_source_pdf.tex,requires_complete_editable_statement_and_proof,,
926,source_pdf_pages,tex/926_source_pdf.tex,requires_complete_editable_statement_and_proof,,
927,source_pdf_pages,tex/927_source_pdf.tex,requires_complete_editable_statement_and_proof,,
928,source_pdf_pages,tex/928_source_pdf.tex,requires_complete_editable_statement_and_proof,,
929,source_pdf_pages,tex/929_source_pdf.tex,requires_complete_editable_statement_and_proof,,
930,source_pdf_pages,tex/930_source_pdf.tex,requires_complete_editable_statement_and_proof,,
931,source_pdf_pages,tex/931_source_pdf.tex,requires_complete_editable_statement_and_proof,,
932,source_pdf_pages,tex/932_source_pdf.tex,requires_complete_editable_statement_and_proof,,
933,source_pdf_pages,tex/933_source_pdf.tex,requires_complete_editable_statement_and_proof,,
934,source_pdf_pages,tex/934_source_pdf.tex,requires_complete_editable_statement_and_proof,,
935,source_pdf_pages,tex/935_source_pdf.tex,requires_complete_editable_statement_and_proof,,
936,source_pdf_pages,tex/936_source_pdf.tex,requires_complete_editable_statement_and_proof,,
937,source_pdf_pages,tex/937_source_pdf.tex,requires_complete_editable_statement_and_proof,,
938,source_pdf_pages,tex/938_source_pdf.tex,requires_complete_editable_statement_and_proof,,
939,source_pdf_pages,tex/939_source_pdf.tex,requires_complete_editable_statement_and_proof,,
940,source_pdf_pages,tex/940_source_pdf.tex,requires_complete_editable_statement_and_proof,,
941,source_pdf_pages,tex/941_source_pdf.tex,requires_complete_editable_statement_and_proof,,
942,source_pdf_pages,tex/942_source_pdf.tex,requires_complete_editable_statement_and_proof,,
943,source_pdf_pages,tex/943_source_pdf.tex,requires_complete_editable_statement_and_proof,,
944,source_pdf_pages,tex/944_source_pdf.tex,requires_complete_editable_statement_and_proof,,
945,source_pdf_pages,tex/945_source_pdf.tex,requires_complete_editable_statement_and_proof,,
946,source_pdf_pages,tex/946_source_pdf.tex,requires_complete_editable_statement_and_proof,,
947,source_pdf_pages,tex/947_source_pdf.tex,requires_complete_editable_statement_and_proof,,
948,source_pdf_pages,tex/948_source_pdf.tex,requires_complete_editable_statement_and_proof,,
949,source_pdf_pages,tex/949_source_pdf.tex,requires_complete_editable_statement_and_proof,,
950,source_pdf_pages,tex/950_source_pdf.tex,requires_complete_editable_statement_and_proof,,
951,source_pdf_pages,tex/951_source_pdf.tex,requires_complete_editable_statement_and_proof,,
952,source_pdf_pages,tex/952_source_pdf.tex,requires_complete_editable_statement_and_proof,,
953,source_pdf_pages,tex/953_source_pdf.tex,requires_complete_editable_statement_and_proof,,
954,source_pdf_pages,tex/954_source_pdf.tex,requires_complete_editable_statement_and_proof,,
955,source_pdf_pages,tex/955_source_pdf.tex,requires_complete_editable_statement_and_proof,,
956,source_pdf_pages,tex/956_source_pdf.tex,requires_complete_editable_statement_and_proof,,
957,source_pdf_pages,tex/957_source_pdf.tex,requires_complete_editable_statement_and_proof,,
958,source_pdf_pages,tex/958_source_pdf.tex,requires_complete_editable_statement_and_proof,,
959,source_pdf_pages,tex/959_source_pdf.tex,requires_complete_editable_statement_and_proof,,
960,source_pdf_pages,tex/960_source_pdf.tex,requires_complete_editable_statement_and_proof,,
961,source_pdf_pages,tex/961_source_pdf.tex,requires_complete_editable_statement_and_proof,,
962,source_pdf_pages,tex/962_source_pdf.tex,requires_complete_editable_statement_and_proof,,
963,source_pdf_pages,tex/963_source_pdf.tex,requires_complete_editable_statement_and_proof,,
964,source_pdf_pages,tex/964_source_pdf.tex,requires_complete_editable_statement_and_proof,,
965,source_pdf_pages,tex/965_source_pdf.tex,requires_complete_editable_statement_and_proof,,
966,source_pdf_pages,tex/966_source_pdf.tex,requires_complete_editable_statement_and_proof,,
967,source_pdf_pages,tex/967_source_pdf.tex,requires_complete_editable_statement_and_proof,,
968,source_pdf_pages,tex/968_source_pdf.tex,requires_complete_editable_statement_and_proof,,
969,source_pdf_pages,tex/969_source_pdf.tex,requires_complete_editable_statement_and_proof,,
970,source_pdf_pages,tex/970_source_pdf.tex,requires_complete_editable_statement_and_proof,,
971,source_pdf_pages,tex/971_source_pdf.tex,requires_complete_editable_statement_and_proof,,
972,source_pdf_pages,tex/972_source_pdf.tex,requires_complete_editable_statement_and_proof,,
973,source_pdf_pages,tex/973_source_pdf.tex,requires_complete_editable_statement_and_proof,,
974,source_pdf_pages,tex/974_source_pdf.tex,requires_complete_editable_statement_and_proof,,
975,source_pdf_pages,tex/975_source_pdf.tex,requires_complete_editable_statement_and_proof,,
976,source_pdf_pages,tex/976_source_pdf.tex,requires_complete_editable_statement_and_proof,,
977,source_pdf_pages,tex/977_source_pdf.tex,requires_complete_editable_statement_and_proof,,
978,source_pdf_pages,tex/978_source_pdf.tex,requires_complete_editable_statement_and_proof,,
979,source_pdf_pages,tex/979_source_pdf.tex,requires_complete_editable_statement_and_proof,,
980,source_pdf_pages,tex/980_source_pdf.tex,requires_complete_editable_statement_and_proof,,
981,source_pdf_pages,tex/981_source_pdf.tex,requires_complete_editable_statement_and_proof,,
982,source_pdf_pages,tex/982_source_pdf.tex,requires_complete_editable_statement_and_proof,,
983,source_pdf_pages,tex/983_source_pdf.tex,requires_complete_editable_statement_and_proof,,
984,source_pdf_pages,tex/984_source_pdf.tex,requires_complete_editable_statement_and_proof,,
985,source_pdf_pages,tex/985_source_pdf.tex,requires_complete_editable_statement_and_proof,,
986,source_pdf_pages,tex/986_source_pdf.tex,requires_complete_editable_statement_and_proof,,
987,source_pdf_pages,tex/987_source_pdf.tex,requires_complete_editable_statement_and_proof,,
988,source_pdf_pages,tex/988_source_pdf.tex,requires_complete_editable_statement_and_proof,,
989,source_pdf_pages,tex/989_source_pdf.tex,requires_complete_editable_statement_and_proof,,
990,source_pdf_pages,tex/990_source_pdf.tex,requires_complete_editable_statement_and_proof,,
991,source_pdf_pages,tex/991_source_pdf.tex,requires_complete_editable_statement_and_proof,,
992,source_pdf_pages,tex/992_source_pdf.tex,requires_complete_editable_statement_and_proof,,
993,source_pdf_pages,tex/993_source_pdf.tex,requires_complete_editable_statement_and_proof,,
994,source_pdf_pages,tex/994_source_pdf.tex,requires_complete_editable_statement_and_proof,,
995,source_pdf_pages,tex/995_source_pdf.tex,requires_complete_editable_statement_and_proof,,
996,source_pdf_pages,tex/996_source_pdf.tex,requires_complete_editable_statement_and_proof,,
997,source_pdf_pages,tex/997_source_pdf.tex,requires_complete_editable_statement_and_proof,,
998,source_pdf_pages,tex/998_source_pdf.tex,requires_complete_editable_statement_and_proof,,
999,source_pdf_pages,tex/999_source_pdf.tex,requires_complete_editable_statement_and_proof,,
1000,source_pdf_pages,tex/1000_source_pdf.tex,requires_complete_editable_statement_and_proof,,
1001,source_pdf_pages,tex/1001_source_pdf.tex,requires_complete_editable_statement_and_proof,,
1002,source_pdf_pages,tex/1002_source_pdf.tex,requires_complete_editable_statement_and_proof,,
1003,source_pdf_pages,tex/1003_source_pdf.tex,requires_complete_editable_statement_and_proof,,
1004,source_pdf_pages,tex/1004_source_pdf.tex,requires_complete_editable_statement_and_proof,,
1005,source_pdf_pages,tex/1005_source_pdf.tex,requires_complete_editable_statement_and_proof,,
1006,source_pdf_pages,tex/1006_source_pdf.tex,requires_complete_editable_statement_and_proof,,
1007,source_pdf_pages,tex/1007_source_pdf.tex,requires_complete_editable_statement_and_proof,,
1008,source_pdf_pages,tex/1008_source_pdf.tex,requires_complete_editable_statement_and_proof,,
1009,source_pdf_pages,tex/1009_source_pdf.tex,requires_complete_editable_statement_and_proof,,
1010,source_pdf_pages,tex/1010_source_pdf.tex,requires_complete_editable_statement_and_proof,,
1011,source_pdf_pages,tex/1011_source_pdf.tex,requires_complete_editable_statement_and_proof,,
1012,source_pdf_pages,tex/1012_source_pdf.tex,requires_complete_editable_statement_and_proof,,
1013,source_pdf_pages,tex/1013_source_pdf.tex,requires_complete_editable_statement_and_proof,,
1014,source_pdf_pages,tex/1014_source_pdf.tex,requires_complete_editable_statement_and_proof,,
1015,source_pdf_pages,tex/1015_source_pdf.tex,requires_complete_editable_statement_and_proof,,
1016,source_pdf_pages,tex/1016_source_pdf.tex,requires_complete_editable_statement_and_proof,,
1017,source_pdf_pages,tex/1017_source_pdf.tex,requires_complete_editable_statement_and_proof,,
1018,source_pdf_pages,tex/1018_source_pdf.tex,requires_complete_editable_statement_and_proof,,
1019,source_pdf_pages,tex/1019_source_pdf.tex,requires_complete_editable_statement_and_proof,,
1020,source_pdf_pages,tex/1020_source_pdf.tex,requires_complete_editable_statement_and_proof,,
1021,source_pdf_pages,tex/1021_source_pdf.tex,requires_complete_editable_statement_and_proof,,
1022,source_pdf_pages,tex/1022_source_pdf.tex,requires_complete_editable_statement_and_proof,,
1023,source_pdf_pages,tex/1023_source_pdf.tex,requires_complete_editable_statement_and_proof,,
1024,source_pdf_pages,tex/1024_source_pdf.tex,requires_complete_editable_statement_and_proof,,
1025,source_pdf_pages,tex/1025_source_pdf.tex,requires_complete_editable_statement_and_proof,,
1026,source_pdf_pages,tex/1026_source_pdf.tex,requires_complete_editable_statement_and_proof,,
1027,source_pdf_pages,tex/1027_source_pdf.tex,requires_complete_editable_statement_and_proof,,
1028,source_pdf_pages,tex/1028_source_pdf.tex,requires_complete_editable_statement_and_proof,,
1029,source_pdf_pages,tex/1029_source_pdf.tex,requires_complete_editable_statement_and_proof,,
1030,source_pdf_pages,tex/1030_source_pdf.tex,requires_complete_editable_statement_and_proof,,
1031,source_pdf_pages,tex/1031_source_pdf.tex,requires_complete_editable_statement_and_proof,,
1032,source_pdf_pages,tex/1032_source_pdf.tex,requires_complete_editable_statement_and_proof,,
1033,source_pdf_pages,tex/1033_source_pdf.tex,requires_complete_editable_statement_and_proof,,
1034,source_pdf_pages,tex/1034_source_pdf.tex,requires_complete_editable_statement_and_proof,,
1035,source_pdf_pages,tex/1035_source_pdf.tex,requires_complete_editable_statement_and_proof,,
1036,source_pdf_pages,tex/1036_source_pdf.tex,requires_complete_editable_statement_and_proof,,
1037,source_pdf_pages,tex/1037_source_pdf.tex,requires_complete_editable_statement_and_proof,,
1038,source_pdf_pages,tex/1038_source_pdf.tex,requires_complete_editable_statement_and_proof,,
1039,source_pdf_pages,tex/1039_source_pdf.tex,requires_complete_editable_statement_and_proof,,
1040,source_pdf_pages,tex/1040_source_pdf.tex,requires_complete_editable_statement_and_proof,,
1041,source_pdf_pages,tex/1041_source_pdf.tex,requires_complete_editable_statement_and_proof,,
1042,source_pdf_pages,tex/1042_source_pdf.tex,requires_complete_editable_statement_and_proof,,
1043,source_pdf_pages,tex/1043_source_pdf.tex,requires_complete_editable_statement_and_proof,,
1044,source_pdf_pages,tex/1044_source_pdf.tex,requires_complete_editable_statement_and_proof,,
1045,source_pdf_pages,tex/1045_source_pdf.tex,requires_complete_editable_statement_and_proof,,
1046,source_pdf_pages,tex/1046_source_pdf.tex,requires_complete_editable_statement_and_proof,,
1047,source_pdf_pages,tex/1047_source_pdf.tex,requires_complete_editable_statement_and_proof,,
1048,source_pdf_pages,tex/1048_source_pdf.tex,requires_complete_editable_statement_and_proof,,
1049,source_pdf_pages,tex/1049_source_pdf.tex,requires_complete_editable_statement_and_proof,,
1050,source_pdf_pages,tex/1050_source_pdf.tex,requires_complete_editable_statement_and_proof,,
1051,source_pdf_pages,tex/1051_source_pdf.tex,requires_complete_editable_statement_and_proof,,
1052,source_pdf_pages,tex/1052_source_pdf.tex,requires_complete_editable_statement_and_proof,,
1053,source_pdf_pages,tex/1053_source_pdf.tex,requires_complete_editable_statement_and_proof,,
1054,source_pdf_pages,tex/1054_source_pdf.tex,requires_complete_editable_statement_and_proof,,
1055,source_pdf_pages,tex/1055_source_pdf.tex,requires_complete_editable_statement_and_proof,,
1056,source_pdf_pages,tex/1056_source_pdf.tex,requires_complete_editable_statement_and_proof,,
1057,source_pdf_pages,tex/1057_source_pdf.tex,requires_complete_editable_statement_and_proof,,
1058,source_pdf_pages,tex/1058_source_pdf.tex,requires_complete_editable_statement_and_proof,,
1059,source_pdf_pages,tex/1059_source_pdf.tex,requires_complete_editable_statement_and_proof,,
1060,source_pdf_pages,tex/1060_source_pdf.tex,requires_complete_editable_statement_and_proof,,
1061,source_pdf_pages,tex/1061_source_pdf.tex,requires_complete_editable_statement_and_proof,,
1062,source_pdf_pages,tex/1062_source_pdf.tex,requires_complete_editable_statement_and_proof,,
1063,source_pdf_pages,tex/1063_source_pdf.tex,requires_complete_editable_statement_and_proof,,
1064,source_pdf_pages,tex/1064_source_pdf.tex,requires_complete_editable_statement_and_proof,,
1065,source_pdf_pages,tex/1065_source_pdf.tex,requires_complete_editable_statement_and_proof,,
1066,source_pdf_pages,tex/1066_source_pdf.tex,requires_complete_editable_statement_and_proof,,
1067,source_pdf_pages,tex/1067_source_pdf.tex,requires_complete_editable_statement_and_proof,,
1068,source_pdf_pages,tex/1068_source_pdf.tex,requires_complete_editable_statement_and_proof,,
1069,source_pdf_pages,tex/1069_source_pdf.tex,requires_complete_editable_statement_and_proof,,
1070,source_pdf_pages,tex/1070_source_pdf.tex,requires_complete_editable_statement_and_proof,,
1071,source_pdf_pages,tex/1071_source_pdf.tex,requires_complete_editable_statement_and_proof,,
1072,source_pdf_pages,tex/1072_source_pdf.tex,requires_complete_editable_statement_and_proof,,
1073,source_pdf_pages,tex/1073_source_pdf.tex,requires_complete_editable_statement_and_proof,,
1074,source_pdf_pages,tex/1074_source_pdf.tex,requires_complete_editable_statement_and_proof,,
1075,source_pdf_pages,tex/1075_source_pdf.tex,requires_complete_editable_statement_and_proof,,
1076,source_pdf_pages,tex/1076_source_pdf.tex,requires_complete_editable_statement_and_proof,,
1077,source_pdf_pages,tex/1077_source_pdf.tex,requires_complete_editable_statement_and_proof,,
1078,source_pdf_pages,tex/1078_source_pdf.tex,requires_complete_editable_statement_and_proof,,
1079,source_pdf_pages,tex/1079_source_pdf.tex,requires_complete_editable_statement_and_proof,,
1080,source_pdf_pages,tex/1080_source_pdf.tex,requires_complete_editable_statement_and_proof,,
1081,source_pdf_pages,tex/1081_source_pdf.tex,requires_complete_editable_statement_and_proof,,
1082,source_pdf_pages,tex/1082_source_pdf.tex,requires_complete_editable_statement_and_proof,,
1083,source_pdf_pages,tex/1083_source_pdf.tex,requires_complete_editable_statement_and_proof,,
1084,source_pdf_pages,tex/1084_source_pdf.tex,requires_complete_editable_statement_and_proof,,
1085,source_pdf_pages,tex/1085_source_pdf.tex,requires_complete_editable_statement_and_proof,,
1086,source_pdf_pages,tex/1086_source_pdf.tex,requires_complete_editable_statement_and_proof,,
1087,source_pdf_pages,tex/1087_source_pdf.tex,requires_complete_editable_statement_and_proof,,
1088,source_pdf_pages,tex/1088_source_pdf.tex,requires_complete_editable_statement_and_proof,,
1089,source_pdf_pages,tex/1089_source_pdf.tex,requires_complete_editable_statement_and_proof,,
1090,source_pdf_pages,tex/1090_source_pdf.tex,requires_complete_editable_statement_and_proof,,
1091,source_pdf_pages,tex/1091_source_pdf.tex,requires_complete_editable_statement_and_proof,,
1092,source_pdf_pages,tex/1092_source_pdf.tex,requires_complete_editable_statement_and_proof,,
1093,source_pdf_pages,tex/1093_source_pdf.tex,requires_complete_editable_statement_and_proof,,
1094,source_pdf_pages,tex/1094_source_pdf.tex,requires_complete_editable_statement_and_proof,,
1095,source_pdf_pages,tex/1095_source_pdf.tex,requires_complete_editable_statement_and_proof,,
1096,source_pdf_pages,tex/1096_source_pdf.tex,requires_complete_editable_statement_and_proof,,
1097,source_pdf_pages,tex/1097_source_pdf.tex,requires_complete_editable_statement_and_proof,,
1098,source_pdf_pages,tex/1098_source_pdf.tex,requires_complete_editable_statement_and_proof,,
1099,source_pdf_pages,tex/1099_source_pdf.tex,requires_complete_editable_statement_and_proof,,
1100,source_pdf_pages,tex/1100_source_pdf.tex,requires_complete_editable_statement_and_proof,,
1101,source_pdf_pages,tex/1101_source_pdf.tex,requires_complete_editable_statement_and_proof,,
1102,source_pdf_pages,tex/1102_source_pdf.tex,requires_complete_editable_statement_and_proof,,
1103,source_pdf_pages,tex/1103_source_pdf.tex,requires_complete_editable_statement_and_proof,,
1104,source_pdf_pages,tex/1104_source_pdf.tex,requires_complete_editable_statement_and_proof,,
1105,source_pdf_pages,tex/1105_source_pdf.tex,requires_complete_editable_statement_and_proof,,
1106,source_pdf_pages,tex/1106_source_pdf.tex,requires_complete_editable_statement_and_proof,,
1107,source_pdf_pages,tex/1107_source_pdf.tex,requires_complete_editable_statement_and_proof,,
1108,source_pdf_pages,tex/1108_source_pdf.tex,requires_complete_editable_statement_and_proof,,
1109,source_pdf_pages,tex/1109_source_pdf.tex,requires_complete_editable_statement_and_proof,,
1110,source_pdf_pages,tex/1110_source_pdf.tex,requires_complete_editable_statement_and_proof,,
1111,source_pdf_pages,tex/1111_source_pdf.tex,requires_complete_editable_statement_and_proof,,
1112,source_pdf_pages,tex/1112_source_pdf.tex,requires_complete_editable_statement_and_proof,,
1113,source_pdf_pages,tex/1113_source_pdf.tex,requires_complete_editable_statement_and_proof,,
1114,source_pdf_pages,tex/1114_source_pdf.tex,requires_complete_editable_statement_and_proof,,
1115,source_pdf_pages,tex/1115_source_pdf.tex,requires_complete_editable_statement_and_proof,,
1116,source_pdf_pages,tex/1116_source_pdf.tex,requires_complete_editable_statement_and_proof,,
1117,source_pdf_pages,tex/1117_source_pdf.tex,requires_complete_editable_statement_and_proof,,
1118,source_pdf_pages,tex/1118_source_pdf.tex,requires_complete_editable_statement_and_proof,,
1119,source_pdf_pages,tex/1119_source_pdf.tex,requires_complete_editable_statement_and_proof,,
1120,source_pdf_pages,tex/1120_source_pdf.tex,requires_complete_editable_statement_and_proof,,
1121,source_pdf_pages,tex/1121_source_pdf.tex,requires_complete_editable_statement_and_proof,,
1122,source_pdf_pages,tex/1122_source_pdf.tex,requires_complete_editable_statement_and_proof,,
1123,source_pdf_pages,tex/1123_source_pdf.tex,requires_complete_editable_statement_and_proof,,
1124,source_pdf_pages,tex/1124_source_pdf.tex,requires_complete_editable_statement_and_proof,,
1125,source_pdf_pages,tex/1125_source_pdf.tex,requires_complete_editable_statement_and_proof,,
1126,source_pdf_pages,tex/1126_source_pdf.tex,requires_complete_editable_statement_and_proof,,
1127,source_pdf_pages,tex/1127_source_pdf.tex,requires_complete_editable_statement_and_proof,,
1128,source_pdf_pages,tex/1128_source_pdf.tex,requires_complete_editable_statement_and_proof,,
1129,source_pdf_pages,tex/1129_source_pdf.tex,requires_complete_editable_statement_and_proof,,
1130,source_pdf_pages,tex/1130_source_pdf.tex,requires_complete_editable_statement_and_proof,,
1131,source_pdf_pages,tex/1131_source_pdf.tex,requires_complete_editable_statement_and_proof,,
1132,source_pdf_pages,tex/1132_source_pdf.tex,requires_complete_editable_statement_and_proof,,
1133,source_pdf_pages,tex/1133_source_pdf.tex,requires_complete_editable_statement_and_proof,,
1134,source_pdf_pages,tex/1134_source_pdf.tex,requires_complete_editable_statement_and_proof,,
1135,source_pdf_pages,tex/1135_source_pdf.tex,requires_complete_editable_statement_and_proof,,
1136,source_pdf_pages,tex/1136_source_pdf.tex,requires_complete_editable_statement_and_proof,,
1137,source_pdf_pages,tex/1137_source_pdf.tex,requires_complete_editable_statement_and_proof,,
1138,source_pdf_pages,tex/1138_source_pdf.tex,requires_complete_editable_statement_and_proof,,
1139,source_pdf_pages,tex/1139_source_pdf.tex,requires_complete_editable_statement_and_proof,,
1140,source_pdf_pages,tex/1140_source_pdf.tex,requires_complete_editable_statement_and_proof,,
1141,source_pdf_pages,tex/1141_source_pdf.tex,requires_complete_editable_statement_and_proof,,
1142,source_pdf_pages,tex/1142_source_pdf.tex,requires_complete_editable_statement_and_proof,,
1143,source_pdf_pages,tex/1143_source_pdf.tex,requires_complete_editable_statement_and_proof,,
1144,source_pdf_pages,tex/1144_source_pdf.tex,requires_complete_editable_statement_and_proof,,
1145,source_pdf_pages,tex/1145_source_pdf.tex,requires_complete_editable_statement_and_proof,,
1146,source_pdf_pages,tex/1146_source_pdf.tex,requires_complete_editable_statement_and_proof,,
1147,source_pdf_pages,tex/1147_source_pdf.tex,requires_complete_editable_statement_and_proof,,
1148,source_pdf_pages,tex/1148_source_pdf.tex,requires_complete_editable_statement_and_proof,,
1149,source_pdf_pages,tex/1149_source_pdf.tex,requires_complete_editable_statement_and_proof,,
1150,source_pdf_pages,tex/1150_source_pdf.tex,requires_complete_editable_statement_and_proof,,
1151,source_pdf_pages,tex/1151_source_pdf.tex,requires_complete_editable_statement_and_proof,,
1152,source_pdf_pages,tex/1152_source_pdf.tex,requires_complete_editable_statement_and_proof,,
1153,source_pdf_pages,tex/1153_source_pdf.tex,requires_complete_editable_statement_and_proof,,
1154,source_pdf_pages,tex/1154_source_pdf.tex,requires_complete_editable_statement_and_proof,,
1155,source_pdf_pages,tex/1155_source_pdf.tex,requires_complete_editable_statement_and_proof,,
1156,source_pdf_pages,tex/1156_source_pdf.tex,requires_complete_editable_statement_and_proof,,
1157,source_pdf_pages,tex/1157_source_pdf.tex,requires_complete_editable_statement_and_proof,,
1158,source_pdf_pages,tex/1158_source_pdf.tex,requires_complete_editable_statement_and_proof,,
1159,source_pdf_pages,tex/1159_source_pdf.tex,requires_complete_editable_statement_and_proof,,
1160,source_pdf_pages,tex/1160_source_pdf.tex,requires_complete_editable_statement_and_proof,,
1161,source_pdf_pages,tex/1161_source_pdf.tex,requires_complete_editable_statement_and_proof,,
1162,source_pdf_pages,tex/1162_source_pdf.tex,requires_complete_editable_statement_and_proof,,
1163,source_pdf_pages,tex/1163_source_pdf.tex,requires_complete_editable_statement_and_proof,,
1164,source_pdf_pages,tex/1164_source_pdf.tex,requires_complete_editable_statement_and_proof,,
1165,source_pdf_pages,tex/1165_source_pdf.tex,requires_complete_editable_statement_and_proof,,
1166,source_pdf_pages,tex/1166_source_pdf.tex,requires_complete_editable_statement_and_proof,,
1167,source_pdf_pages,tex/1167_source_pdf.tex,requires_complete_editable_statement_and_proof,,
1168,source_pdf_pages,tex/1168_source_pdf.tex,requires_complete_editable_statement_and_proof,,
1169,source_pdf_pages,tex/1169_source_pdf.tex,requires_complete_editable_statement_and_proof,,
1170,source_pdf_pages,tex/1170_source_pdf.tex,requires_complete_editable_statement_and_proof,,
1171,source_pdf_pages,tex/1171_source_pdf.tex,requires_complete_editable_statement_and_proof,,
1172,source_pdf_pages,tex/1172_source_pdf.tex,requires_complete_editable_statement_and_proof,,
1173,source_pdf_pages,tex/1173_source_pdf.tex,requires_complete_editable_statement_and_proof,,
1174,source_pdf_pages,tex/1174_source_pdf.tex,requires_complete_editable_statement_and_proof,,
1175,source_pdf_pages,tex/1175_source_pdf.tex,requires_complete_editable_statement_and_proof,,
1176,source_pdf_pages,tex/1176_source_pdf.tex,requires_complete_editable_statement_and_proof,,
1177,source_pdf_pages,tex/1177_source_pdf.tex,requires_complete_editable_statement_and_proof,,
1178,source_pdf_pages,tex/1178_source_pdf.tex,requires_complete_editable_statement_and_proof,,
1179,source_pdf_pages,tex/1179_source_pdf.tex,requires_complete_editable_statement_and_proof,,
1180,source_pdf_pages,tex/1180_source_pdf.tex,requires_complete_editable_statement_and_proof,,
1181,source_pdf_pages,tex/1181_source_pdf.tex,requires_complete_editable_statement_and_proof,,
1182,source_pdf_pages,tex/1182_source_pdf.tex,requires_complete_editable_statement_and_proof,,
1183,source_pdf_pages,tex/1183_source_pdf.tex,requires_complete_editable_statement_and_proof,,
1184,source_pdf_pages,tex/1184_source_pdf.tex,requires_complete_editable_statement_and_proof,,
1185,source_pdf_pages,tex/1185_source_pdf.tex,requires_complete_editable_statement_and_proof,,
1186,source_pdf_pages,tex/1186_source_pdf.tex,requires_complete_editable_statement_and_proof,,
1187,source_pdf_pages,tex/1187_source_pdf.tex,requires_complete_editable_statement_and_proof,,
1188,source_pdf_pages,tex/1188_source_pdf.tex,requires_complete_editable_statement_and_proof,,
1189,source_pdf_pages,tex/1189_source_pdf.tex,requires_complete_editable_statement_and_proof,,
1190,source_pdf_pages,tex/1190_source_pdf.tex,requires_complete_editable_statement_and_proof,,
1191,source_pdf_pages,tex/1191_source_pdf.tex,requires_complete_editable_statement_and_proof,,
1192,source_pdf_pages,tex/1192_source_pdf.tex,requires_complete_editable_statement_and_proof,,
1193,source_pdf_pages,tex/1193_source_pdf.tex,requires_complete_editable_statement_and_proof,,
1194,source_pdf_pages,tex/1194_source_pdf.tex,requires_complete_editable_statement_and_proof,,
1195,source_pdf_pages,tex/1195_source_pdf.tex,requires_complete_editable_statement_and_proof,,
1196,source_pdf_pages,tex/1196_source_pdf.tex,requires_complete_editable_statement_and_proof,,
1197,source_pdf_pages,tex/1197_source_pdf.tex,requires_complete_editable_statement_and_proof,,
1198,source_pdf_pages,tex/1198_source_pdf.tex,requires_complete_editable_statement_and_proof,,
1199,source_pdf_pages,tex/1199_source_pdf.tex,requires_complete_editable_statement_and_proof,,
1200,source_pdf_pages,tex/1200_source_pdf.tex,requires_complete_editable_statement_and_proof,,
1201,source_pdf_pages,tex/1201_source_pdf.tex,requires_complete_editable_statement_and_proof,,
1202,source_pdf_pages,tex/1202_source_pdf.tex,requires_complete_editable_statement_and_proof,,
1203,source_pdf_pages,tex/1203_source_pdf.tex,requires_complete_editable_statement_and_proof,,
1204,source_pdf_pages,tex/1204_source_pdf.tex,requires_complete_editable_statement_and_proof,,
1205,source_pdf_pages,tex/1205_source_pdf.tex,requires_complete_editable_statement_and_proof,,
1206,source_pdf_pages,tex/1206_source_pdf.tex,requires_complete_editable_statement_and_proof,,
1207,source_pdf_pages,tex/1207_source_pdf.tex,requires_complete_editable_statement_and_proof,,
1208,source_pdf_pages,tex/1208_source_pdf.tex,requires_complete_editable_statement_and_proof,,
1209,source_pdf_pages,tex/1209_source_pdf.tex,requires_complete_editable_statement_and_proof,,
1210,source_pdf_pages,tex/1210_source_pdf.tex,requires_complete_editable_statement_and_proof,,
1211,source_pdf_pages,tex/1211_source_pdf.tex,requires_complete_editable_statement_and_proof,,
1212,source_pdf_pages,tex/1212_source_pdf.tex,requires_complete_editable_statement_and_proof,,
1213,source_pdf_pages,tex/1213_source_pdf.tex,requires_complete_editable_statement_and_proof,,
1214,source_pdf_pages,tex/1214_source_pdf.tex,requires_complete_editable_statement_and_proof,,
1215,source_pdf_pages,tex/1215_source_pdf.tex,requires_complete_editable_statement_and_proof,,
1216,source_pdf_pages,tex/1216_source_pdf.tex,requires_complete_editable_statement_and_proof,,
1217,source_pdf_pages,tex/1217_source_pdf.tex,requires_complete_editable_statement_and_proof,,
1218,source_pdf_pages,tex/1218_source_pdf.tex,requires_complete_editable_statement_and_proof,,
1219,source_pdf_pages,tex/1219_source_pdf.tex,requires_complete_editable_statement_and_proof,,
1220,source_pdf_pages,tex/1220_source_pdf.tex,requires_complete_editable_statement_and_proof,,
1221,source_pdf_pages,tex/1221_source_pdf.tex,requires_complete_editable_statement_and_proof,,
1222,source_pdf_pages,tex/1222_source_pdf.tex,requires_complete_editable_statement_and_proof,,
1223,source_pdf_pages,tex/1223_source_pdf.tex,requires_complete_editable_statement_and_proof,,
1224,source_pdf_pages,tex/1224_source_pdf.tex,requires_complete_editable_statement_and_proof,,
1225,source_pdf_pages,tex/1225_source_pdf.tex,requires_complete_editable_statement_and_proof,,
1226,source_pdf_pages,tex/1226_source_pdf.tex,requires_complete_editable_statement_and_proof,,
1227,source_pdf_pages,tex/1227_source_pdf.tex,requires_complete_editable_statement_and_proof,,
1228,source_pdf_pages,tex/1228_source_pdf.tex,requires_complete_editable_statement_and_proof,,
1229,source_pdf_pages,tex/1229_source_pdf.tex,requires_complete_editable_statement_and_proof,,
1230,source_pdf_pages,tex/1230_source_pdf.tex,requires_complete_editable_statement_and_proof,,
1231,source_pdf_pages,tex/1231_source_pdf.tex,requires_complete_editable_statement_and_proof,,
1232,source_pdf_pages,tex/1232_source_pdf.tex,requires_complete_editable_statement_and_proof,,
1233,source_pdf_pages,tex/1233_source_pdf.tex,requires_complete_editable_statement_and_proof,,
1234,source_pdf_pages,tex/1234_source_pdf.tex,requires_complete_editable_statement_and_proof,,
1235,source_pdf_pages,tex/1235_source_pdf.tex,requires_complete_editable_statement_and_proof,,
1236,source_pdf_pages,tex/1236_source_pdf.tex,requires_complete_editable_statement_and_proof,,
1237,source_pdf_pages,tex/1237_source_pdf.tex,requires_complete_editable_statement_and_proof,,
1238,source_pdf_pages,tex/1238_source_pdf.tex,requires_complete_editable_statement_and_proof,,
1239,source_pdf_pages,tex/1239_source_pdf.tex,requires_complete_editable_statement_and_proof,,
1240,source_pdf_pages,tex/1240_source_pdf.tex,requires_complete_editable_statement_and_proof,,
1241,source_pdf_pages,tex/1241_source_pdf.tex,requires_complete_editable_statement_and_proof,,
1242,source_pdf_pages,tex/1242_source_pdf.tex,requires_complete_editable_statement_and_proof,,
1243,source_pdf_pages,tex/1243_source_pdf.tex,requires_complete_editable_statement_and_proof,,
1244,source_pdf_pages,tex/1244_source_pdf.tex,requires_complete_editable_statement_and_proof,,
1245,source_pdf_pages,tex/1245_source_pdf.tex,requires_complete_editable_statement_and_proof,,
1246,source_pdf_pages,tex/1246_source_pdf.tex,requires_complete_editable_statement_and_proof,,
1247,source_pdf_pages,tex/1247_source_pdf.tex,requires_complete_editable_statement_and_proof,,
1248,source_pdf_pages,tex/1248_source_pdf.tex,requires_complete_editable_statement_and_proof,,
1249,source_pdf_pages,tex/1249_source_pdf.tex,requires_complete_editable_statement_and_proof,,
1250,source_pdf_pages,tex/1250_source_pdf.tex,requires_complete_editable_statement_and_proof,,
1251,source_pdf_pages,tex/1251_source_pdf.tex,requires_complete_editable_statement_and_proof,,
1252,source_pdf_pages,tex/1252_source_pdf.tex,requires_complete_editable_statement_and_proof,,
1253,source_pdf_pages,tex/1253_source_pdf.tex,requires_complete_editable_statement_and_proof,,
1254,source_pdf_pages,tex/1254_source_pdf.tex,requires_complete_editable_statement_and_proof,,
1255,source_pdf_pages,tex/1255_source_pdf.tex,requires_complete_editable_statement_and_proof,,
1256,source_pdf_pages,tex/1256_source_pdf.tex,requires_complete_editable_statement_and_proof,,
1257,source_pdf_pages,tex/1257_source_pdf.tex,requires_complete_editable_statement_and_proof,,
1258,source_pdf_pages,tex/1258_source_pdf.tex,requires_complete_editable_statement_and_proof,,
1259,source_pdf_pages,tex/1259_source_pdf.tex,requires_complete_editable_statement_and_proof,,
1260,source_pdf_pages,tex/1260_source_pdf.tex,requires_complete_editable_statement_and_proof,,
1261,source_pdf_pages,tex/1261_source_pdf.tex,requires_complete_editable_statement_and_proof,,
1262,source_pdf_pages,tex/1262_source_pdf.tex,requires_complete_editable_statement_and_proof,,
1263,source_pdf_pages,tex/1263_source_pdf.tex,requires_complete_editable_statement_and_proof,,
1264,source_pdf_pages,tex/1264_source_pdf.tex,requires_complete_editable_statement_and_proof,,
1265,source_pdf_pages,tex/1265_source_pdf.tex,requires_complete_editable_statement_and_proof,,
1266,source_pdf_pages,tex/1266_source_pdf.tex,requires_complete_editable_statement_and_proof,,
1267,source_pdf_pages,tex/1267_source_pdf.tex,requires_complete_editable_statement_and_proof,,
1268,source_pdf_pages,tex/1268_source_pdf.tex,requires_complete_editable_statement_and_proof,,
1269,source_pdf_pages,tex/1269_source_pdf.tex,requires_complete_editable_statement_and_proof,,
1270,native_tex,tex/1270_stacks_0D1U.tex,verified_editable_tex,items/1270_stacks_0D1U.tex,
1271,native_tex,tex/1271_stacks_032P.tex,verified_editable_tex,items/1271_stacks_032P.tex,
1272,native_tex,tex/1272_stacks_0AE0.tex,verified_editable_tex,items/1272_stacks_0AE0.tex,
1273,native_tex,tex/1273_stacks_058X.tex,verified_editable_tex,items/1273_stacks_058X.tex,
1274,native_tex,tex/1274_stacks_058K.tex,verified_editable_tex,items/1274_stacks_058K.tex,
1275,source_pdf_pages,tex/1275_source_pdf.tex,requires_complete_editable_statement_and_proof,,
1276,source_pdf_pages,tex/1276_source_pdf.tex,requires_complete_editable_statement_and_proof,,
1277,source_pdf_pages,tex/1277_source_pdf.tex,requires_complete_editable_statement_and_proof,,
1278,source_pdf_pages,tex/1278_source_pdf.tex,requires_complete_editable_statement_and_proof,,
1279,source_pdf_pages,tex/1279_source_pdf.tex,requires_complete_editable_statement_and_proof,,
1280,source_pdf_pages,tex/1280_source_pdf.tex,requires_complete_editable_statement_and_proof,,
1281,source_pdf_pages,tex/1281_source_pdf.tex,requires_complete_editable_statement_and_proof,,
1282,source_pdf_pages,tex/1282_source_pdf.tex,requires_complete_editable_statement_and_proof,,
1283,source_pdf_pages,tex/1283_source_pdf.tex,requires_complete_editable_statement_and_proof,,
1284,source_pdf_pages,tex/1284_source_pdf.tex,requires_complete_editable_statement_and_proof,,
1285,source_pdf_pages,tex/1285_source_pdf.tex,requires_complete_editable_statement_and_proof,,
1286,source_pdf_pages,tex/1286_source_pdf.tex,requires_complete_editable_statement_and_proof,,
1287,source_pdf_pages,tex/1287_source_pdf.tex,requires_complete_editable_statement_and_proof,,
1288,source_pdf_pages,tex/1288_source_pdf.tex,requires_complete_editable_statement_and_proof,,
1289,source_pdf_pages,tex/1289_source_pdf.tex,requires_complete_editable_statement_and_proof,,
1290,source_pdf_pages,tex/1290_source_pdf.tex,requires_complete_editable_statement_and_proof,,
1291,source_pdf_pages,tex/1291_source_pdf.tex,requires_complete_editable_statement_and_proof,,
1292,source_pdf_pages,tex/1292_source_pdf.tex,requires_complete_editable_statement_and_proof,,
1293,source_pdf_pages,tex/1293_source_pdf.tex,requires_complete_editable_statement_and_proof,,
1294,source_pdf_pages,tex/1294_source_pdf.tex,requires_complete_editable_statement_and_proof,,
1295,source_pdf_pages,tex/1295_source_pdf.tex,requires_complete_editable_statement_and_proof,,
1296,source_pdf_pages,tex/1296_source_pdf.tex,requires_complete_editable_statement_and_proof,,
1297,source_pdf_pages,tex/1297_source_pdf.tex,requires_complete_editable_statement_and_proof,,
1298,source_pdf_pages,tex/1298_source_pdf.tex,requires_complete_editable_statement_and_proof,,
1299,source_pdf_pages,tex/1299_source_pdf.tex,requires_complete_editable_statement_and_proof,,
1300,source_pdf_pages,tex/1300_source_pdf.tex,requires_complete_editable_statement_and_proof,,
1301,source_pdf_pages,tex/1301_source_pdf.tex,requires_complete_editable_statement_and_proof,,
1302,source_pdf_pages,tex/1302_source_pdf.tex,requires_complete_editable_statement_and_proof,,
1303,source_pdf_pages,tex/1303_source_pdf.tex,requires_complete_editable_statement_and_proof,,
1304,source_pdf_pages,tex/1304_source_pdf.tex,requires_complete_editable_statement_and_proof,,
1305,source_pdf_pages,tex/1305_source_pdf.tex,requires_complete_editable_statement_and_proof,,
1306,source_pdf_pages,tex/1306_source_pdf.tex,requires_complete_editable_statement_and_proof,,
1307,source_pdf_pages,tex/1307_source_pdf.tex,requires_complete_editable_statement_and_proof,,
1308,native_tex,tex/1308_stacks_059M.tex,verified_editable_tex,items/1308_stacks_059M.tex,
1309,native_tex,tex/1309_stacks_059X.tex,verified_editable_tex,items/1309_stacks_059X.tex,
1310,native_tex,tex/1310_stacks_00N1.tex,verified_editable_tex,items/1310_stacks_00N1.tex,
1311,native_tex,tex/1311_stacks_05D6.tex,verified_editable_tex,items/1311_stacks_05D6.tex,
1312,source_pdf_pages,tex/1312_source_pdf.tex,requires_complete_editable_statement_and_proof,,
1313,source_pdf_pages,tex/1313_source_pdf.tex,requires_complete_editable_statement_and_proof,,
1314,source_pdf_pages,tex/1314_source_pdf.tex,requires_complete_editable_statement_and_proof,,
1315,source_pdf_pages,tex/1315_source_pdf.tex,requires_complete_editable_statement_and_proof,,
1316,source_pdf_pages,tex/1316_source_pdf.tex,requires_complete_editable_statement_and_proof,,
1317,source_pdf_pages,tex/1317_source_pdf.tex,requires_complete_editable_statement_and_proof,,
1318,source_pdf_pages,tex/1318_source_pdf.tex,requires_complete_editable_statement_and_proof,,
1319,source_pdf_pages,tex/1319_source_pdf.tex,requires_complete_editable_statement_and_proof,,
1320,source_pdf_pages,tex/1320_source_pdf.tex,requires_complete_editable_statement_and_proof,,
1321,source_pdf_pages,tex/1321_source_pdf.tex,requires_complete_editable_statement_and_proof,,
1322,native_tex,tex/1322_stacks_0CRM.tex,verified_editable_tex,items/1322_stacks_0CRM.tex,
1323,native_tex,tex/1323_stacks_09S8.tex,verified_editable_tex,items/1323_stacks_09S8.tex,
1324,native_tex,tex/1324_stacks_03C3.tex,verified_editable_tex,items/1324_stacks_03C3.tex,
1325,native_tex,tex/1325_stacks_00UE.tex,verified_editable_tex,items/1325_stacks_00UE.tex,
1326,source_pdf_pages,tex/1326_source_pdf.tex,requires_complete_editable_statement_and_proof,,
1327,source_pdf_pages,tex/1327_source_pdf.tex,requires_complete_editable_statement_and_proof,,
1328,source_pdf_pages,tex/1328_source_pdf.tex,requires_complete_editable_statement_and_proof,,
1329,source_pdf_pages,tex/1329_source_pdf.tex,requires_complete_editable_statement_and_proof,,
1330,source_pdf_pages,tex/1330_source_pdf.tex,requires_complete_editable_statement_and_proof,,
1331,source_pdf_pages,tex/1331_source_pdf.tex,requires_complete_editable_statement_and_proof,,
1332,source_pdf_pages,tex/1332_source_pdf.tex,requires_complete_editable_statement_and_proof,,
1333,source_pdf_pages,tex/1333_source_pdf.tex,requires_complete_editable_statement_and_proof,,
1334,source_pdf_pages,tex/1334_source_pdf.tex,requires_complete_editable_statement_and_proof,,
1335,source_pdf_pages,tex/1335_source_pdf.tex,requires_complete_editable_statement_and_proof,,
1336,source_pdf_pages,tex/1336_source_pdf.tex,requires_complete_editable_statement_and_proof,,
1337,source_pdf_pages,tex/1337_source_pdf.tex,requires_complete_editable_statement_and_proof,,
1338,source_pdf_pages,tex/1338_source_pdf.tex,requires_complete_editable_statement_and_proof,,
1339,source_pdf_pages,tex/1339_source_pdf.tex,requires_complete_editable_statement_and_proof,,
1340,source_pdf_pages,tex/1340_source_pdf.tex,requires_complete_editable_statement_and_proof,,
1341,source_pdf_pages,tex/1341_source_pdf.tex,requires_complete_editable_statement_and_proof,,
1342,source_pdf_pages,tex/1342_source_pdf.tex,requires_complete_editable_statement_and_proof,,
1343,source_pdf_pages,tex/1343_source_pdf.tex,requires_complete_editable_statement_and_proof,,
1344,native_tex,tex/1344_stacks_079P.tex,verified_editable_tex,items/1344_stacks_079P.tex,
1345,source_pdf_pages,tex/1345_source_pdf.tex,requires_complete_editable_statement_and_proof,,
1346,source_pdf_pages,tex/1346_source_pdf.tex,requires_complete_editable_statement_and_proof,,
1347,source_pdf_pages,tex/1347_source_pdf.tex,requires_complete_editable_statement_and_proof,,
1348,source_pdf_pages,tex/1348_source_pdf.tex,requires_complete_editable_statement_and_proof,,
1349,source_pdf_pages,tex/1349_source_pdf.tex,requires_complete_editable_statement_and_proof,,
1350,source_pdf_pages,tex/1350_source_pdf.tex,requires_complete_editable_statement_and_proof,,
1351,source_pdf_pages,tex/1351_source_pdf.tex,requires_complete_editable_statement_and_proof,,
1352,source_pdf_pages,tex/1352_source_pdf.tex,requires_complete_editable_statement_and_proof,,
1353,source_pdf_pages,tex/1353_source_pdf.tex,requires_complete_editable_statement_and_proof,,
1354,source_pdf_pages,tex/1354_source_pdf.tex,requires_complete_editable_statement_and_proof,,
1355,source_pdf_pages,tex/1355_source_pdf.tex,requires_complete_editable_statement_and_proof,,
1356,source_pdf_pages,tex/1356_source_pdf.tex,requires_complete_editable_statement_and_proof,,
1357,source_pdf_pages,tex/1357_source_pdf.tex,requires_complete_editable_statement_and_proof,,
1358,source_pdf_pages,tex/1358_source_pdf.tex,requires_complete_editable_statement_and_proof,,
1359,source_pdf_pages,tex/1359_source_pdf.tex,requires_complete_editable_statement_and_proof,,
1360,source_pdf_pages,tex/1360_source_pdf.tex,requires_complete_editable_statement_and_proof,,
1361,source_pdf_pages,tex/1361_source_pdf.tex,requires_complete_editable_statement_and_proof,,
1362,source_pdf_pages,tex/1362_source_pdf.tex,requires_complete_editable_statement_and_proof,,
1363,source_pdf_pages,tex/1363_source_pdf.tex,requires_complete_editable_statement_and_proof,,
1364,source_pdf_pages,tex/1364_source_pdf.tex,requires_complete_editable_statement_and_proof,,
1365,source_pdf_pages,tex/1365_source_pdf.tex,requires_complete_editable_statement_and_proof,,
1366,source_pdf_pages,tex/1366_source_pdf.tex,requires_complete_editable_statement_and_proof,,
1367,source_pdf_pages,tex/1367_source_pdf.tex,requires_complete_editable_statement_and_proof,,
1368,source_pdf_pages,tex/1368_source_pdf.tex,requires_complete_editable_statement_and_proof,,
1369,source_pdf_pages,tex/1369_source_pdf.tex,requires_complete_editable_statement_and_proof,,
1370,source_pdf_pages,tex/1370_source_pdf.tex,requires_complete_editable_statement_and_proof,,
1371,source_pdf_pages,tex/1371_source_pdf.tex,requires_complete_editable_statement_and_proof,,
1372,source_pdf_pages,tex/1372_source_pdf.tex,requires_complete_editable_statement_and_proof,,
1373,source_pdf_pages,tex/1373_source_pdf.tex,requires_complete_editable_statement_and_proof,,
1374,source_pdf_pages,tex/1374_source_pdf.tex,requires_complete_editable_statement_and_proof,,
1375,source_pdf_pages,tex/1375_source_pdf.tex,requires_complete_editable_statement_and_proof,,
1376,source_pdf_pages,tex/1376_source_pdf.tex,requires_complete_editable_statement_and_proof,,
1377,source_pdf_pages,tex/1377_source_pdf.tex,requires_complete_editable_statement_and_proof,,
1378,source_pdf_pages,tex/1378_source_pdf.tex,requires_complete_editable_statement_and_proof,,
1379,source_pdf_pages,tex/1379_source_pdf.tex,requires_complete_editable_statement_and_proof,,
1380,source_pdf_pages,tex/1380_source_pdf.tex,requires_complete_editable_statement_and_proof,,
1381,source_pdf_pages,tex/1381_source_pdf.tex,requires_complete_editable_statement_and_proof,,
1382,source_pdf_pages,tex/1382_source_pdf.tex,requires_complete_editable_statement_and_proof,,
1383,native_tex,tex/1383_stacks_0F5U.tex,verified_editable_tex,items/1383_stacks_0F5U.tex,
1384,source_pdf_pages,tex/1384_source_pdf.tex,requires_complete_editable_statement_and_proof,,
1385,source_pdf_pages,tex/1385_source_pdf.tex,requires_complete_editable_statement_and_proof,,
1386,source_pdf_pages,tex/1386_source_pdf.tex,requires_complete_editable_statement_and_proof,,
1387,source_pdf_pages,tex/1387_source_pdf.tex,requires_complete_editable_statement_and_proof,,
1388,source_pdf_pages,tex/1388_source_pdf.tex,requires_complete_editable_statement_and_proof,,
1389,source_pdf_pages,tex/1389_source_pdf.tex,requires_complete_editable_statement_and_proof,,
1390,source_pdf_pages,tex/1390_source_pdf.tex,requires_complete_editable_statement_and_proof,,
1391,source_pdf_pages,tex/1391_source_pdf.tex,requires_complete_editable_statement_and_proof,,
1392,source_pdf_pages,tex/1392_source_pdf.tex,requires_complete_editable_statement_and_proof,,
1393,source_pdf_pages,tex/1393_source_pdf.tex,requires_complete_editable_statement_and_proof,,
1394,source_pdf_pages,tex/1394_source_pdf.tex,requires_complete_editable_statement_and_proof,,
1395,source_pdf_pages,tex/1395_source_pdf.tex,requires_complete_editable_statement_and_proof,,
1396,source_pdf_pages,tex/1396_source_pdf.tex,requires_complete_editable_statement_and_proof,,
1397,source_pdf_pages,tex/1397_source_pdf.tex,requires_complete_editable_statement_and_proof,,
1398,source_pdf_pages,tex/1398_source_pdf.tex,requires_complete_editable_statement_and_proof,,
1399,source_pdf_pages,tex/1399_source_pdf.tex,requires_complete_editable_statement_and_proof,,
1400,source_pdf_pages,tex/1400_source_pdf.tex,requires_complete_editable_statement_and_proof,,
1401,source_pdf_pages,tex/1401_source_pdf.tex,requires_complete_editable_statement_and_proof,,
1402,source_pdf_pages,tex/1402_source_pdf.tex,requires_complete_editable_statement_and_proof,,
1403,source_pdf_pages,tex/1403_source_pdf.tex,requires_complete_editable_statement_and_proof,,
1404,source_pdf_pages,tex/1404_source_pdf.tex,requires_complete_editable_statement_and_proof,,
1405,source_pdf_pages,tex/1405_source_pdf.tex,requires_complete_editable_statement_and_proof,,
1406,source_pdf_pages,tex/1406_source_pdf.tex,requires_complete_editable_statement_and_proof,,
1407,source_pdf_pages,tex/1407_source_pdf.tex,requires_complete_editable_statement_and_proof,,
1408,source_pdf_pages,tex/1408_source_pdf.tex,requires_complete_editable_statement_and_proof,,
1409,source_pdf_pages,tex/1409_source_pdf.tex,requires_complete_editable_statement_and_proof,,
1410,source_pdf_pages,tex/1410_source_pdf.tex,requires_complete_editable_statement_and_proof,,
1411,source_pdf_pages,tex/1411_source_pdf.tex,requires_complete_editable_statement_and_proof,,
1412,source_pdf_pages,tex/1412_source_pdf.tex,requires_complete_editable_statement_and_proof,,
1413,source_pdf_pages,tex/1413_source_pdf.tex,requires_complete_editable_statement_and_proof,,
1414,source_pdf_pages,tex/1414_source_pdf.tex,requires_complete_editable_statement_and_proof,,
1415,source_pdf_pages,tex/1415_source_pdf.tex,requires_complete_editable_statement_and_proof,,
1416,source_pdf_pages,tex/1416_source_pdf.tex,requires_complete_editable_statement_and_proof,,
1417,source_pdf_pages,tex/1417_source_pdf.tex,requires_complete_editable_statement_and_proof,,
1418,source_pdf_pages,tex/1418_source_pdf.tex,requires_complete_editable_statement_and_proof,,
1419,source_pdf_pages,tex/1419_source_pdf.tex,requires_complete_editable_statement_and_proof,,
1420,source_pdf_pages,tex/1420_source_pdf.tex,requires_complete_editable_statement_and_proof,,
1421,source_pdf_pages,tex/1421_source_pdf.tex,requires_complete_editable_statement_and_proof,,
1422,source_pdf_pages,tex/1422_source_pdf.tex,requires_complete_editable_statement_and_proof,,
1423,source_pdf_pages,tex/1423_source_pdf.tex,requires_complete_editable_statement_and_proof,,
1424,source_pdf_pages,tex/1424_source_pdf.tex,requires_complete_editable_statement_and_proof,,
1425,source_pdf_pages,tex/1425_source_pdf.tex,requires_complete_editable_statement_and_proof,,
1426,source_pdf_pages,tex/1426_source_pdf.tex,requires_complete_editable_statement_and_proof,,
1427,source_pdf_pages,tex/1427_source_pdf.tex,requires_complete_editable_statement_and_proof,,
1428,source_pdf_pages,tex/1428_source_pdf.tex,requires_complete_editable_statement_and_proof,,
1429,source_pdf_pages,tex/1429_source_pdf.tex,requires_complete_editable_statement_and_proof,,
1430,source_pdf_pages,tex/1430_source_pdf.tex,requires_complete_editable_statement_and_proof,,
1431,source_pdf_pages,tex/1431_source_pdf.tex,requires_complete_editable_statement_and_proof,,
1432,source_pdf_pages,tex/1432_source_pdf.tex,requires_complete_editable_statement_and_proof,,
1433,source_pdf_pages,tex/1433_source_pdf.tex,requires_complete_editable_statement_and_proof,,
1434,source_pdf_pages,tex/1434_source_pdf.tex,requires_complete_editable_statement_and_proof,,
1435,source_pdf_pages,tex/1435_source_pdf.tex,requires_complete_editable_statement_and_proof,,
1436,source_pdf_pages,tex/1436_source_pdf.tex,requires_complete_editable_statement_and_proof,,
1437,source_pdf_pages,tex/1437_source_pdf.tex,requires_complete_editable_statement_and_proof,,
1438,source_pdf_pages,tex/1438_source_pdf.tex,requires_complete_editable_statement_and_proof,,
1439,source_pdf_pages,tex/1439_source_pdf.tex,requires_complete_editable_statement_and_proof,,
1440,source_pdf_pages,tex/1440_source_pdf.tex,requires_complete_editable_statement_and_proof,,
1441,source_pdf_pages,tex/1441_source_pdf.tex,requires_complete_editable_statement_and_proof,,
1442,source_pdf_pages,tex/1442_source_pdf.tex,requires_complete_editable_statement_and_proof,,
1443,source_pdf_pages,tex/1443_source_pdf.tex,requires_complete_editable_statement_and_proof,,
1444,source_pdf_pages,tex/1444_source_pdf.tex,requires_complete_editable_statement_and_proof,,
1445,source_pdf_pages,tex/1445_source_pdf.tex,requires_complete_editable_statement_and_proof,,
1446,source_pdf_pages,tex/1446_source_pdf.tex,requires_complete_editable_statement_and_proof,,
1447,source_pdf_pages,tex/1447_source_pdf.tex,requires_complete_editable_statement_and_proof,,
1448,source_pdf_pages,tex/1448_source_pdf.tex,requires_complete_editable_statement_and_proof,,
1449,source_pdf_pages,tex/1449_source_pdf.tex,requires_complete_editable_statement_and_proof,,
1450,source_pdf_pages,tex/1450_source_pdf.tex,requires_complete_editable_statement_and_proof,,
1451,source_pdf_pages,tex/1451_source_pdf.tex,requires_complete_editable_statement_and_proof,,
1452,source_pdf_pages,tex/1452_source_pdf.tex,requires_complete_editable_statement_and_proof,,
1453,source_pdf_pages,tex/1453_source_pdf.tex,requires_complete_editable_statement_and_proof,,
1454,source_pdf_pages,tex/1454_source_pdf.tex,requires_complete_editable_statement_and_proof,,
1455,source_pdf_pages,tex/1455_source_pdf.tex,requires_complete_editable_statement_and_proof,,
1456,source_pdf_pages,tex/1456_source_pdf.tex,requires_complete_editable_statement_and_proof,,
1457,source_pdf_pages,tex/1457_source_pdf.tex,requires_complete_editable_statement_and_proof,,
1458,source_pdf_pages,tex/1458_source_pdf.tex,requires_complete_editable_statement_and_proof,,
1459,source_pdf_pages,tex/1459_source_pdf.tex,requires_complete_editable_statement_and_proof,,
1460,source_pdf_pages,tex/1460_source_pdf.tex,requires_complete_editable_statement_and_proof,,
1461,source_pdf_pages,tex/1461_source_pdf.tex,requires_complete_editable_statement_and_proof,,
1462,source_pdf_pages,tex/1462_source_pdf.tex,requires_complete_editable_statement_and_proof,,
1463,source_pdf_pages,tex/1463_source_pdf.tex,requires_complete_editable_statement_and_proof,,
1464,source_pdf_pages,tex/1464_source_pdf.tex,requires_complete_editable_statement_and_proof,,
1465,source_pdf_pages,tex/1465_source_pdf.tex,requires_complete_editable_statement_and_proof,,
1466,source_pdf_pages,tex/1466_source_pdf.tex,requires_complete_editable_statement_and_proof,,
1467,source_pdf_pages,tex/1467_source_pdf.tex,requires_complete_editable_statement_and_proof,,
1468,source_pdf_pages,tex/1468_source_pdf.tex,requires_complete_editable_statement_and_proof,,
1469,source_pdf_pages,tex/1469_source_pdf.tex,requires_complete_editable_statement_and_proof,,
1470,source_pdf_pages,tex/1470_source_pdf.tex,requires_complete_editable_statement_and_proof,,
1471,source_pdf_pages,tex/1471_source_pdf.tex,requires_complete_editable_statement_and_proof,,
1472,source_pdf_pages,tex/1472_source_pdf.tex,requires_complete_editable_statement_and_proof,,
1473,source_pdf_pages,tex/1473_source_pdf.tex,requires_complete_editable_statement_and_proof,,
1474,source_pdf_pages,tex/1474_source_pdf.tex,requires_complete_editable_statement_and_proof,,
1475,source_pdf_pages,tex/1475_source_pdf.tex,requires_complete_editable_statement_and_proof,,
1476,source_pdf_pages,tex/1476_source_pdf.tex,requires_complete_editable_statement_and_proof,,
1477,source_pdf_pages,tex/1477_source_pdf.tex,requires_complete_editable_statement_and_proof,,
1478,source_pdf_pages,tex/1478_source_pdf.tex,requires_complete_editable_statement_and_proof,,
1479,source_pdf_pages,tex/1479_source_pdf.tex,requires_complete_editable_statement_and_proof,,
1480,source_pdf_pages,tex/1480_source_pdf.tex,requires_complete_editable_statement_and_proof,,
1481,source_pdf_pages,tex/1481_source_pdf.tex,requires_complete_editable_statement_and_proof,,
1482,source_pdf_pages,tex/1482_source_pdf.tex,requires_complete_editable_statement_and_proof,,
1483,source_pdf_pages,tex/1483_source_pdf.tex,requires_complete_editable_statement_and_proof,,
1484,source_pdf_pages,tex/1484_source_pdf.tex,requires_complete_editable_statement_and_proof,,
1485,source_pdf_pages,tex/1485_source_pdf.tex,requires_complete_editable_statement_and_proof,,
1486,source_pdf_pages,tex/1486_source_pdf.tex,requires_complete_editable_statement_and_proof,,
1487,source_pdf_pages,tex/1487_source_pdf.tex,requires_complete_editable_statement_and_proof,,
1488,source_pdf_pages,tex/1488_source_pdf.tex,requires_complete_editable_statement_and_proof,,
1489,source_pdf_pages,tex/1489_source_pdf.tex,requires_complete_editable_statement_and_proof,,
1490,source_pdf_pages,tex/1490_source_pdf.tex,requires_complete_editable_statement_and_proof,,
1491,source_pdf_pages,tex/1491_source_pdf.tex,requires_complete_editable_statement_and_proof,,
1492,source_pdf_pages,tex/1492_source_pdf.tex,requires_complete_editable_statement_and_proof,,
1493,source_pdf_pages,tex/1493_source_pdf.tex,requires_complete_editable_statement_and_proof,,
1494,source_pdf_pages,tex/1494_source_pdf.tex,requires_complete_editable_statement_and_proof,,
1495,source_pdf_pages,tex/1495_source_pdf.tex,requires_complete_editable_statement_and_proof,,
1496,source_pdf_pages,tex/1496_source_pdf.tex,requires_complete_editable_statement_and_proof,,
1497,source_pdf_pages,tex/1497_source_pdf.tex,requires_complete_editable_statement_and_proof,,
1498,source_pdf_pages,tex/1498_source_pdf.tex,requires_complete_editable_statement_and_proof,,
1499,source_pdf_pages,tex/1499_source_pdf.tex,requires_complete_editable_statement_and_proof,,
1500,source_pdf_pages,tex/1500_source_pdf.tex,requires_complete_editable_statement_and_proof,,
1501,source_pdf_pages,tex/1501_source_pdf.tex,requires_complete_editable_statement_and_proof,,
1502,source_pdf_pages,tex/1502_source_pdf.tex,requires_complete_editable_statement_and_proof,,
1503,source_pdf_pages,tex/1503_source_pdf.tex,requires_complete_editable_statement_and_proof,,
1504,source_pdf_pages,tex/1504_source_pdf.tex,requires_complete_editable_statement_and_proof,,
1505,source_pdf_pages,tex/1505_source_pdf.tex,requires_complete_editable_statement_and_proof,,
1506,source_pdf_pages,tex/1506_source_pdf.tex,requires_complete_editable_statement_and_proof,,
1507,source_pdf_pages,tex/1507_source_pdf.tex,requires_complete_editable_statement_and_proof,,
1508,source_pdf_pages,tex/1508_source_pdf.tex,requires_complete_editable_statement_and_proof,,
1509,native_tex,tex/1509_stacks_05A9.tex,verified_editable_tex,items/1509_stacks_05A9.tex,
1510,native_tex,tex/1510_stacks_05IK.tex,verified_editable_tex,items/1510_stacks_05IK.tex,
1511,native_tex,tex/1511_stacks_05MD.tex,verified_editable_tex,items/1511_stacks_05MD.tex,
1512,native_tex,tex/1512_stacks_05PF.tex,verified_editable_tex,items/1512_stacks_05PF.tex,
1513,native_tex,tex/1513_stacks_05PG.tex,verified_editable_tex,items/1513_stacks_05PG.tex,
1514,native_tex,tex/1514_stacks_05UG.tex,verified_editable_tex,items/1514_stacks_05UG.tex,
1515,native_tex,tex/1515_stacks_0815.tex,verified_editable_tex,items/1515_stacks_0815.tex,
1516,source_pdf_pages,tex/1516_source_pdf.tex,requires_complete_editable_statement_and_proof,,
1517,source_pdf_pages,tex/1517_source_pdf.tex,requires_complete_editable_statement_and_proof,,
1518,source_pdf_pages,tex/1518_source_pdf.tex,requires_complete_editable_statement_and_proof,,
1519,source_pdf_pages,tex/1519_source_pdf.tex,requires_complete_editable_statement_and_proof,,
1520,source_pdf_pages,tex/1520_source_pdf.tex,requires_complete_editable_statement_and_proof,,
1521,source_pdf_pages,tex/1521_source_pdf.tex,requires_complete_editable_statement_and_proof,,
1522,source_pdf_pages,tex/1522_source_pdf.tex,requires_complete_editable_statement_and_proof,,
1523,source_pdf_pages,tex/1523_source_pdf.tex,requires_complete_editable_statement_and_proof,,
1524,source_pdf_pages,tex/1524_source_pdf.tex,requires_complete_editable_statement_and_proof,,
1525,source_pdf_pages,tex/1525_source_pdf.tex,requires_complete_editable_statement_and_proof,,
1526,source_pdf_pages,tex/1526_source_pdf.tex,requires_complete_editable_statement_and_proof,,
1527,source_pdf_pages,tex/1527_source_pdf.tex,requires_complete_editable_statement_and_proof,,
1528,source_pdf_pages,tex/1528_source_pdf.tex,requires_complete_editable_statement_and_proof,,
1529,source_pdf_pages,tex/1529_source_pdf.tex,requires_complete_editable_statement_and_proof,,
1530,source_pdf_pages,tex/1530_source_pdf.tex,requires_complete_editable_statement_and_proof,,
1531,source_pdf_pages,tex/1531_source_pdf.tex,requires_complete_editable_statement_and_proof,,
1532,source_pdf_pages,tex/1532_source_pdf.tex,requires_complete_editable_statement_and_proof,,
1533,source_pdf_pages,tex/1533_source_pdf.tex,requires_complete_editable_statement_and_proof,,
1534,source_pdf_pages,tex/1534_source_pdf.tex,requires_complete_editable_statement_and_proof,,
1535,source_pdf_pages,tex/1535_source_pdf.tex,requires_complete_editable_statement_and_proof,,
1536,source_pdf_pages,tex/1536_source_pdf.tex,requires_complete_editable_statement_and_proof,,
1537,source_pdf_pages,tex/1537_source_pdf.tex,requires_complete_editable_statement_and_proof,,
1538,source_pdf_pages,tex/1538_source_pdf.tex,requires_complete_editable_statement_and_proof,,
1539,source_pdf_pages,tex/1539_source_pdf.tex,requires_complete_editable_statement_and_proof,,
1540,source_pdf_pages,tex/1540_source_pdf.tex,requires_complete_editable_statement_and_proof,,
1541,source_pdf_pages,tex/1541_source_pdf.tex,requires_complete_editable_statement_and_proof,,
1542,source_pdf_pages,tex/1542_source_pdf.tex,requires_complete_editable_statement_and_proof,,
1543,source_pdf_pages,tex/1543_source_pdf.tex,requires_complete_editable_statement_and_proof,,
1544,source_pdf_pages,tex/1544_source_pdf.tex,requires_complete_editable_statement_and_proof,,
1545,source_pdf_pages,tex/1545_source_pdf.tex,requires_complete_editable_statement_and_proof,,
1546,source_pdf_pages,tex/1546_source_pdf.tex,requires_complete_editable_statement_and_proof,,
1547,native_tex,tex/1547_stacks_0F41.tex,verified_editable_tex,items/1547_stacks_0F41.tex,
1548,native_tex,tex/1548_stacks_0ETR.tex,verified_editable_tex,items/1548_stacks_0ETR.tex,
1549,native_tex,tex/1549_stacks_0EXF.tex,verified_editable_tex,items/1549_stacks_0EXF.tex,
1550,source_pdf_pages,tex/1550_source_pdf.tex,requires_complete_editable_statement_and_proof,,
1551,source_pdf_pages,tex/1551_source_pdf.tex,requires_complete_editable_statement_and_proof,,
1552,source_pdf_pages,tex/1552_source_pdf.tex,requires_complete_editable_statement_and_proof,,
1553,source_pdf_pages,tex/1553_source_pdf.tex,requires_complete_editable_statement_and_proof,,
1554,source_pdf_pages,tex/1554_source_pdf.tex,requires_complete_editable_statement_and_proof,,
1555,source_pdf_pages,tex/1555_source_pdf.tex,requires_complete_editable_statement_and_proof,,
1556,source_pdf_pages,tex/1556_source_pdf.tex,requires_complete_editable_statement_and_proof,,
1557,source_pdf_pages,tex/1557_source_pdf.tex,requires_complete_editable_statement_and_proof,,
1558,source_pdf_pages,tex/1558_source_pdf.tex,requires_complete_editable_statement_and_proof,,
1559,source_pdf_pages,tex/1559_source_pdf.tex,requires_complete_editable_statement_and_proof,,
1560,source_pdf_pages,tex/1560_source_pdf.tex,requires_complete_editable_statement_and_proof,,
1561,source_pdf_pages,tex/1561_source_pdf.tex,requires_complete_editable_statement_and_proof,,
1562,source_pdf_pages,tex/1562_source_pdf.tex,requires_complete_editable_statement_and_proof,,
1563,source_pdf_pages,tex/1563_source_pdf.tex,requires_complete_editable_statement_and_proof,,
1564,source_pdf_pages,tex/1564_source_pdf.tex,requires_complete_editable_statement_and_proof,,
1565,source_pdf_pages,tex/1565_source_pdf.tex,requires_complete_editable_statement_and_proof,,
1566,source_pdf_pages,tex/1566_source_pdf.tex,requires_complete_editable_statement_and_proof,,
1567,source_pdf_pages,tex/1567_source_pdf.tex,requires_complete_editable_statement_and_proof,,
1568,source_pdf_pages,tex/1568_source_pdf.tex,requires_complete_editable_statement_and_proof,,
1569,source_pdf_pages,tex/1569_source_pdf.tex,requires_complete_editable_statement_and_proof,,
1570,source_pdf_pages,tex/1570_source_pdf.tex,requires_complete_editable_statement_and_proof,,
1571,source_pdf_pages,tex/1571_source_pdf.tex,requires_complete_editable_statement_and_proof,,
1572,source_pdf_pages,tex/1572_source_pdf.tex,requires_complete_editable_statement_and_proof,,
1573,source_pdf_pages,tex/1573_source_pdf.tex,requires_complete_editable_statement_and_proof,,
1574,source_pdf_pages,tex/1574_source_pdf.tex,requires_complete_editable_statement_and_proof,,
1575,source_pdf_pages,tex/1575_source_pdf.tex,requires_complete_editable_statement_and_proof,,
1576,source_pdf_pages,tex/1576_source_pdf.tex,requires_complete_editable_statement_and_proof,,
1577,source_pdf_pages,tex/1577_source_pdf.tex,requires_complete_editable_statement_and_proof,,
1578,source_pdf_pages,tex/1578_source_pdf.tex,requires_complete_editable_statement_and_proof,,
1579,source_pdf_pages,tex/1579_source_pdf.tex,requires_complete_editable_statement_and_proof,,
1580,source_pdf_pages,tex/1580_source_pdf.tex,requires_complete_editable_statement_and_proof,,
1581,source_pdf_pages,tex/1581_source_pdf.tex,requires_complete_editable_statement_and_proof,,
1582,source_pdf_pages,tex/1582_source_pdf.tex,requires_complete_editable_statement_and_proof,,
1583,source_pdf_pages,tex/1583_source_pdf.tex,requires_complete_editable_statement_and_proof,,
1584,source_pdf_pages,tex/1584_source_pdf.tex,requires_complete_editable_statement_and_proof,,
1585,source_pdf_pages,tex/1585_source_pdf.tex,requires_complete_editable_statement_and_proof,,
1586,source_pdf_pages,tex/1586_source_pdf.tex,requires_complete_editable_statement_and_proof,,
1587,source_pdf_pages,tex/1587_source_pdf.tex,requires_complete_editable_statement_and_proof,,
1588,source_pdf_pages,tex/1588_source_pdf.tex,requires_complete_editable_statement_and_proof,,
1589,source_pdf_pages,tex/1589_source_pdf.tex,requires_complete_editable_statement_and_proof,,
1590,source_pdf_pages,tex/1590_source_pdf.tex,requires_complete_editable_statement_and_proof,,
1591,source_pdf_pages,tex/1591_source_pdf.tex,requires_complete_editable_statement_and_proof,,
1592,source_pdf_pages,tex/1592_source_pdf.tex,requires_complete_editable_statement_and_proof,,
1593,source_pdf_pages,tex/1593_source_pdf.tex,requires_complete_editable_statement_and_proof,,
1594,source_pdf_pages,tex/1594_source_pdf.tex,requires_complete_editable_statement_and_proof,,
1595,source_pdf_pages,tex/1595_source_pdf.tex,requires_complete_editable_statement_and_proof,,
1596,source_pdf_pages,tex/1596_source_pdf.tex,requires_complete_editable_statement_and_proof,,
1597,source_pdf_pages,tex/1597_source_pdf.tex,requires_complete_editable_statement_and_proof,,
1598,source_pdf_pages,tex/1598_source_pdf.tex,requires_complete_editable_statement_and_proof,,
1599,source_pdf_pages,tex/1599_source_pdf.tex,requires_complete_editable_statement_and_proof,,
1600,source_pdf_pages,tex/1600_source_pdf.tex,requires_complete_editable_statement_and_proof,,
1601,source_pdf_pages,tex/1601_source_pdf.tex,requires_complete_editable_statement_and_proof,,
1602,source_pdf_pages,tex/1602_source_pdf.tex,requires_complete_editable_statement_and_proof,,
1603,source_pdf_pages,tex/1603_source_pdf.tex,requires_complete_editable_statement_and_proof,,
1604,source_pdf_pages,tex/1604_source_pdf.tex,requires_complete_editable_statement_and_proof,,
1605,source_pdf_pages,tex/1605_source_pdf.tex,requires_complete_editable_statement_and_proof,,
1606,source_pdf_pages,tex/1606_source_pdf.tex,requires_complete_editable_statement_and_proof,,
1607,source_pdf_pages,tex/1607_source_pdf.tex,requires_complete_editable_statement_and_proof,,
1608,source_pdf_pages,tex/1608_source_pdf.tex,requires_complete_editable_statement_and_proof,,
1609,source_pdf_pages,tex/1609_source_pdf.tex,requires_complete_editable_statement_and_proof,,
1610,source_pdf_pages,tex/1610_source_pdf.tex,requires_complete_editable_statement_and_proof,,
1611,source_pdf_pages,tex/1611_source_pdf.tex,requires_complete_editable_statement_and_proof,,
1612,source_pdf_pages,tex/1612_source_pdf.tex,requires_complete_editable_statement_and_proof,,
1613,source_pdf_pages,tex/1613_source_pdf.tex,requires_complete_editable_statement_and_proof,,
1614,source_pdf_pages,tex/1614_source_pdf.tex,requires_complete_editable_statement_and_proof,,
1615,source_pdf_pages,tex/1615_source_pdf.tex,requires_complete_editable_statement_and_proof,,
1616,source_pdf_pages,tex/1616_source_pdf.tex,requires_complete_editable_statement_and_proof,,
1617,source_pdf_pages,tex/1617_source_pdf.tex,verified_editable_tex,items/1617_author_proof.tex,
1618,source_pdf_pages,tex/1618_source_pdf.tex,verified_editable_tex,items/1618_author_proof.tex,
1619,source_pdf_pages,tex/1619_source_pdf.tex,verified_editable_tex,items/1619_author_proof.tex,
1620,source_pdf_pages,tex/1620_source_pdf.tex,verified_editable_tex,items/1620_author_proof.tex,
1621,source_pdf_pages,tex/1621_source_pdf.tex,verified_editable_tex,items/1621_author_proof.tex,
1622,source_pdf_pages,tex/1622_source_pdf.tex,verified_editable_tex,items/1622_author_proof.tex,
1623,source_pdf_pages,tex/1623_source_pdf.tex,requires_complete_editable_statement_and_proof,,
1624,source_pdf_pages,tex/1624_source_pdf.tex,requires_complete_editable_statement_and_proof,,
1625,source_pdf_pages,tex/1625_source_pdf.tex,requires_complete_editable_statement_and_proof,,
1626,native_tex,tex/1626_stacks_00OC.tex,verified_editable_tex,items/1626_stacks_00OC.tex,
1627,native_tex,tex/1627_stacks_0BHZ.tex,verified_editable_tex,items/1627_stacks_0BHZ.tex,
1628,native_tex,tex/1628_stacks_00R7.tex,verified_editable_tex,items/1628_stacks_00R7.tex,
1629,native_tex,tex/1629_stacks_04EB.tex,verified_editable_tex,items/1629_stacks_04EB.tex,
1630,source_pdf_pages,tex/1630_source_pdf.tex,requires_complete_editable_statement_and_proof,,
1631,source_pdf_pages,tex/1631_source_pdf.tex,requires_complete_editable_statement_and_proof,,
1632,source_pdf_pages,tex/1632_source_pdf.tex,requires_complete_editable_statement_and_proof,,
1633,source_pdf_pages,tex/1633_source_pdf.tex,requires_complete_editable_statement_and_proof,,
1634,source_pdf_pages,tex/1634_source_pdf.tex,requires_complete_editable_statement_and_proof,,
1635,source_pdf_pages,tex/1635_source_pdf.tex,requires_complete_editable_statement_and_proof,,
1636,source_pdf_pages,tex/1636_source_pdf.tex,requires_complete_editable_statement_and_proof,,
1637,source_pdf_pages,tex/1637_source_pdf.tex,requires_complete_editable_statement_and_proof,,
1638,source_pdf_pages,tex/1638_source_pdf.tex,requires_complete_editable_statement_and_proof,,
1639,source_pdf_pages,tex/1639_source_pdf.tex,requires_complete_editable_statement_and_proof,,
1640,source_pdf_pages,tex/1640_source_pdf.tex,requires_complete_editable_statement_and_proof,,
1641,source_pdf_pages,tex/1641_source_pdf.tex,requires_complete_editable_statement_and_proof,,
1642,source_pdf_pages,tex/1642_source_pdf.tex,requires_complete_editable_statement_and_proof,,
1643,source_pdf_pages,tex/1643_source_pdf.tex,requires_complete_editable_statement_and_proof,,
1644,source_pdf_pages,tex/1644_source_pdf.tex,requires_complete_editable_statement_and_proof,,
1645,source_pdf_pages,tex/1645_source_pdf.tex,requires_complete_editable_statement_and_proof,,
1646,source_pdf_pages,tex/1646_source_pdf.tex,requires_complete_editable_statement_and_proof,,
1647,source_pdf_pages,tex/1647_source_pdf.tex,requires_complete_editable_statement_and_proof,,
1648,source_pdf_pages,tex/1648_source_pdf.tex,requires_complete_editable_statement_and_proof,,
1649,source_pdf_pages,tex/1649_source_pdf.tex,requires_complete_editable_statement_and_proof,,
1650,source_pdf_pages,tex/1650_source_pdf.tex,requires_complete_editable_statement_and_proof,,
1651,source_pdf_pages,tex/1651_source_pdf.tex,verified_editable_tex,items/1651_author_proof.tex,
1652,source_pdf_pages,tex/1652_source_pdf.tex,verified_editable_tex,items/1652_author_proof.tex,
1653,source_pdf_pages,tex/1653_source_pdf.tex,verified_editable_tex,items/1653_author_proof.tex,
1654,source_pdf_pages,tex/1654_source_pdf.tex,verified_editable_tex,items/1654_author_proof.tex,
1655,source_pdf_pages,tex/1655_source_pdf.tex,verified_editable_tex,items/1655_author_proof.tex,
1656,source_pdf_pages,tex/1656_source_pdf.tex,verified_editable_tex,items/1656_author_proof.tex,
1657,source_pdf_pages,tex/1657_source_pdf.tex,verified_editable_tex,items/1657_author_proof.tex,
1658,source_pdf_pages,tex/1658_source_pdf.tex,verified_editable_tex,items/1658_author_proof.tex,
1659,source_pdf_pages,tex/1659_source_pdf.tex,verified_editable_tex,items/1659_author_proof.tex,
1660,source_pdf_pages,tex/1660_source_pdf.tex,verified_editable_tex,items/1660_author_proof.tex,
1661,source_pdf_pages,tex/1661_source_pdf.tex,requires_complete_editable_statement_and_proof,,
1662,source_pdf_pages,tex/1662_source_pdf.tex,requires_complete_editable_statement_and_proof,,
1663,source_pdf_pages,tex/1663_source_pdf.tex,requires_complete_editable_statement_and_proof,,
1664,source_pdf_pages,tex/1664_source_pdf.tex,requires_complete_editable_statement_and_proof,,
1665,source_pdf_pages,tex/1665_source_pdf.tex,requires_complete_editable_statement_and_proof,,
1666,native_tex,tex/1666_stacks_07RN.tex,verified_editable_tex,items/1666_stacks_07RN.tex,
1667,native_tex,tex/1667_stacks_01ZM.tex,verified_editable_tex,items/1667_stacks_01ZM.tex,
1668,native_tex,tex/1668_stacks_0208.tex,verified_editable_tex,items/1668_stacks_0208.tex,
1669,native_tex,tex/1669_stacks_0CNR.tex,verified_editable_tex,items/1669_stacks_0CNR.tex,
1670,source_pdf_pages,tex/1670_source_pdf.tex,requires_complete_editable_statement_and_proof,,
1671,source_pdf_pages,tex/1671_source_pdf.tex,requires_complete_editable_statement_and_proof,,
1672,source_pdf_pages,tex/1672_source_pdf.tex,requires_complete_editable_statement_and_proof,,
1673,source_pdf_pages,tex/1673_source_pdf.tex,requires_complete_editable_statement_and_proof,,
1674,source_pdf_pages,tex/1674_source_pdf.tex,requires_complete_editable_statement_and_proof,,
1675,source_pdf_pages,tex/1675_source_pdf.tex,requires_complete_editable_statement_and_proof,,
1676,source_pdf_pages,tex/1676_source_pdf.tex,requires_complete_editable_statement_and_proof,,
1677,source_pdf_pages,tex/1677_source_pdf.tex,requires_complete_editable_statement_and_proof,,
1678,source_pdf_pages,tex/1678_source_pdf.tex,requires_complete_editable_statement_and_proof,,
1679,source_pdf_pages,tex/1679_source_pdf.tex,requires_complete_editable_statement_and_proof,,
1680,source_pdf_pages,tex/1680_source_pdf.tex,requires_complete_editable_statement_and_proof,,
1681,source_pdf_pages,tex/1681_source_pdf.tex,requires_complete_editable_statement_and_proof,,
1682,source_pdf_pages,tex/1682_source_pdf.tex,requires_complete_editable_statement_and_proof,,
1683,source_pdf_pages,tex/1683_source_pdf.tex,requires_complete_editable_statement_and_proof,,
1684,source_pdf_pages,tex/1684_source_pdf.tex,requires_complete_editable_statement_and_proof,,
1685,source_pdf_pages,tex/1685_source_pdf.tex,requires_complete_editable_statement_and_proof,,
1686,source_pdf_pages,tex/1686_source_pdf.tex,requires_complete_editable_statement_and_proof,,
1687,source_pdf_pages,tex/1687_source_pdf.tex,requires_complete_editable_statement_and_proof,,
1688,source_pdf_pages,tex/1688_source_pdf.tex,requires_complete_editable_statement_and_proof,,
1689,source_pdf_pages,tex/1689_source_pdf.tex,requires_complete_editable_statement_and_proof,,
1690,source_pdf_pages,tex/1690_source_pdf.tex,requires_complete_editable_statement_and_proof,,
1691,source_pdf_pages,tex/1691_source_pdf.tex,requires_complete_editable_statement_and_proof,,
1692,source_pdf_pages,tex/1692_source_pdf.tex,requires_complete_editable_statement_and_proof,,
1693,source_pdf_pages,tex/1693_source_pdf.tex,requires_complete_editable_statement_and_proof,,
1694,source_pdf_pages,tex/1694_source_pdf.tex,requires_complete_editable_statement_and_proof,,
1695,source_pdf_pages,tex/1695_source_pdf.tex,requires_complete_editable_statement_and_proof,,
1696,source_pdf_pages,tex/1696_source_pdf.tex,requires_complete_editable_statement_and_proof,,
1697,source_pdf_pages,tex/1697_source_pdf.tex,requires_complete_editable_statement_and_proof,,
1698,source_pdf_pages,tex/1698_source_pdf.tex,verified_editable_tex,items/1698_author_proof.tex,
1699,source_pdf_pages,tex/1699_source_pdf.tex,verified_editable_tex,items/1699_author_proof.tex,
1700,source_pdf_pages,tex/1700_source_pdf.tex,verified_editable_tex,items/1700_author_proof.tex,
1701,source_pdf_pages,tex/1701_source_pdf.tex,verified_editable_tex,items/1701_author_proof.tex,
1702,source_pdf_pages,tex/1702_source_pdf.tex,verified_editable_tex,items/1702_author_proof.tex,
1703,source_pdf_pages,tex/1703_source_pdf.tex,verified_editable_tex,items/1703_author_proof.tex,
1704,source_pdf_pages,tex/1704_source_pdf.tex,requires_complete_editable_statement_and_proof,,
1705,source_pdf_pages,tex/1705_source_pdf.tex,requires_complete_editable_statement_and_proof,,
1706,source_pdf_pages,tex/1706_source_pdf.tex,requires_complete_editable_statement_and_proof,,
1707,source_pdf_pages,tex/1707_source_pdf.tex,requires_complete_editable_statement_and_proof,,
1708,source_pdf_pages,tex/1708_source_pdf.tex,requires_complete_editable_statement_and_proof,,
1709,source_pdf_pages,tex/1709_source_pdf.tex,requires_complete_editable_statement_and_proof,,
1710,source_pdf_pages,tex/1710_source_pdf.tex,requires_complete_editable_statement_and_proof,,
1711,source_pdf_pages,tex/1711_source_pdf.tex,requires_complete_editable_statement_and_proof,,
1712,source_pdf_pages,tex/1712_source_pdf.tex,requires_complete_editable_statement_and_proof,,
1713,source_pdf_pages,tex/1713_source_pdf.tex,requires_complete_editable_statement_and_proof,,
1714,source_pdf_pages,tex/1714_source_pdf.tex,requires_complete_editable_statement_and_proof,,
1715,source_pdf_pages,tex/1715_source_pdf.tex,requires_complete_editable_statement_and_proof,,
1716,source_pdf_pages,tex/1716_source_pdf.tex,requires_complete_editable_statement_and_proof,,
1717,source_pdf_pages,tex/1717_source_pdf.tex,requires_complete_editable_statement_and_proof,,
1718,source_pdf_pages,tex/1718_source_pdf.tex,requires_complete_editable_statement_and_proof,,
1719,source_pdf_pages,tex/1719_source_pdf.tex,requires_complete_editable_statement_and_proof,,
1720,source_pdf_pages,tex/1720_source_pdf.tex,requires_complete_editable_statement_and_proof,,
1721,source_pdf_pages,tex/1721_source_pdf.tex,requires_complete_editable_statement_and_proof,,
1722,source_pdf_pages,tex/1722_source_pdf.tex,requires_complete_editable_statement_and_proof,,
1723,source_pdf_pages,tex/1723_source_pdf.tex,requires_complete_editable_statement_and_proof,,
1724,source_pdf_pages,tex/1724_source_pdf.tex,requires_complete_editable_statement_and_proof,,
1725,source_pdf_pages,tex/1725_source_pdf.tex,requires_complete_editable_statement_and_proof,,
1726,source_pdf_pages,tex/1726_source_pdf.tex,requires_complete_editable_statement_and_proof,,
1727,source_pdf_pages,tex/1727_source_pdf.tex,requires_complete_editable_statement_and_proof,,
1728,source_pdf_pages,tex/1728_source_pdf.tex,requires_complete_editable_statement_and_proof,,
1729,source_pdf_pages,tex/1729_source_pdf.tex,requires_complete_editable_statement_and_proof,,
1730,source_pdf_pages,tex/1730_source_pdf.tex,requires_complete_editable_statement_and_proof,,
1731,source_pdf_pages,tex/1731_source_pdf.tex,requires_complete_editable_statement_and_proof,,
1732,source_pdf_pages,tex/1732_source_pdf.tex,requires_complete_editable_statement_and_proof,,
1733,source_pdf_pages,tex/1733_source_pdf.tex,requires_complete_editable_statement_and_proof,,
1734,source_pdf_pages,tex/1734_source_pdf.tex,requires_complete_editable_statement_and_proof,,
1735,source_pdf_pages,tex/1735_source_pdf.tex,requires_complete_editable_statement_and_proof,,
1736,source_pdf_pages,tex/1736_source_pdf.tex,verified_editable_tex,items/1736_author_proof.tex,
1737,source_pdf_pages,tex/1737_source_pdf.tex,verified_editable_tex,items/1737_author_proof.tex,
1738,source_pdf_pages,tex/1738_source_pdf.tex,verified_editable_tex,items/1738_author_proof.tex,
1739,source_pdf_pages,tex/1739_source_pdf.tex,requires_complete_editable_statement_and_proof,,
1740,source_pdf_pages,tex/1740_source_pdf.tex,requires_complete_editable_statement_and_proof,,
1741,source_pdf_pages,tex/1741_source_pdf.tex,requires_complete_editable_statement_and_proof,,
1742,native_tex,tex/1742_stacks_03BM.tex,verified_editable_tex,items/1742_stacks_03BM.tex,
1743,native_tex,tex/1743_stacks_07SU.tex,verified_editable_tex,items/1743_stacks_07SU.tex,
1744,native_tex,tex/1744_stacks_07E5.tex,verified_editable_tex,items/1744_stacks_07E5.tex,
1745,native_tex,tex/1745_stacks_0CKU.tex,verified_editable_tex,items/1745_stacks_0CKU.tex,
1746,native_tex,tex/1746_stacks_06DM.tex,verified_editable_tex,items/1746_stacks_06DM.tex,
1747,native_tex,tex/1747_stacks_08Z9.tex,verified_editable_tex,items/1747_stacks_08Z9.tex,
1748,source_pdf_pages,tex/1748_source_pdf.tex,requires_complete_editable_statement_and_proof,,
1749,source_pdf_pages,tex/1749_source_pdf.tex,requires_complete_editable_statement_and_proof,,
1750,source_pdf_pages,tex/1750_source_pdf.tex,requires_complete_editable_statement_and_proof,,
1751,source_pdf_pages,tex/1751_source_pdf.tex,requires_complete_editable_statement_and_proof,,
1752,source_pdf_pages,tex/1752_source_pdf.tex,requires_complete_editable_statement_and_proof,,
1753,source_pdf_pages,tex/1753_source_pdf.tex,requires_complete_editable_statement_and_proof,,
1754,source_pdf_pages,tex/1754_source_pdf.tex,requires_complete_editable_statement_and_proof,,
1755,source_pdf_pages,tex/1755_source_pdf.tex,requires_complete_editable_statement_and_proof,,
1756,source_pdf_pages,tex/1756_source_pdf.tex,requires_complete_editable_statement_and_proof,,
1757,source_pdf_pages,tex/1757_source_pdf.tex,requires_complete_editable_statement_and_proof,,
1758,source_pdf_pages,tex/1758_source_pdf.tex,requires_complete_editable_statement_and_proof,,
1759,source_pdf_pages,tex/1759_source_pdf.tex,requires_complete_editable_statement_and_proof,,
1760,source_pdf_pages,tex/1760_source_pdf.tex,requires_complete_editable_statement_and_proof,,
1761,source_pdf_pages,tex/1761_source_pdf.tex,requires_complete_editable_statement_and_proof,,
1762,source_pdf_pages,tex/1762_source_pdf.tex,requires_complete_editable_statement_and_proof,,
1763,source_pdf_pages,tex/1763_source_pdf.tex,requires_complete_editable_statement_and_proof,,
1764,source_pdf_pages,tex/1764_source_pdf.tex,requires_complete_editable_statement_and_proof,,
1765,source_pdf_pages,tex/1765_source_pdf.tex,verified_editable_tex,items/1765_author_proof.tex,
1766,source_pdf_pages,tex/1766_source_pdf.tex,verified_editable_tex,items/1766_author_proof.tex,
1767,source_pdf_pages,tex/1767_source_pdf.tex,verified_editable_tex,items/1767_author_proof.tex,
1768,source_pdf_pages,tex/1768_source_pdf.tex,verified_editable_tex,items/1768_author_proof.tex,
1769,source_pdf_pages,tex/1769_source_pdf.tex,verified_editable_tex,items/1769_author_proof.tex,
1770,source_pdf_pages,tex/1770_source_pdf.tex,verified_editable_tex,items/1770_author_proof.tex,
1771,source_pdf_pages,tex/1771_source_pdf.tex,verified_editable_tex,items/1771_author_proof.tex,
1772,source_pdf_pages,tex/1772_source_pdf.tex,verified_editable_tex,items/1772_author_proof.tex,
1773,source_pdf_pages,tex/1773_source_pdf.tex,verified_editable_tex,items/1773_author_proof.tex,
1774,source_pdf_pages,tex/1774_source_pdf.tex,requires_complete_editable_statement_and_proof,,
1775,source_pdf_pages,tex/1775_source_pdf.tex,requires_complete_editable_statement_and_proof,,
1776,source_pdf_pages,tex/1776_source_pdf.tex,requires_complete_editable_statement_and_proof,,
1777,source_pdf_pages,tex/1777_source_pdf.tex,requires_complete_editable_statement_and_proof,,
1778,source_pdf_pages,tex/1778_source_pdf.tex,requires_complete_editable_statement_and_proof,,
1779,source_pdf_pages,tex/1779_source_pdf.tex,requires_complete_editable_statement_and_proof,,
1780,source_pdf_pages,tex/1780_source_pdf.tex,requires_complete_editable_statement_and_proof,,
1781,source_pdf_pages,tex/1781_source_pdf.tex,requires_complete_editable_statement_and_proof,,
1782,source_pdf_pages,tex/1782_source_pdf.tex,requires_complete_editable_statement_and_proof,,
1783,source_pdf_pages,tex/1783_source_pdf.tex,requires_complete_editable_statement_and_proof,,
1784,source_pdf_pages,tex/1784_source_pdf.tex,verified_editable_tex,items/1784_author_proof.tex,
1785,source_pdf_pages,tex/1785_source_pdf.tex,verified_editable_tex,items/1785_author_proof.tex,
1786,source_pdf_pages,tex/1786_source_pdf.tex,verified_editable_tex,items/1786_author_proof.tex,
1787,source_pdf_pages,tex/1787_source_pdf.tex,verified_editable_tex,items/1787_author_proof.tex,
1788,source_pdf_pages,tex/1788_source_pdf.tex,requires_complete_editable_statement_and_proof,,
1789,source_pdf_pages,tex/1789_source_pdf.tex,requires_complete_editable_statement_and_proof,,
1790,source_pdf_pages,tex/1790_source_pdf.tex,requires_complete_editable_statement_and_proof,,
1791,source_pdf_pages,tex/1791_source_pdf.tex,requires_complete_editable_statement_and_proof,,
1792,source_pdf_pages,tex/1792_source_pdf.tex,requires_complete_editable_statement_and_proof,,
1793,source_pdf_pages,tex/1793_source_pdf.tex,requires_complete_editable_statement_and_proof,,
1794,source_pdf_pages,tex/1794_source_pdf.tex,requires_complete_editable_statement_and_proof,,
1795,source_pdf_pages,tex/1795_source_pdf.tex,requires_complete_editable_statement_and_proof,,
1796,source_pdf_pages,tex/1796_source_pdf.tex,requires_complete_editable_statement_and_proof,,
1797,source_pdf_pages,tex/1797_source_pdf.tex,requires_complete_editable_statement_and_proof,,
1798,source_pdf_pages,tex/1798_source_pdf.tex,requires_complete_editable_statement_and_proof,,
1799,native_tex,tex/1799_stacks_07PS.tex,verified_editable_tex,items/1799_stacks_07PS.tex,
1800,native_tex,tex/1800_stacks_05CZ.tex,verified_editable_tex,items/1800_stacks_05CZ.tex,
1801,source_pdf_pages,tex/1801_source_pdf.tex,requires_complete_editable_statement_and_proof,,
1802,source_pdf_pages,tex/1802_source_pdf.tex,requires_complete_editable_statement_and_proof,,
1803,source_pdf_pages,tex/1803_source_pdf.tex,requires_complete_editable_statement_and_proof,,
1804,source_pdf_pages,tex/1804_source_pdf.tex,requires_complete_editable_statement_and_proof,,
1805,source_pdf_pages,tex/1805_source_pdf.tex,requires_complete_editable_statement_and_proof,,
1806,source_pdf_pages,tex/1806_source_pdf.tex,requires_complete_editable_statement_and_proof,,
1807,source_pdf_pages,tex/1807_source_pdf.tex,requires_complete_editable_statement_and_proof,,
1808,source_pdf_pages,tex/1808_source_pdf.tex,requires_complete_editable_statement_and_proof,,
1809,source_pdf_pages,tex/1809_source_pdf.tex,requires_complete_editable_statement_and_proof,,
1810,source_pdf_pages,tex/1810_source_pdf.tex,requires_complete_editable_statement_and_proof,,
1811,source_pdf_pages,tex/1811_source_pdf.tex,requires_complete_editable_statement_and_proof,,
1812,source_pdf_pages,tex/1812_source_pdf.tex,requires_complete_editable_statement_and_proof,,
1813,source_pdf_pages,tex/1813_source_pdf.tex,requires_complete_editable_statement_and_proof,,
1814,source_pdf_pages,tex/1814_source_pdf.tex,requires_complete_editable_statement_and_proof,,
1815,source_pdf_pages,tex/1815_source_pdf.tex,requires_complete_editable_statement_and_proof,,
1816,source_pdf_pages,tex/1816_source_pdf.tex,requires_complete_editable_statement_and_proof,,
1817,source_pdf_pages,tex/1817_source_pdf.tex,verified_editable_tex,items/1817_author_proof.tex,
1818,source_pdf_pages,tex/1818_source_pdf.tex,verified_editable_tex,items/1818_author_proof.tex,
1819,source_pdf_pages,tex/1819_source_pdf.tex,requires_complete_editable_statement_and_proof,,
1820,source_pdf_pages,tex/1820_source_pdf.tex,requires_complete_editable_statement_and_proof,,
1821,source_pdf_pages,tex/1821_source_pdf.tex,requires_complete_editable_statement_and_proof,,
1822,source_pdf_pages,tex/1822_source_pdf.tex,requires_complete_editable_statement_and_proof,,
1823,source_pdf_pages,tex/1823_source_pdf.tex,requires_complete_editable_statement_and_proof,,
1824,source_pdf_pages,tex/1824_source_pdf.tex,requires_complete_editable_statement_and_proof,,
1825,source_pdf_pages,tex/1825_source_pdf.tex,requires_complete_editable_statement_and_proof,,
1826,source_pdf_pages,tex/1826_source_pdf.tex,requires_complete_editable_statement_and_proof,,
1827,source_pdf_pages,tex/1827_source_pdf.tex,requires_complete_editable_statement_and_proof,,
1828,source_pdf_pages,tex/1828_source_pdf.tex,requires_complete_editable_statement_and_proof,,
1829,source_pdf_pages,tex/1829_source_pdf.tex,requires_complete_editable_statement_and_proof,,
1830,source_pdf_pages,tex/1830_source_pdf.tex,requires_complete_editable_statement_and_proof,,
1831,source_pdf_pages,tex/1831_source_pdf.tex,requires_complete_editable_statement_and_proof,,
1832,source_pdf_pages,tex/1832_source_pdf.tex,requires_complete_editable_statement_and_proof,,
1833,source_pdf_pages,tex/1833_source_pdf.tex,requires_complete_editable_statement_and_proof,,
1834,source_pdf_pages,tex/1834_source_pdf.tex,requires_complete_editable_statement_and_proof,,
1835,source_pdf_pages,tex/1835_source_pdf.tex,requires_complete_editable_statement_and_proof,,
1836,source_pdf_pages,tex/1836_source_pdf.tex,requires_complete_editable_statement_and_proof,,
1837,source_pdf_pages,tex/1837_source_pdf.tex,requires_complete_editable_statement_and_proof,,
1838,source_pdf_pages,tex/1838_source_pdf.tex,requires_complete_editable_statement_and_proof,,
1839,source_pdf_pages,tex/1839_source_pdf.tex,requires_complete_editable_statement_and_proof,,
1840,source_pdf_pages,tex/1840_source_pdf.tex,requires_complete_editable_statement_and_proof,,
1841,source_pdf_pages,tex/1841_source_pdf.tex,requires_complete_editable_statement_and_proof,,
1842,source_pdf_pages,tex/1842_source_pdf.tex,requires_complete_editable_statement_and_proof,,
1843,source_pdf_pages,tex/1843_source_pdf.tex,requires_complete_editable_statement_and_proof,,
1844,source_pdf_pages,tex/1844_source_pdf.tex,requires_complete_editable_statement_and_proof,,
1845,source_pdf_pages,tex/1845_source_pdf.tex,requires_complete_editable_statement_and_proof,,
1846,source_pdf_pages,tex/1846_source_pdf.tex,requires_complete_editable_statement_and_proof,,
1847,source_pdf_pages,tex/1847_source_pdf.tex,requires_complete_editable_statement_and_proof,,
1848,source_pdf_pages,tex/1848_source_pdf.tex,requires_complete_editable_statement_and_proof,,
1849,source_pdf_pages,tex/1849_source_pdf.tex,requires_complete_editable_statement_and_proof,,
1850,source_pdf_pages,tex/1850_source_pdf.tex,requires_complete_editable_statement_and_proof,,
1851,source_pdf_pages,tex/1851_source_pdf.tex,requires_complete_editable_statement_and_proof,,
1852,source_pdf_pages,tex/1852_source_pdf.tex,requires_complete_editable_statement_and_proof,,
1853,source_pdf_pages,tex/1853_source_pdf.tex,requires_complete_editable_statement_and_proof,,
1854,source_pdf_pages,tex/1854_source_pdf.tex,requires_complete_editable_statement_and_proof,,
1855,source_pdf_pages,tex/1855_source_pdf.tex,requires_complete_editable_statement_and_proof,,
1856,source_pdf_pages,tex/1856_source_pdf.tex,requires_complete_editable_statement_and_proof,,
1857,source_pdf_pages,tex/1857_source_pdf.tex,requires_complete_editable_statement_and_proof,,
1858,source_pdf_pages,tex/1858_source_pdf.tex,requires_complete_editable_statement_and_proof,,
1859,source_pdf_pages,tex/1859_source_pdf.tex,requires_complete_editable_statement_and_proof,,
1860,source_pdf_pages,tex/1860_source_pdf.tex,requires_complete_editable_statement_and_proof,,
1861,source_pdf_pages,tex/1861_source_pdf.tex,requires_complete_editable_statement_and_proof,,
1862,source_pdf_pages,tex/1862_source_pdf.tex,requires_complete_editable_statement_and_proof,,
1863,source_pdf_pages,tex/1863_source_pdf.tex,requires_complete_editable_statement_and_proof,,
1864,source_pdf_pages,tex/1864_source_pdf.tex,requires_complete_editable_statement_and_proof,,
1865,source_pdf_pages,tex/1865_source_pdf.tex,requires_complete_editable_statement_and_proof,,
1866,source_pdf_pages,tex/1866_source_pdf.tex,requires_complete_editable_statement_and_proof,,
1867,source_pdf_pages,tex/1867_source_pdf.tex,requires_complete_editable_statement_and_proof,,
1868,source_pdf_pages,tex/1868_source_pdf.tex,requires_complete_editable_statement_and_proof,,
1869,source_pdf_pages,tex/1869_source_pdf.tex,requires_complete_editable_statement_and_proof,,
1870,source_pdf_pages,tex/1870_source_pdf.tex,requires_complete_editable_statement_and_proof,,
1871,source_pdf_pages,tex/1871_source_pdf.tex,requires_complete_editable_statement_and_proof,,
1872,source_pdf_pages,tex/1872_source_pdf.tex,requires_complete_editable_statement_and_proof,,
1873,source_pdf_pages,tex/1873_source_pdf.tex,requires_complete_editable_statement_and_proof,,
1874,source_pdf_pages,tex/1874_source_pdf.tex,requires_complete_editable_statement_and_proof,,
1875,source_pdf_pages,tex/1875_source_pdf.tex,requires_complete_editable_statement_and_proof,,
1876,source_pdf_pages,tex/1876_source_pdf.tex,requires_complete_editable_statement_and_proof,,
1877,source_pdf_pages,tex/1877_source_pdf.tex,requires_complete_editable_statement_and_proof,,
1878,source_pdf_pages,tex/1878_source_pdf.tex,requires_complete_editable_statement_and_proof,,
1879,source_pdf_pages,tex/1879_source_pdf.tex,requires_complete_editable_statement_and_proof,,
1880,source_pdf_pages,tex/1880_source_pdf.tex,requires_complete_editable_statement_and_proof,,
1881,source_pdf_pages,tex/1881_source_pdf.tex,requires_complete_editable_statement_and_proof,,
1882,source_pdf_pages,tex/1882_source_pdf.tex,verified_editable_tex,items/1882_author_proof.tex,
1883,source_pdf_pages,tex/1883_source_pdf.tex,verified_editable_tex,items/1883_author_proof.tex,
1884,source_pdf_pages,tex/1884_source_pdf.tex,verified_editable_tex,items/1884_author_proof.tex,
1885,source_pdf_pages,tex/1885_source_pdf.tex,requires_complete_editable_statement_and_proof,,
1886,source_pdf_pages,tex/1886_source_pdf.tex,verified_editable_tex,items/1886_author_proof.tex,
1887,source_pdf_pages,tex/1887_source_pdf.tex,verified_editable_tex,items/1887_author_proof.tex,
1888,source_pdf_pages,tex/1888_source_pdf.tex,verified_editable_tex,items/1888_author_proof.tex,
1889,source_pdf_pages,tex/1889_source_pdf.tex,verified_editable_tex,items/1889_author_proof.tex,
1890,source_pdf_pages,tex/1890_source_pdf.tex,verified_editable_tex,items/1890_author_proof.tex,
1891,source_pdf_pages,tex/1891_source_pdf.tex,verified_editable_tex,items/1891_author_proof.tex,
1892,source_pdf_pages,tex/1892_source_pdf.tex,verified_editable_tex,items/1892_author_proof.tex,
1893,source_pdf_pages,tex/1893_source_pdf.tex,verified_editable_tex,items/1893_author_proof.tex,
1894,source_pdf_pages,tex/1894_source_pdf.tex,verified_editable_tex,items/1894_author_proof.tex,
1895,source_pdf_pages,tex/1895_source_pdf.tex,verified_editable_tex,items/1895_author_proof.tex,
1896,source_pdf_pages,tex/1896_source_pdf.tex,verified_editable_tex,items/1896_author_proof.tex,
1897,source_pdf_pages,tex/1897_source_pdf.tex,verified_editable_tex,items/1897_author_proof.tex,
1898,source_pdf_pages,tex/1898_source_pdf.tex,verified_editable_tex,items/1898_author_proof.tex,
1899,source_pdf_pages,tex/1899_source_pdf.tex,verified_editable_tex,items/1899_author_proof.tex,
1900,source_pdf_pages,tex/1900_source_pdf.tex,verified_editable_tex,items/1900_author_proof.tex,
1901,source_pdf_pages,tex/1901_source_pdf.tex,requires_complete_editable_statement_and_proof,,
1902,source_pdf_pages,tex/1902_source_pdf.tex,requires_complete_editable_statement_and_proof,,
1903,source_pdf_pages,tex/1903_source_pdf.tex,requires_complete_editable_statement_and_proof,,
1904,source_pdf_pages,tex/1904_source_pdf.tex,requires_complete_editable_statement_and_proof,,
1905,source_pdf_pages,tex/1905_source_pdf.tex,requires_complete_editable_statement_and_proof,,
1906,source_pdf_pages,tex/1906_source_pdf.tex,requires_complete_editable_statement_and_proof,,
1907,source_pdf_pages,tex/1907_source_pdf.tex,requires_complete_editable_statement_and_proof,,
1908,source_pdf_pages,tex/1908_source_pdf.tex,requires_complete_editable_statement_and_proof,,
1909,source_pdf_pages,tex/1909_source_pdf.tex,requires_complete_editable_statement_and_proof,,
1910,source_pdf_pages,tex/1910_source_pdf.tex,requires_complete_editable_statement_and_proof,,
1911,source_pdf_pages,tex/1911_source_pdf.tex,requires_complete_editable_statement_and_proof,,
1912,source_pdf_pages,tex/1912_source_pdf.tex,requires_complete_editable_statement_and_proof,,
1913,source_pdf_pages,tex/1913_source_pdf.tex,requires_complete_editable_statement_and_proof,,
1914,source_pdf_pages,tex/1914_source_pdf.tex,requires_complete_editable_statement_and_proof,,
1915,source_pdf_pages,tex/1915_source_pdf.tex,requires_complete_editable_statement_and_proof,,
1916,source_pdf_pages,tex/1916_source_pdf.tex,requires_complete_editable_statement_and_proof,,
1917,source_pdf_pages,tex/1917_source_pdf.tex,verified_editable_tex,items/1917_author_proof.tex,
1918,source_pdf_pages,tex/1918_source_pdf.tex,verified_editable_tex,items/1918_author_proof.tex,
1919,source_pdf_pages,tex/1919_source_pdf.tex,verified_editable_tex,items/1919_author_proof.tex,
1920,source_pdf_pages,tex/1920_source_pdf.tex,requires_complete_editable_statement_and_proof,,
1921,source_pdf_pages,tex/1921_source_pdf.tex,requires_complete_editable_statement_and_proof,,
1922,source_pdf_pages,tex/1922_source_pdf.tex,requires_complete_editable_statement_and_proof,,
1923,source_pdf_pages,tex/1923_source_pdf.tex,requires_complete_editable_statement_and_proof,,
1924,source_pdf_pages,tex/1924_source_pdf.tex,requires_complete_editable_statement_and_proof,,
1925,source_pdf_pages,tex/1925_source_pdf.tex,requires_complete_editable_statement_and_proof,,
1926,source_pdf_pages,tex/1926_source_pdf.tex,requires_complete_editable_statement_and_proof,,
1927,source_pdf_pages,tex/1927_source_pdf.tex,requires_complete_editable_statement_and_proof,,
1928,source_pdf_pages,tex/1928_source_pdf.tex,requires_complete_editable_statement_and_proof,,
1929,source_pdf_pages,tex/1929_source_pdf.tex,requires_complete_editable_statement_and_proof,,
1930,source_pdf_pages,tex/1930_source_pdf.tex,requires_complete_editable_statement_and_proof,,
1931,source_pdf_pages,tex/1931_source_pdf.tex,requires_complete_editable_statement_and_proof,,
1932,source_pdf_pages,tex/1932_source_pdf.tex,requires_complete_editable_statement_and_proof,,
1933,source_pdf_pages,tex/1933_source_pdf.tex,requires_complete_editable_statement_and_proof,,
1934,source_pdf_pages,tex/1934_source_pdf.tex,requires_complete_editable_statement_and_proof,,
1935,source_pdf_pages,tex/1935_source_pdf.tex,requires_complete_editable_statement_and_proof,,
1937,native_tex,tex/1937_stacks_05IG.tex,verified_editable_tex,items/1937_stacks_05IG.tex,
1938,native_tex,tex/1938_stacks_05U9.tex,verified_editable_tex,items/1938_stacks_05U9.tex,
1939,source_pdf_pages,tex/1939_source_pdf.tex,requires_complete_editable_statement_and_proof,,
1940,source_pdf_pages,tex/1940_source_pdf.tex,requires_complete_editable_statement_and_proof,,
1941,source_pdf_pages,tex/1941_source_pdf.tex,requires_complete_editable_statement_and_proof,,
1942,source_pdf_pages,tex/1942_source_pdf.tex,requires_complete_editable_statement_and_proof,,
1943,source_pdf_pages,tex/1943_source_pdf.tex,requires_complete_editable_statement_and_proof,,
1944,source_pdf_pages,tex/1944_source_pdf.tex,requires_complete_editable_statement_and_proof,,
1945,source_pdf_pages,tex/1945_source_pdf.tex,requires_complete_editable_statement_and_proof,,
1946,source_pdf_pages,tex/1946_source_pdf.tex,requires_complete_editable_statement_and_proof,,
1947,source_pdf_pages,tex/1947_source_pdf.tex,requires_complete_editable_statement_and_proof,,
1948,source_pdf_pages,tex/1948_source_pdf.tex,requires_complete_editable_statement_and_proof,,
1949,source_pdf_pages,tex/1949_source_pdf.tex,requires_complete_editable_statement_and_proof,,
1950,source_pdf_pages,tex/1950_source_pdf.tex,requires_complete_editable_statement_and_proof,,
1951,source_pdf_pages,tex/1951_source_pdf.tex,requires_complete_editable_statement_and_proof,,
1952,source_pdf_pages,tex/1952_source_pdf.tex,requires_complete_editable_statement_and_proof,,
1953,source_pdf_pages,tex/1953_source_pdf.tex,requires_complete_editable_statement_and_proof,,
1954,source_pdf_pages,tex/1954_source_pdf.tex,requires_complete_editable_statement_and_proof,,
1955,source_pdf_pages,tex/1955_source_pdf.tex,requires_complete_editable_statement_and_proof,,
1956,source_pdf_pages,tex/1956_source_pdf.tex,requires_complete_editable_statement_and_proof,,
1957,source_pdf_pages,tex/1957_source_pdf.tex,requires_complete_editable_statement_and_proof,,
1958,source_pdf_pages,tex/1958_source_pdf.tex,requires_complete_editable_statement_and_proof,,
1959,source_pdf_pages,tex/1959_source_pdf.tex,requires_complete_editable_statement_and_proof,,
1960,source_pdf_pages,tex/1960_source_pdf.tex,requires_complete_editable_statement_and_proof,,
1961,source_pdf_pages,tex/1961_source_pdf.tex,requires_complete_editable_statement_and_proof,,
1962,source_pdf_pages,tex/1962_source_pdf.tex,requires_complete_editable_statement_and_proof,,
1963,source_pdf_pages,tex/1963_source_pdf.tex,requires_complete_editable_statement_and_proof,,
1964,source_pdf_pages,tex/1964_source_pdf.tex,requires_complete_editable_statement_and_proof,,
1965,source_pdf_pages,tex/1965_source_pdf.tex,requires_complete_editable_statement_and_proof,,
1966,source_pdf_pages,tex/1966_source_pdf.tex,requires_complete_editable_statement_and_proof,,
1967,source_pdf_pages,tex/1967_source_pdf.tex,requires_complete_editable_statement_and_proof,,
1968,source_pdf_pages,tex/1968_source_pdf.tex,requires_complete_editable_statement_and_proof,,
1969,source_pdf_pages,tex/1969_source_pdf.tex,requires_complete_editable_statement_and_proof,,
1970,source_pdf_pages,tex/1970_source_pdf.tex,requires_complete_editable_statement_and_proof,,
1971,source_pdf_pages,tex/1971_source_pdf.tex,requires_complete_editable_statement_and_proof,,
1972,source_pdf_pages,tex/1972_source_pdf.tex,requires_complete_editable_statement_and_proof,,
1973,source_pdf_pages,tex/1973_source_pdf.tex,requires_complete_editable_statement_and_proof,,
1974,source_pdf_pages,tex/1974_source_pdf.tex,requires_complete_editable_statement_and_proof,,
1975,source_pdf_pages,tex/1975_source_pdf.tex,requires_complete_editable_statement_and_proof,,
1976,source_pdf_pages,tex/1976_source_pdf.tex,requires_complete_editable_statement_and_proof,,
1977,source_pdf_pages,tex/1977_source_pdf.tex,requires_complete_editable_statement_and_proof,,
1978,source_pdf_pages,tex/1978_source_pdf.tex,requires_complete_editable_statement_and_proof,,
1979,source_pdf_pages,tex/1979_source_pdf.tex,requires_complete_editable_statement_and_proof,,
1980,source_pdf_pages,tex/1980_source_pdf.tex,requires_complete_editable_statement_and_proof,,
1981,source_pdf_pages,tex/1981_source_pdf.tex,requires_complete_editable_statement_and_proof,,
1982,source_pdf_pages,tex/1982_source_pdf.tex,requires_complete_editable_statement_and_proof,,
1983,source_pdf_pages,tex/1983_source_pdf.tex,requires_complete_editable_statement_and_proof,,
1984,source_pdf_pages,tex/1984_source_pdf.tex,requires_complete_editable_statement_and_proof,,
1985,source_pdf_pages,tex/1985_source_pdf.tex,requires_complete_editable_statement_and_proof,,
1986,source_pdf_pages,tex/1986_source_pdf.tex,requires_complete_editable_statement_and_proof,,
1987,source_pdf_pages,tex/1987_source_pdf.tex,requires_complete_editable_statement_and_proof,,
1988,source_pdf_pages,tex/1988_source_pdf.tex,requires_complete_editable_statement_and_proof,,
1989,source_pdf_pages,tex/1989_source_pdf.tex,requires_complete_editable_statement_and_proof,,
1990,source_pdf_pages,tex/1990_source_pdf.tex,requires_complete_editable_statement_and_proof,,
1991,source_pdf_pages,tex/1991_source_pdf.tex,requires_complete_editable_statement_and_proof,,
1992,source_pdf_pages,tex/1992_source_pdf.tex,requires_complete_editable_statement_and_proof,,
1993,source_pdf_pages,tex/1993_source_pdf.tex,requires_complete_editable_statement_and_proof,,
1994,source_pdf_pages,tex/1994_source_pdf.tex,requires_complete_editable_statement_and_proof,,
1995,source_pdf_pages,tex/1995_source_pdf.tex,requires_complete_editable_statement_and_proof,,
1996,source_pdf_pages,tex/1996_source_pdf.tex,requires_complete_editable_statement_and_proof,,
1997,source_pdf_pages,tex/1997_source_pdf.tex,requires_complete_editable_statement_and_proof,,
1998,source_pdf_pages,tex/1998_source_pdf.tex,requires_complete_editable_statement_and_proof,,
1999,source_pdf_pages,tex/1999_source_pdf.tex,verified_editable_tex,items/1999_author_proof.tex,
2000,source_pdf_pages,tex/2000_source_pdf.tex,verified_editable_tex,items/2000_author_proof.tex,
2001,source_pdf_pages,tex/2001_source_pdf.tex,verified_editable_tex,items/2001_author_proof.tex,
2002,source_pdf_pages,tex/2002_source_pdf.tex,verified_editable_tex,items/2002_author_proof.tex,
2003,source_pdf_pages,tex/2003_source_pdf.tex,verified_editable_tex,items/2003_author_proof.tex,
2004,source_pdf_pages,tex/2004_source_pdf.tex,verified_editable_tex,items/2004_author_proof.tex,
2005,source_pdf_pages,tex/2005_source_pdf.tex,verified_editable_tex,items/2005_author_proof.tex,
2006,source_pdf_pages,tex/2006_source_pdf.tex,verified_editable_tex,items/2006_author_proof.tex,
2007,source_pdf_pages,tex/2007_source_pdf.tex,verified_editable_tex,items/2007_author_proof.tex,
2008,source_pdf_pages,tex/2008_source_pdf.tex,verified_editable_tex,items/2008_author_proof.tex,
2009,source_pdf_pages,tex/2009_source_pdf.tex,verified_editable_tex,items/2009_author_proof.tex,
2010,source_pdf_pages,tex/2010_source_pdf.tex,verified_editable_tex,items/2010_author_proof.tex,
2011,source_pdf_pages,tex/2011_source_pdf.tex,verified_editable_tex,items/2011_author_proof.tex,
2012,source_pdf_pages,tex/2012_source_pdf.tex,verified_editable_tex,items/2012_author_proof.tex,
2013,source_pdf_pages,tex/2013_source_pdf.tex,verified_editable_tex,items/2013_author_proof.tex,
2014,source_pdf_pages,tex/2014_source_pdf.tex,verified_editable_tex,items/2014_author_proof.tex,
2015,source_pdf_pages,tex/2015_source_pdf.tex,verified_editable_tex,items/2015_author_proof.tex,
2016,source_pdf_pages,tex/2016_source_pdf.tex,verified_editable_tex,items/2016_author_proof.tex,
2017,source_pdf_pages,tex/2017_source_pdf.tex,verified_editable_tex,items/2017_author_proof.tex,
2018,source_pdf_pages,tex/2018_source_pdf.tex,verified_editable_tex,items/2018_author_proof.tex,
2019,source_pdf_pages,tex/2019_source_pdf.tex,verified_editable_tex,items/2019_author_proof.tex,
2020,source_pdf_pages,tex/2020_source_pdf.tex,verified_editable_tex,items/2020_author_proof.tex,
2021,source_pdf_pages,tex/2021_source_pdf.tex,verified_editable_tex,items/2021_author_proof.tex,
2022,source_pdf_pages,tex/2022_source_pdf.tex,verified_editable_tex,items/2022_author_proof.tex,
2023,source_pdf_pages,tex/2023_source_pdf.tex,verified_editable_tex,items/2023_author_proof.tex,
2024,source_pdf_pages,tex/2024_source_pdf.tex,verified_editable_tex,items/2024_author_proof.tex,
2025,source_pdf_pages,tex/2025_source_pdf.tex,requires_complete_editable_statement_and_proof,,
2026,source_pdf_pages,tex/2026_source_pdf.tex,verified_editable_tex,items/2026_author_proof.tex,
2027,source_pdf_pages,tex/2027_source_pdf.tex,requires_complete_editable_statement_and_proof,,
2028,source_pdf_pages,tex/2028_source_pdf.tex,requires_complete_editable_statement_and_proof,,
2029,source_pdf_pages,tex/2029_source_pdf.tex,requires_complete_editable_statement_and_proof,,
2030,source_pdf_pages,tex/2030_source_pdf.tex,requires_complete_editable_statement_and_proof,,
2031,source_pdf_pages,tex/2031_source_pdf.tex,requires_complete_editable_statement_and_proof,,
2032,source_pdf_pages,tex/2032_source_pdf.tex,requires_complete_editable_statement_and_proof,,
2033,source_pdf_pages,tex/2033_source_pdf.tex,requires_complete_editable_statement_and_proof,,
2034,source_pdf_pages,tex/2034_source_pdf.tex,requires_complete_editable_statement_and_proof,,
2035,source_pdf_pages,tex/2035_source_pdf.tex,requires_complete_editable_statement_and_proof,,
2036,source_pdf_pages,tex/2036_source_pdf.tex,requires_complete_editable_statement_and_proof,,
2037,source_pdf_pages,tex/2037_source_pdf.tex,requires_complete_editable_statement_and_proof,,
2038,source_pdf_pages,tex/2038_source_pdf.tex,requires_complete_editable_statement_and_proof,,
2039,source_pdf_pages,tex/2039_source_pdf.tex,requires_complete_editable_statement_and_proof,,
2040,source_pdf_pages,tex/2040_source_pdf.tex,requires_complete_editable_statement_and_proof,,
2041,source_pdf_pages,tex/2041_source_pdf.tex,requires_complete_editable_statement_and_proof,,
2042,source_pdf_pages,tex/2042_source_pdf.tex,requires_complete_editable_statement_and_proof,,
2043,source_pdf_pages,tex/2043_source_pdf.tex,requires_complete_editable_statement_and_proof,,
2044,source_pdf_pages,tex/2044_source_pdf.tex,requires_complete_editable_statement_and_proof,,
2045,source_pdf_pages,tex/2045_source_pdf.tex,requires_complete_editable_statement_and_proof,,
2046,source_pdf_pages,tex/2046_source_pdf.tex,requires_complete_editable_statement_and_proof,,
2047,source_pdf_pages,tex/2047_source_pdf.tex,requires_complete_editable_statement_and_proof,,
2048,source_pdf_pages,tex/2048_source_pdf.tex,requires_complete_editable_statement_and_proof,,
2049,source_pdf_pages,tex/2049_source_pdf.tex,requires_complete_editable_statement_and_proof,,
2050,source_pdf_pages,tex/2050_source_pdf.tex,requires_complete_editable_statement_and_proof,,
2051,source_pdf_pages,tex/2051_source_pdf.tex,requires_complete_editable_statement_and_proof,,
2052,source_pdf_pages,tex/2052_source_pdf.tex,requires_complete_editable_statement_and_proof,,
2053,source_pdf_pages,tex/2053_source_pdf.tex,requires_complete_editable_statement_and_proof,,
2054,source_pdf_pages,tex/2054_source_pdf.tex,requires_complete_editable_statement_and_proof,,
2055,source_pdf_pages,tex/2055_source_pdf.tex,requires_complete_editable_statement_and_proof,,
2056,source_pdf_pages,tex/2056_source_pdf.tex,requires_complete_editable_statement_and_proof,,
2057,source_pdf_pages,tex/2057_source_pdf.tex,requires_complete_editable_statement_and_proof,,
2058,source_pdf_pages,tex/2058_source_pdf.tex,requires_complete_editable_statement_and_proof,,
2059,source_pdf_pages,tex/2059_source_pdf.tex,requires_complete_editable_statement_and_proof,,
2060,source_pdf_pages,tex/2060_source_pdf.tex,requires_complete_editable_statement_and_proof,,
2061,source_pdf_pages,tex/2061_source_pdf.tex,requires_complete_editable_statement_and_proof,,
2062,source_pdf_pages,tex/2062_source_pdf.tex,requires_complete_editable_statement_and_proof,,
2063,source_pdf_pages,tex/2063_source_pdf.tex,requires_complete_editable_statement_and_proof,,
2064,source_pdf_pages,tex/2064_source_pdf.tex,requires_complete_editable_statement_and_proof,,
2065,native_tex,tex/2065_stacks_0A9V.tex,verified_editable_tex,items/2065_stacks_0A9V.tex,
2066,native_tex,tex/2066_stacks_09IS.tex,verified_editable_tex,items/2066_stacks_09IS.tex,
2067,source_pdf_pages,tex/2067_source_pdf.tex,requires_complete_editable_statement_and_proof,,
2068,source_pdf_pages,tex/2068_source_pdf.tex,requires_complete_editable_statement_and_proof,,
2069,source_pdf_pages,tex/2069_source_pdf.tex,requires_complete_editable_statement_and_proof,,
2070,source_pdf_pages,tex/2070_source_pdf.tex,requires_complete_editable_statement_and_proof,,
2071,source_pdf_pages,tex/2071_source_pdf.tex,requires_complete_editable_statement_and_proof,,
2072,source_pdf_pages,tex/2072_source_pdf.tex,requires_complete_editable_statement_and_proof,,
2073,source_pdf_pages,tex/2073_source_pdf.tex,requires_complete_editable_statement_and_proof,,
2074,source_pdf_pages,tex/2074_source_pdf.tex,requires_complete_editable_statement_and_proof,,
2075,source_pdf_pages,tex/2075_source_pdf.tex,requires_complete_editable_statement_and_proof,,
2076,source_pdf_pages,tex/2076_source_pdf.tex,requires_complete_editable_statement_and_proof,,
2077,source_pdf_pages,tex/2077_source_pdf.tex,requires_complete_editable_statement_and_proof,,
2078,source_pdf_pages,tex/2078_source_pdf.tex,requires_complete_editable_statement_and_proof,,
2079,source_pdf_pages,tex/2079_source_pdf.tex,requires_complete_editable_statement_and_proof,,
2080,source_pdf_pages,tex/2080_source_pdf.tex,requires_complete_editable_statement_and_proof,,
2081,source_pdf_pages,tex/2081_source_pdf.tex,requires_complete_editable_statement_and_proof,,
2082,source_pdf_pages,tex/2082_source_pdf.tex,requires_complete_editable_statement_and_proof,,
2083,source_pdf_pages,tex/2083_source_pdf.tex,requires_complete_editable_statement_and_proof,,
2084,source_pdf_pages,tex/2084_source_pdf.tex,requires_complete_editable_statement_and_proof,,
2085,source_pdf_pages,tex/2085_source_pdf.tex,requires_complete_editable_statement_and_proof,,
2086,source_pdf_pages,tex/2086_source_pdf.tex,requires_complete_editable_statement_and_proof,,
2087,source_pdf_pages,tex/2087_source_pdf.tex,requires_complete_editable_statement_and_proof,,
2088,source_pdf_pages,tex/2088_source_pdf.tex,requires_complete_editable_statement_and_proof,,
2089,source_pdf_pages,tex/2089_source_pdf.tex,requires_complete_editable_statement_and_proof,,
2090,source_pdf_pages,tex/2090_source_pdf.tex,requires_complete_editable_statement_and_proof,,
2091,source_pdf_pages,tex/2091_source_pdf.tex,requires_complete_editable_statement_and_proof,,
2092,source_pdf_pages,tex/2092_source_pdf.tex,requires_complete_editable_statement_and_proof,,
2093,source_pdf_pages,tex/2093_source_pdf.tex,requires_complete_editable_statement_and_proof,,
2094,source_pdf_pages,tex/2094_source_pdf.tex,requires_complete_editable_statement_and_proof,,
2095,source_pdf_pages,tex/2095_source_pdf.tex,requires_complete_editable_statement_and_proof,,
2096,source_pdf_pages,tex/2096_source_pdf.tex,requires_complete_editable_statement_and_proof,,
2097,source_pdf_pages,tex/2097_source_pdf.tex,requires_complete_editable_statement_and_proof,,
2098,source_pdf_pages,tex/2098_source_pdf.tex,requires_complete_editable_statement_and_proof,,
2099,source_pdf_pages,tex/2099_source_pdf.tex,requires_complete_editable_statement_and_proof,,
2100,source_pdf_pages,tex/2100_source_pdf.tex,requires_complete_editable_statement_and_proof,,
2101,source_pdf_pages,tex/2101_source_pdf.tex,requires_complete_editable_statement_and_proof,,
2102,source_pdf_pages,tex/2102_source_pdf.tex,requires_complete_editable_statement_and_proof,,
2103,source_pdf_pages,tex/2103_source_pdf.tex,requires_complete_editable_statement_and_proof,,
2104,source_pdf_pages,tex/2104_source_pdf.tex,requires_complete_editable_statement_and_proof,,
2105,source_pdf_pages,tex/2105_source_pdf.tex,requires_complete_editable_statement_and_proof,,
2106,source_pdf_pages,tex/2106_source_pdf.tex,requires_complete_editable_statement_and_proof,,
2107,source_pdf_pages,tex/2107_source_pdf.tex,requires_complete_editable_statement_and_proof,,
2108,source_pdf_pages,tex/2108_source_pdf.tex,requires_complete_editable_statement_and_proof,,
2109,source_pdf_pages,tex/2109_source_pdf.tex,requires_complete_editable_statement_and_proof,,
2110,source_pdf_pages,tex/2110_source_pdf.tex,requires_complete_editable_statement_and_proof,,
2111,source_pdf_pages,tex/2111_source_pdf.tex,requires_complete_editable_statement_and_proof,,
2112,native_tex,tex/2112_stacks_0F8E.tex,verified_editable_tex,items/2112_stacks_0F8E.tex,
2113,native_tex,tex/2113_stacks_0GEN.tex,verified_editable_tex,items/2113_stacks_0GEN.tex,
2114,source_pdf_pages,tex/2114_source_pdf.tex,requires_complete_editable_statement_and_proof,,
2115,source_pdf_pages,tex/2115_source_pdf.tex,requires_complete_editable_statement_and_proof,,
2116,source_pdf_pages,tex/2116_source_pdf.tex,requires_complete_editable_statement_and_proof,,
2117,source_pdf_pages,tex/2117_source_pdf.tex,requires_complete_editable_statement_and_proof,,
2118,source_pdf_pages,tex/2118_source_pdf.tex,requires_complete_editable_statement_and_proof,,
2119,source_pdf_pages,tex/2119_source_pdf.tex,requires_complete_editable_statement_and_proof,,
2120,source_pdf_pages,tex/2120_source_pdf.tex,requires_complete_editable_statement_and_proof,,
2121,source_pdf_pages,tex/2121_source_pdf.tex,requires_complete_editable_statement_and_proof,,
2122,source_pdf_pages,tex/2122_source_pdf.tex,requires_complete_editable_statement_and_proof,,
2123,source_pdf_pages,tex/2123_source_pdf.tex,requires_complete_editable_statement_and_proof,,
2124,source_pdf_pages,tex/2124_source_pdf.tex,requires_complete_editable_statement_and_proof,,
2125,source_pdf_pages,tex/2125_source_pdf.tex,requires_complete_editable_statement_and_proof,,
2126,source_pdf_pages,tex/2126_source_pdf.tex,requires_complete_editable_statement_and_proof,,
2127,source_pdf_pages,tex/2127_source_pdf.tex,requires_complete_editable_statement_and_proof,,
2128,source_pdf_pages,tex/2128_source_pdf.tex,requires_complete_editable_statement_and_proof,,
2129,source_pdf_pages,tex/2129_source_pdf.tex,requires_complete_editable_statement_and_proof,,
2130,source_pdf_pages,tex/2130_source_pdf.tex,requires_complete_editable_statement_and_proof,,
2131,source_pdf_pages,tex/2131_source_pdf.tex,requires_complete_editable_statement_and_proof,,
2132,source_pdf_pages,tex/2132_source_pdf.tex,requires_complete_editable_statement_and_proof,,
2133,source_pdf_pages,tex/2133_source_pdf.tex,requires_complete_editable_statement_and_proof,,
2134,source_pdf_pages,tex/2134_source_pdf.tex,requires_complete_editable_statement_and_proof,,
2135,source_pdf_pages,tex/2135_source_pdf.tex,requires_complete_editable_statement_and_proof,,
2136,source_pdf_pages,tex/2136_source_pdf.tex,requires_complete_editable_statement_and_proof,,
2137,source_pdf_pages,tex/2137_source_pdf.tex,requires_complete_editable_statement_and_proof,,
2138,source_pdf_pages,tex/2138_source_pdf.tex,requires_complete_editable_statement_and_proof,,
2139,source_pdf_pages,tex/2139_source_pdf.tex,requires_complete_editable_statement_and_proof,,
2140,source_pdf_pages,tex/2140_source_pdf.tex,requires_complete_editable_statement_and_proof,,
2141,source_pdf_pages,tex/2141_source_pdf.tex,requires_complete_editable_statement_and_proof,,
2142,source_pdf_pages,tex/2142_source_pdf.tex,requires_complete_editable_statement_and_proof,,
2143,source_pdf_pages,tex/2143_source_pdf.tex,requires_complete_editable_statement_and_proof,,
2144,source_pdf_pages,tex/2144_source_pdf.tex,requires_complete_editable_statement_and_proof,,
2145,source_pdf_pages,tex/2145_source_pdf.tex,requires_complete_editable_statement_and_proof,,
2146,source_pdf_pages,tex/2146_source_pdf.tex,requires_complete_editable_statement_and_proof,,
2147,source_pdf_pages,tex/2147_source_pdf.tex,requires_complete_editable_statement_and_proof,,
2148,source_pdf_pages,tex/2148_source_pdf.tex,requires_complete_editable_statement_and_proof,,
2149,source_pdf_pages,tex/2149_source_pdf.tex,requires_complete_editable_statement_and_proof,,
2150,source_pdf_pages,tex/2150_source_pdf.tex,requires_complete_editable_statement_and_proof,,
2151,source_pdf_pages,tex/2151_source_pdf.tex,requires_complete_editable_statement_and_proof,,
2152,source_pdf_pages,tex/2152_source_pdf.tex,requires_complete_editable_statement_and_proof,,
2153,source_pdf_pages,tex/2153_source_pdf.tex,requires_complete_editable_statement_and_proof,,
2154,source_pdf_pages,tex/2154_source_pdf.tex,requires_complete_editable_statement_and_proof,,
2155,source_pdf_pages,tex/2155_source_pdf.tex,requires_complete_editable_statement_and_proof,,
2156,source_pdf_pages,tex/2156_source_pdf.tex,requires_complete_editable_statement_and_proof,,
2157,source_pdf_pages,tex/2157_source_pdf.tex,requires_complete_editable_statement_and_proof,,
2158,source_pdf_pages,tex/2158_source_pdf.tex,requires_complete_editable_statement_and_proof,,
2159,source_pdf_pages,tex/2159_source_pdf.tex,requires_complete_editable_statement_and_proof,,
2160,source_pdf_pages,tex/2160_source_pdf.tex,requires_complete_editable_statement_and_proof,,
2161,source_pdf_pages,tex/2161_source_pdf.tex,requires_complete_editable_statement_and_proof,,
2162,source_pdf_pages,tex/2162_source_pdf.tex,requires_complete_editable_statement_and_proof,,
2163,source_pdf_pages,tex/2163_source_pdf.tex,requires_complete_editable_statement_and_proof,,
2164,source_pdf_pages,tex/2164_source_pdf.tex,requires_complete_editable_statement_and_proof,,
2165,source_pdf_pages,tex/2165_source_pdf.tex,requires_complete_editable_statement_and_proof,,
2166,source_pdf_pages,tex/2166_source_pdf.tex,requires_complete_editable_statement_and_proof,,
2167,source_pdf_pages,tex/2167_source_pdf.tex,requires_complete_editable_statement_and_proof,,
2168,source_pdf_pages,tex/2168_source_pdf.tex,requires_complete_editable_statement_and_proof,,
2169,source_pdf_pages,tex/2169_source_pdf.tex,requires_complete_editable_statement_and_proof,,
2170,source_pdf_pages,tex/2170_source_pdf.tex,requires_complete_editable_statement_and_proof,,
2171,source_pdf_pages,tex/2171_source_pdf.tex,requires_complete_editable_statement_and_proof,,
2172,source_pdf_pages,tex/2172_source_pdf.tex,requires_complete_editable_statement_and_proof,,
2173,source_pdf_pages,tex/2173_source_pdf.tex,requires_complete_editable_statement_and_proof,,
2174,source_pdf_pages,tex/2174_source_pdf.tex,requires_complete_editable_statement_and_proof,,
2175,source_pdf_pages,tex/2175_source_pdf.tex,requires_complete_editable_statement_and_proof,,
2176,source_pdf_pages,tex/2176_source_pdf.tex,requires_complete_editable_statement_and_proof,,
2177,source_pdf_pages,tex/2177_source_pdf.tex,requires_complete_editable_statement_and_proof,,
2178,source_pdf_pages,tex/2178_source_pdf.tex,requires_complete_editable_statement_and_proof,,
2179,source_pdf_pages,tex/2179_source_pdf.tex,requires_complete_editable_statement_and_proof,,
2180,source_pdf_pages,tex/2180_source_pdf.tex,requires_complete_editable_statement_and_proof,,
2181,source_pdf_pages,tex/2181_source_pdf.tex,requires_complete_editable_statement_and_proof,,
2182,source_pdf_pages,tex/2182_source_pdf.tex,requires_complete_editable_statement_and_proof,,
2183,source_pdf_pages,tex/2183_source_pdf.tex,requires_complete_editable_statement_and_proof,,
2184,source_pdf_pages,tex/2184_source_pdf.tex,requires_complete_editable_statement_and_proof,,
2185,source_pdf_pages,tex/2185_source_pdf.tex,requires_complete_editable_statement_and_proof,,
2186,source_pdf_pages,tex/2186_source_pdf.tex,requires_complete_editable_statement_and_proof,,
2187,source_pdf_pages,tex/2187_source_pdf.tex,requires_complete_editable_statement_and_proof,,
2188,source_pdf_pages,tex/2188_source_pdf.tex,requires_complete_editable_statement_and_proof,,
2189,source_pdf_pages,tex/2189_source_pdf.tex,requires_complete_editable_statement_and_proof,,
2190,source_pdf_pages,tex/2190_source_pdf.tex,requires_complete_editable_statement_and_proof,,
2191,source_pdf_pages,tex/2191_source_pdf.tex,requires_complete_editable_statement_and_proof,,
2192,source_pdf_pages,tex/2192_source_pdf.tex,requires_complete_editable_statement_and_proof,,
2193,source_pdf_pages,tex/2193_source_pdf.tex,requires_complete_editable_statement_and_proof,,
2194,source_pdf_pages,tex/2194_source_pdf.tex,requires_complete_editable_statement_and_proof,,
2195,source_pdf_pages,tex/2195_source_pdf.tex,requires_complete_editable_statement_and_proof,,
2196,source_pdf_pages,tex/2196_source_pdf.tex,requires_complete_editable_statement_and_proof,,
2197,source_pdf_pages,tex/2197_source_pdf.tex,requires_complete_editable_statement_and_proof,,
2198,source_pdf_pages,tex/2198_source_pdf.tex,requires_complete_editable_statement_and_proof,,
2199,source_pdf_pages,tex/2199_source_pdf.tex,requires_complete_editable_statement_and_proof,,
2200,source_pdf_pages,tex/2200_source_pdf.tex,requires_complete_editable_statement_and_proof,,
2201,source_pdf_pages,tex/2201_source_pdf.tex,requires_complete_editable_statement_and_proof,,
2202,source_pdf_pages,tex/2202_source_pdf.tex,requires_complete_editable_statement_and_proof,,
2203,source_pdf_pages,tex/2203_source_pdf.tex,requires_complete_editable_statement_and_proof,,
2204,source_pdf_pages,tex/2204_source_pdf.tex,requires_complete_editable_statement_and_proof,,
2205,source_pdf_pages,tex/2205_source_pdf.tex,requires_complete_editable_statement_and_proof,,
2206,source_pdf_pages,tex/2206_source_pdf.tex,requires_complete_editable_statement_and_proof,,
2207,source_pdf_pages,tex/2207_source_pdf.tex,requires_complete_editable_statement_and_proof,,
2208,source_pdf_pages,tex/2208_source_pdf.tex,requires_complete_editable_statement_and_proof,,
2209,source_pdf_pages,tex/2209_source_pdf.tex,requires_complete_editable_statement_and_proof,,
2210,source_pdf_pages,tex/2210_source_pdf.tex,requires_complete_editable_statement_and_proof,,
2211,source_pdf_pages,tex/2211_source_pdf.tex,requires_complete_editable_statement_and_proof,,
2212,source_pdf_pages,tex/2212_source_pdf.tex,requires_complete_editable_statement_and_proof,,
2213,source_pdf_pages,tex/2213_source_pdf.tex,requires_complete_editable_statement_and_proof,,
2214,source_pdf_pages,tex/2214_source_pdf.tex,requires_complete_editable_statement_and_proof,,
2215,source_pdf_pages,tex/2215_source_pdf.tex,requires_complete_editable_statement_and_proof,,
2216,source_pdf_pages,tex/2216_source_pdf.tex,requires_complete_editable_statement_and_proof,,
2217,source_pdf_pages,tex/2217_source_pdf.tex,requires_complete_editable_statement_and_proof,,
2218,source_pdf_pages,tex/2218_source_pdf.tex,requires_complete_editable_statement_and_proof,,
2219,source_pdf_pages,tex/2219_source_pdf.tex,requires_complete_editable_statement_and_proof,,
2220,source_pdf_pages,tex/2220_source_pdf.tex,requires_complete_editable_statement_and_proof,,
2221,source_pdf_pages,tex/2221_source_pdf.tex,requires_complete_editable_statement_and_proof,,
2222,source_pdf_pages,tex/2222_source_pdf.tex,requires_complete_editable_statement_and_proof,,
2223,source_pdf_pages,tex/2223_source_pdf.tex,requires_complete_editable_statement_and_proof,,
2224,source_pdf_pages,tex/2224_source_pdf.tex,requires_complete_editable_statement_and_proof,,
2225,source_pdf_pages,tex/2225_source_pdf.tex,requires_complete_editable_statement_and_proof,,
2226,source_pdf_pages,tex/2226_source_pdf.tex,requires_complete_editable_statement_and_proof,,
2227,source_pdf_pages,tex/2227_source_pdf.tex,requires_complete_editable_statement_and_proof,,
2228,source_pdf_pages,tex/2228_source_pdf.tex,requires_complete_editable_statement_and_proof,,
2229,source_pdf_pages,tex/2229_source_pdf.tex,requires_complete_editable_statement_and_proof,,
2230,source_pdf_pages,tex/2230_source_pdf.tex,requires_complete_editable_statement_and_proof,,
2231,source_pdf_pages,tex/2231_source_pdf.tex,requires_complete_editable_statement_and_proof,,
2232,source_pdf_pages,tex/2232_source_pdf.tex,requires_complete_editable_statement_and_proof,,
2233,source_pdf_pages,tex/2233_source_pdf.tex,requires_complete_editable_statement_and_proof,,
2234,source_pdf_pages,tex/2234_source_pdf.tex,requires_complete_editable_statement_and_proof,,
2235,source_pdf_pages,tex/2235_source_pdf.tex,requires_complete_editable_statement_and_proof,,
2236,source_pdf_pages,tex/2236_source_pdf.tex,requires_complete_editable_statement_and_proof,,
2237,source_pdf_pages,tex/2237_source_pdf.tex,requires_complete_editable_statement_and_proof,,
2238,source_pdf_pages,tex/2238_source_pdf.tex,requires_complete_editable_statement_and_proof,,
2239,source_pdf_pages,tex/2239_source_pdf.tex,requires_complete_editable_statement_and_proof,,
2240,source_pdf_pages,tex/2240_source_pdf.tex,requires_complete_editable_statement_and_proof,,
2241,source_pdf_pages,tex/2241_source_pdf.tex,requires_complete_editable_statement_and_proof,,
2242,source_pdf_pages,tex/2242_source_pdf.tex,requires_complete_editable_statement_and_proof,,
2243,source_pdf_pages,tex/2243_source_pdf.tex,requires_complete_editable_statement_and_proof,,
2244,source_pdf_pages,tex/2244_source_pdf.tex,requires_complete_editable_statement_and_proof,,
2245,source_pdf_pages,tex/2245_source_pdf.tex,requires_complete_editable_statement_and_proof,,
2246,source_pdf_pages,tex/2246_source_pdf.tex,requires_complete_editable_statement_and_proof,,
2247,source_pdf_pages,tex/2247_source_pdf.tex,requires_complete_editable_statement_and_proof,,
2248,source_pdf_pages,tex/2248_source_pdf.tex,requires_complete_editable_statement_and_proof,,
2249,source_pdf_pages,tex/2249_source_pdf.tex,requires_complete_editable_statement_and_proof,,
2250,source_pdf_pages,tex/2250_source_pdf.tex,requires_complete_editable_statement_and_proof,,
2251,source_pdf_pages,tex/2251_source_pdf.tex,requires_complete_editable_statement_and_proof,,
2252,source_pdf_pages,tex/2252_source_pdf.tex,requires_complete_editable_statement_and_proof,,
2253,source_pdf_pages,tex/2253_source_pdf.tex,requires_complete_editable_statement_and_proof,,
2254,source_pdf_pages,tex/2254_source_pdf.tex,requires_complete_editable_statement_and_proof,,
2255,source_pdf_pages,tex/2255_source_pdf.tex,requires_complete_editable_statement_and_proof,,
2256,source_pdf_pages,tex/2256_source_pdf.tex,requires_complete_editable_statement_and_proof,,
2257,source_pdf_pages,tex/2257_source_pdf.tex,requires_complete_editable_statement_and_proof,,
2258,source_pdf_pages,tex/2258_source_pdf.tex,requires_complete_editable_statement_and_proof,,
2259,source_pdf_pages,tex/2259_source_pdf.tex,requires_complete_editable_statement_and_proof,,
2260,source_pdf_pages,tex/2260_source_pdf.tex,requires_complete_editable_statement_and_proof,,
2261,source_pdf_pages,tex/2261_source_pdf.tex,requires_complete_editable_statement_and_proof,,
2262,source_pdf_pages,tex/2262_source_pdf.tex,requires_complete_editable_statement_and_proof,,
2263,source_pdf_pages,tex/2263_source_pdf.tex,requires_complete_editable_statement_and_proof,,
2264,source_pdf_pages,tex/2264_source_pdf.tex,requires_complete_editable_statement_and_proof,,
2265,source_pdf_pages,tex/2265_source_pdf.tex,requires_complete_editable_statement_and_proof,,
2266,source_pdf_pages,tex/2266_source_pdf.tex,requires_complete_editable_statement_and_proof,,
2267,source_pdf_pages,tex/2267_source_pdf.tex,requires_complete_editable_statement_and_proof,,
2268,source_pdf_pages,tex/2268_source_pdf.tex,requires_complete_editable_statement_and_proof,,
2269,source_pdf_pages,tex/2269_source_pdf.tex,requires_complete_editable_statement_and_proof,,
2270,source_pdf_pages,tex/2270_source_pdf.tex,requires_complete_editable_statement_and_proof,,
2271,source_pdf_pages,tex/2271_source_pdf.tex,requires_complete_editable_statement_and_proof,,
2272,source_pdf_pages,tex/2272_source_pdf.tex,requires_complete_editable_statement_and_proof,,
2273,source_pdf_pages,tex/2273_source_pdf.tex,requires_complete_editable_statement_and_proof,,
2274,source_pdf_pages,tex/2274_source_pdf.tex,requires_complete_editable_statement_and_proof,,
2275,source_pdf_pages,tex/2275_source_pdf.tex,requires_complete_editable_statement_and_proof,,
2276,source_pdf_pages,tex/2276_source_pdf.tex,requires_complete_editable_statement_and_proof,,
2277,source_pdf_pages,tex/2277_source_pdf.tex,requires_complete_editable_statement_and_proof,,
2278,source_pdf_pages,tex/2278_source_pdf.tex,requires_complete_editable_statement_and_proof,,
2279,source_pdf_pages,tex/2279_source_pdf.tex,requires_complete_editable_statement_and_proof,,
2280,source_pdf_pages,tex/2280_source_pdf.tex,requires_complete_editable_statement_and_proof,,
2281,source_pdf_pages,tex/2281_source_pdf.tex,requires_complete_editable_statement_and_proof,,
2282,source_pdf_pages,tex/2282_source_pdf.tex,requires_complete_editable_statement_and_proof,,
2283,source_pdf_pages,tex/2283_source_pdf.tex,requires_complete_editable_statement_and_proof,,
2284,source_pdf_pages,tex/2284_source_pdf.tex,requires_complete_editable_statement_and_proof,,
2285,source_pdf_pages,tex/2285_source_pdf.tex,requires_complete_editable_statement_and_proof,,
2286,source_pdf_pages,tex/2286_source_pdf.tex,requires_complete_editable_statement_and_proof,,
2287,source_pdf_pages,tex/2287_source_pdf.tex,requires_complete_editable_statement_and_proof,,
2288,source_pdf_pages,tex/2288_source_pdf.tex,requires_complete_editable_statement_and_proof,,
2289,source_pdf_pages,tex/2289_source_pdf.tex,requires_complete_editable_statement_and_proof,,
2290,source_pdf_pages,tex/2290_source_pdf.tex,requires_complete_editable_statement_and_proof,,
2291,source_pdf_pages,tex/2291_source_pdf.tex,requires_complete_editable_statement_and_proof,,
2292,source_pdf_pages,tex/2292_source_pdf.tex,requires_complete_editable_statement_and_proof,,
2293,source_pdf_pages,tex/2293_source_pdf.tex,requires_complete_editable_statement_and_proof,,
2294,source_pdf_pages,tex/2294_source_pdf.tex,requires_complete_editable_statement_and_proof,,
2295,source_pdf_pages,tex/2295_source_pdf.tex,requires_complete_editable_statement_and_proof,,
2296,source_pdf_pages,tex/2296_source_pdf.tex,requires_complete_editable_statement_and_proof,,
2297,source_pdf_pages,tex/2297_source_pdf.tex,requires_complete_editable_statement_and_proof,,
2298,source_pdf_pages,tex/2298_source_pdf.tex,requires_complete_editable_statement_and_proof,,
2299,source_pdf_pages,tex/2299_source_pdf.tex,requires_complete_editable_statement_and_proof,,
2300,source_pdf_pages,tex/2300_source_pdf.tex,requires_complete_editable_statement_and_proof,,
2301,source_pdf_pages,tex/2301_source_pdf.tex,requires_complete_editable_statement_and_proof,,
2302,source_pdf_pages,tex/2302_source_pdf.tex,requires_complete_editable_statement_and_proof,,
2303,source_pdf_pages,tex/2303_source_pdf.tex,requires_complete_editable_statement_and_proof,,
2304,source_pdf_pages,tex/2304_source_pdf.tex,requires_complete_editable_statement_and_proof,,
2305,source_pdf_pages,tex/2305_source_pdf.tex,requires_complete_editable_statement_and_proof,,
2306,source_pdf_pages,tex/2306_source_pdf.tex,requires_complete_editable_statement_and_proof,,
2307,source_pdf_pages,tex/2307_source_pdf.tex,requires_complete_editable_statement_and_proof,,
2308,source_pdf_pages,tex/2308_source_pdf.tex,requires_complete_editable_statement_and_proof,,
2309,source_pdf_pages,tex/2309_source_pdf.tex,requires_complete_editable_statement_and_proof,,
2310,source_pdf_pages,tex/2310_source_pdf.tex,requires_complete_editable_statement_and_proof,,
2311,source_pdf_pages,tex/2311_source_pdf.tex,requires_complete_editable_statement_and_proof,,
2312,source_pdf_pages,tex/2312_source_pdf.tex,requires_complete_editable_statement_and_proof,,
2313,source_pdf_pages,tex/2313_source_pdf.tex,requires_complete_editable_statement_and_proof,,
2314,source_pdf_pages,tex/2314_source_pdf.tex,requires_complete_editable_statement_and_proof,,
2315,source_pdf_pages,tex/2315_source_pdf.tex,requires_complete_editable_statement_and_proof,,
2316,source_pdf_pages,tex/2316_source_pdf.tex,requires_complete_editable_statement_and_proof,,
2317,source_pdf_pages,tex/2317_source_pdf.tex,requires_complete_editable_statement_and_proof,,
2318,source_pdf_pages,tex/2318_source_pdf.tex,requires_complete_editable_statement_and_proof,,
2319,source_pdf_pages,tex/2319_source_pdf.tex,requires_complete_editable_statement_and_proof,,
2320,source_pdf_pages,tex/2320_source_pdf.tex,requires_complete_editable_statement_and_proof,,
2321,source_pdf_pages,tex/2321_source_pdf.tex,requires_complete_editable_statement_and_proof,,
2322,source_pdf_pages,tex/2322_source_pdf.tex,requires_complete_editable_statement_and_proof,,
2323,source_pdf_pages,tex/2323_source_pdf.tex,requires_complete_editable_statement_and_proof,,
2324,source_pdf_pages,tex/2324_source_pdf.tex,requires_complete_editable_statement_and_proof,,
2325,source_pdf_pages,tex/2325_source_pdf.tex,requires_complete_editable_statement_and_proof,,
2326,source_pdf_pages,tex/2326_source_pdf.tex,requires_complete_editable_statement_and_proof,,
2327,source_pdf_pages,tex/2327_source_pdf.tex,requires_complete_editable_statement_and_proof,,
2328,source_pdf_pages,tex/2328_source_pdf.tex,requires_complete_editable_statement_and_proof,,
2329,source_pdf_pages,tex/2329_source_pdf.tex,requires_complete_editable_statement_and_proof,,
2330,source_pdf_pages,tex/2330_source_pdf.tex,requires_complete_editable_statement_and_proof,,
2331,source_pdf_pages,tex/2331_source_pdf.tex,requires_complete_editable_statement_and_proof,,
2332,source_pdf_pages,tex/2332_source_pdf.tex,requires_complete_editable_statement_and_proof,,
2333,source_pdf_pages,tex/2333_source_pdf.tex,requires_complete_editable_statement_and_proof,,
2334,source_pdf_pages,tex/2334_source_pdf.tex,requires_complete_editable_statement_and_proof,,
2335,source_pdf_pages,tex/2335_source_pdf.tex,requires_complete_editable_statement_and_proof,,
2336,source_pdf_pages,tex/2336_source_pdf.tex,requires_complete_editable_statement_and_proof,,
2337,source_pdf_pages,tex/2337_source_pdf.tex,requires_complete_editable_statement_and_proof,,
2338,source_pdf_pages,tex/2338_source_pdf.tex,requires_complete_editable_statement_and_proof,,
2339,source_pdf_pages,tex/2339_source_pdf.tex,requires_complete_editable_statement_and_proof,,
2340,source_pdf_pages,tex/2340_source_pdf.tex,requires_complete_editable_statement_and_proof,,
2341,source_pdf_pages,tex/2341_source_pdf.tex,requires_complete_editable_statement_and_proof,,
2342,source_pdf_pages,tex/2342_source_pdf.tex,requires_complete_editable_statement_and_proof,,
2343,source_pdf_pages,tex/2343_source_pdf.tex,requires_complete_editable_statement_and_proof,,
2344,source_pdf_pages,tex/2344_source_pdf.tex,requires_complete_editable_statement_and_proof,,
2345,source_pdf_pages,tex/2345_source_pdf.tex,requires_complete_editable_statement_and_proof,,
2346,source_pdf_pages,tex/2346_source_pdf.tex,requires_complete_editable_statement_and_proof,,
2347,source_pdf_pages,tex/2347_source_pdf.tex,requires_complete_editable_statement_and_proof,,
2348,source_pdf_pages,tex/2348_source_pdf.tex,requires_complete_editable_statement_and_proof,,
2349,source_pdf_pages,tex/2349_source_pdf.tex,requires_complete_editable_statement_and_proof,,
2350,source_pdf_pages,tex/2350_source_pdf.tex,requires_complete_editable_statement_and_proof,,
2351,source_pdf_pages,tex/2351_source_pdf.tex,requires_complete_editable_statement_and_proof,,
2352,source_pdf_pages,tex/2352_source_pdf.tex,requires_complete_editable_statement_and_proof,,
2353,source_pdf_pages,tex/2353_source_pdf.tex,requires_complete_editable_statement_and_proof,,
2354,source_pdf_pages,tex/2354_source_pdf.tex,requires_complete_editable_statement_and_proof,,
2355,source_pdf_pages,tex/2355_source_pdf.tex,requires_complete_editable_statement_and_proof,,
2356,source_pdf_pages,tex/2356_source_pdf.tex,requires_complete_editable_statement_and_proof,,
2357,source_pdf_pages,tex/2357_source_pdf.tex,requires_complete_editable_statement_and_proof,,
2358,source_pdf_pages,tex/2358_source_pdf.tex,requires_complete_editable_statement_and_proof,,
2359,source_pdf_pages,tex/2359_source_pdf.tex,requires_complete_editable_statement_and_proof,,
2360,source_pdf_pages,tex/2360_source_pdf.tex,requires_complete_editable_statement_and_proof,,
2361,source_pdf_pages,tex/2361_source_pdf.tex,requires_complete_editable_statement_and_proof,,
2362,source_pdf_pages,tex/2362_source_pdf.tex,requires_complete_editable_statement_and_proof,,
2363,source_pdf_pages,tex/2363_source_pdf.tex,requires_complete_editable_statement_and_proof,,
2364,source_pdf_pages,tex/2364_source_pdf.tex,requires_complete_editable_statement_and_proof,,
2365,source_pdf_pages,tex/2365_source_pdf.tex,requires_complete_editable_statement_and_proof,,
2366,source_pdf_pages,tex/2366_source_pdf.tex,requires_complete_editable_statement_and_proof,,
2367,source_pdf_pages,tex/2367_source_pdf.tex,requires_complete_editable_statement_and_proof,,
2368,source_pdf_pages,tex/2368_source_pdf.tex,requires_complete_editable_statement_and_proof,,
2369,source_pdf_pages,tex/2369_source_pdf.tex,requires_complete_editable_statement_and_proof,,
2370,source_pdf_pages,tex/2370_source_pdf.tex,requires_complete_editable_statement_and_proof,,
2371,source_pdf_pages,tex/2371_source_pdf.tex,requires_complete_editable_statement_and_proof,,
2372,source_pdf_pages,tex/2372_source_pdf.tex,requires_complete_editable_statement_and_proof,,
2373,source_pdf_pages,tex/2373_source_pdf.tex,requires_complete_editable_statement_and_proof,,
2374,source_pdf_pages,tex/2374_source_pdf.tex,requires_complete_editable_statement_and_proof,,
2375,source_pdf_pages,tex/2375_source_pdf.tex,requires_complete_editable_statement_and_proof,,
2376,source_pdf_pages,tex/2376_source_pdf.tex,requires_complete_editable_statement_and_proof,,
2377,source_pdf_pages,tex/2377_source_pdf.tex,requires_complete_editable_statement_and_proof,,
2378,source_pdf_pages,tex/2378_source_pdf.tex,requires_complete_editable_statement_and_proof,,
2379,source_pdf_pages,tex/2379_source_pdf.tex,requires_complete_editable_statement_and_proof,,
2380,source_pdf_pages,tex/2380_source_pdf.tex,requires_complete_editable_statement_and_proof,,
2381,source_pdf_pages,tex/2381_source_pdf.tex,requires_complete_editable_statement_and_proof,,
2382,source_pdf_pages,tex/2382_source_pdf.tex,requires_complete_editable_statement_and_proof,,
2383,source_pdf_pages,tex/2383_source_pdf.tex,requires_complete_editable_statement_and_proof,,
2384,source_pdf_pages,tex/2384_source_pdf.tex,requires_complete_editable_statement_and_proof,,
2385,source_pdf_pages,tex/2385_source_pdf.tex,requires_complete_editable_statement_and_proof,,
2386,source_pdf_pages,tex/2386_source_pdf.tex,requires_complete_editable_statement_and_proof,,
2387,source_pdf_pages,tex/2387_source_pdf.tex,requires_complete_editable_statement_and_proof,,
2388,source_pdf_pages,tex/2388_source_pdf.tex,requires_complete_editable_statement_and_proof,,
2389,source_pdf_pages,tex/2389_source_pdf.tex,requires_complete_editable_statement_and_proof,,
2390,source_pdf_pages,tex/2390_source_pdf.tex,requires_complete_editable_statement_and_proof,,
2391,source_pdf_pages,tex/2391_source_pdf.tex,requires_complete_editable_statement_and_proof,,
2392,source_pdf_pages,tex/2392_source_pdf.tex,requires_complete_editable_statement_and_proof,,
2393,source_pdf_pages,tex/2393_source_pdf.tex,requires_complete_editable_statement_and_proof,,
2394,source_pdf_pages,tex/2394_source_pdf.tex,requires_complete_editable_statement_and_proof,,
2395,source_pdf_pages,tex/2395_source_pdf.tex,requires_complete_editable_statement_and_proof,,
2396,source_pdf_pages,tex/2396_source_pdf.tex,requires_complete_editable_statement_and_proof,,
2397,source_pdf_pages,tex/2397_source_pdf.tex,requires_complete_editable_statement_and_proof,,
2398,source_pdf_pages,tex/2398_source_pdf.tex,requires_complete_editable_statement_and_proof,,
2399,source_pdf_pages,tex/2399_source_pdf.tex,requires_complete_editable_statement_and_proof,,
2400,source_pdf_pages,tex/2400_source_pdf.tex,requires_complete_editable_statement_and_proof,,
2401,source_pdf_pages,tex/2401_source_pdf.tex,requires_complete_editable_statement_and_proof,,
2402,source_pdf_pages,tex/2402_source_pdf.tex,requires_complete_editable_statement_and_proof,,
2403,source_pdf_pages,tex/2403_source_pdf.tex,requires_complete_editable_statement_and_proof,,
2404,source_pdf_pages,tex/2404_source_pdf.tex,requires_complete_editable_statement_and_proof,,
2405,source_pdf_pages,tex/2405_source_pdf.tex,requires_complete_editable_statement_and_proof,,
2406,source_pdf_pages,tex/2406_source_pdf.tex,requires_complete_editable_statement_and_proof,,
2407,source_pdf_pages,tex/2407_source_pdf.tex,requires_complete_editable_statement_and_proof,,
2408,source_pdf_pages,tex/2408_source_pdf.tex,requires_complete_editable_statement_and_proof,,
2409,source_pdf_pages,tex/2409_source_pdf.tex,requires_complete_editable_statement_and_proof,,
2410,source_pdf_pages,tex/2410_source_pdf.tex,requires_complete_editable_statement_and_proof,,
2411,source_pdf_pages,tex/2411_source_pdf.tex,requires_complete_editable_statement_and_proof,,
2412,source_pdf_pages,tex/2412_source_pdf.tex,requires_complete_editable_statement_and_proof,,
2413,source_pdf_pages,tex/2413_source_pdf.tex,requires_complete_editable_statement_and_proof,,
2414,source_pdf_pages,tex/2414_source_pdf.tex,requires_complete_editable_statement_and_proof,,
2415,source_pdf_pages,tex/2415_source_pdf.tex,requires_complete_editable_statement_and_proof,,
2416,source_pdf_pages,tex/2416_source_pdf.tex,requires_complete_editable_statement_and_proof,,
2417,source_pdf_pages,tex/2417_source_pdf.tex,requires_complete_editable_statement_and_proof,,
2418,source_pdf_pages,tex/2418_source_pdf.tex,requires_complete_editable_statement_and_proof,,
2419,source_pdf_pages,tex/2419_source_pdf.tex,requires_complete_editable_statement_and_proof,,
2420,source_pdf_pages,tex/2420_source_pdf.tex,requires_complete_editable_statement_and_proof,,
2421,source_pdf_pages,tex/2421_source_pdf.tex,requires_complete_editable_statement_and_proof,,
2422,source_pdf_pages,tex/2422_source_pdf.tex,requires_complete_editable_statement_and_proof,,
2423,source_pdf_pages,tex/2423_source_pdf.tex,requires_complete_editable_statement_and_proof,,
2424,source_pdf_pages,tex/2424_source_pdf.tex,requires_complete_editable_statement_and_proof,,
2425,source_pdf_pages,tex/2425_source_pdf.tex,requires_complete_editable_statement_and_proof,,
2426,source_pdf_pages,tex/2426_source_pdf.tex,requires_complete_editable_statement_and_proof,,
2427,source_pdf_pages,tex/2427_source_pdf.tex,requires_complete_editable_statement_and_proof,,
2428,source_pdf_pages,tex/2428_source_pdf.tex,requires_complete_editable_statement_and_proof,,
2429,source_pdf_pages,tex/2429_source_pdf.tex,requires_complete_editable_statement_and_proof,,
2430,source_pdf_pages,tex/2430_source_pdf.tex,requires_complete_editable_statement_and_proof,,
2431,source_pdf_pages,tex/2431_source_pdf.tex,requires_complete_editable_statement_and_proof,,
2432,source_pdf_pages,tex/2432_source_pdf.tex,requires_complete_editable_statement_and_proof,,
2433,source_pdf_pages,tex/2433_source_pdf.tex,requires_complete_editable_statement_and_proof,,
2434,source_pdf_pages,tex/2434_source_pdf.tex,requires_complete_editable_statement_and_proof,,
2435,source_pdf_pages,tex/2435_source_pdf.tex,requires_complete_editable_statement_and_proof,,
2436,source_pdf_pages,tex/2436_source_pdf.tex,requires_complete_editable_statement_and_proof,,
2437,source_pdf_pages,tex/2437_source_pdf.tex,requires_complete_editable_statement_and_proof,,
2438,source_pdf_pages,tex/2438_source_pdf.tex,requires_complete_editable_statement_and_proof,,
2439,source_pdf_pages,tex/2439_source_pdf.tex,requires_complete_editable_statement_and_proof,,
2440,source_pdf_pages,tex/2440_source_pdf.tex,requires_complete_editable_statement_and_proof,,
2441,source_pdf_pages,tex/2441_source_pdf.tex,requires_complete_editable_statement_and_proof,,
2442,source_pdf_pages,tex/2442_source_pdf.tex,requires_complete_editable_statement_and_proof,,
2443,source_pdf_pages,tex/2443_source_pdf.tex,requires_complete_editable_statement_and_proof,,
2444,source_pdf_pages,tex/2444_source_pdf.tex,requires_complete_editable_statement_and_proof,,
2445,source_pdf_pages,tex/2445_source_pdf.tex,requires_complete_editable_statement_and_proof,,
2446,source_pdf_pages,tex/2446_source_pdf.tex,requires_complete_editable_statement_and_proof,,
2447,source_pdf_pages,tex/2447_source_pdf.tex,requires_complete_editable_statement_and_proof,,
2448,source_pdf_pages,tex/2448_source_pdf.tex,requires_complete_editable_statement_and_proof,,
2449,source_pdf_pages,tex/2449_source_pdf.tex,requires_complete_editable_statement_and_proof,,
2450,source_pdf_pages,tex/2450_source_pdf.tex,requires_complete_editable_statement_and_proof,,
2451,source_pdf_pages,tex/2451_source_pdf.tex,requires_complete_editable_statement_and_proof,,
2452,source_pdf_pages,tex/2452_source_pdf.tex,requires_complete_editable_statement_and_proof,,
2453,source_pdf_pages,tex/2453_source_pdf.tex,requires_complete_editable_statement_and_proof,,
2454,source_pdf_pages,tex/2454_source_pdf.tex,requires_complete_editable_statement_and_proof,,
2455,source_pdf_pages,tex/2455_source_pdf.tex,requires_complete_editable_statement_and_proof,,
2456,source_pdf_pages,tex/2456_source_pdf.tex,requires_complete_editable_statement_and_proof,,
2457,source_pdf_pages,tex/2457_source_pdf.tex,requires_complete_editable_statement_and_proof,,
2458,source_pdf_pages,tex/2458_source_pdf.tex,requires_complete_editable_statement_and_proof,,
2459,source_pdf_pages,tex/2459_source_pdf.tex,requires_complete_editable_statement_and_proof,,
2460,source_pdf_pages,tex/2460_source_pdf.tex,requires_complete_editable_statement_and_proof,,
2461,source_pdf_pages,tex/2461_source_pdf.tex,requires_complete_editable_statement_and_proof,,
2462,source_pdf_pages,tex/2462_source_pdf.tex,requires_complete_editable_statement_and_proof,,
2463,source_pdf_pages,tex/2463_source_pdf.tex,requires_complete_editable_statement_and_proof,,
2464,source_pdf_pages,tex/2464_source_pdf.tex,requires_complete_editable_statement_and_proof,,
2465,source_pdf_pages,tex/2465_source_pdf.tex,requires_complete_editable_statement_and_proof,,
2466,source_pdf_pages,tex/2466_source_pdf.tex,requires_complete_editable_statement_and_proof,,
2467,source_pdf_pages,tex/2467_source_pdf.tex,requires_complete_editable_statement_and_proof,,
2468,source_pdf_pages,tex/2468_source_pdf.tex,requires_complete_editable_statement_and_proof,,
2469,source_pdf_pages,tex/2469_source_pdf.tex,requires_complete_editable_statement_and_proof,,
2470,source_pdf_pages,tex/2470_source_pdf.tex,requires_complete_editable_statement_and_proof,,
2471,source_pdf_pages,tex/2471_source_pdf.tex,requires_complete_editable_statement_and_proof,,
2472,source_pdf_pages,tex/2472_source_pdf.tex,requires_complete_editable_statement_and_proof,,
2473,source_pdf_pages,tex/2473_source_pdf.tex,requires_complete_editable_statement_and_proof,,
2474,source_pdf_pages,tex/2474_source_pdf.tex,requires_complete_editable_statement_and_proof,,
2475,source_pdf_pages,tex/2475_source_pdf.tex,requires_complete_editable_statement_and_proof,,
2476,source_pdf_pages,tex/2476_source_pdf.tex,requires_complete_editable_statement_and_proof,,
2477,source_pdf_pages,tex/2477_source_pdf.tex,requires_complete_editable_statement_and_proof,,
2478,source_pdf_pages,tex/2478_source_pdf.tex,requires_complete_editable_statement_and_proof,,
2479,source_pdf_pages,tex/2479_source_pdf.tex,requires_complete_editable_statement_and_proof,,
2480,source_pdf_pages,tex/2480_source_pdf.tex,requires_complete_editable_statement_and_proof,,
2481,source_pdf_pages,tex/2481_source_pdf.tex,requires_complete_editable_statement_and_proof,,
2482,source_pdf_pages,tex/2482_source_pdf.tex,requires_complete_editable_statement_and_proof,,
2483,source_pdf_pages,tex/2483_source_pdf.tex,requires_complete_editable_statement_and_proof,,
2484,source_pdf_pages,tex/2484_source_pdf.tex,requires_complete_editable_statement_and_proof,,
2485,source_pdf_pages,tex/2485_source_pdf.tex,requires_complete_editable_statement_and_proof,,
2486,source_pdf_pages,tex/2486_source_pdf.tex,requires_complete_editable_statement_and_proof,,
2487,source_pdf_pages,tex/2487_source_pdf.tex,requires_complete_editable_statement_and_proof,,
2488,source_pdf_pages,tex/2488_source_pdf.tex,requires_complete_editable_statement_and_proof,,
2489,source_pdf_pages,tex/2489_source_pdf.tex,requires_complete_editable_statement_and_proof,,
2490,source_pdf_pages,tex/2490_source_pdf.tex,requires_complete_editable_statement_and_proof,,
2491,source_pdf_pages,tex/2491_source_pdf.tex,requires_complete_editable_statement_and_proof,,
2492,source_pdf_pages,tex/2492_source_pdf.tex,requires_complete_editable_statement_and_proof,,
2493,source_pdf_pages,tex/2493_source_pdf.tex,requires_complete_editable_statement_and_proof,,
2494,source_pdf_pages,tex/2494_source_pdf.tex,requires_complete_editable_statement_and_proof,,
2495,source_pdf_pages,tex/2495_source_pdf.tex,requires_complete_editable_statement_and_proof,,
2496,source_pdf_pages,tex/2496_source_pdf.tex,requires_complete_editable_statement_and_proof,,
2497,source_pdf_pages,tex/2497_source_pdf.tex,requires_complete_editable_statement_and_proof,,
2498,source_pdf_pages,tex/2498_source_pdf.tex,requires_complete_editable_statement_and_proof,,
2499,source_pdf_pages,tex/2499_source_pdf.tex,requires_complete_editable_statement_and_proof,,
2500,source_pdf_pages,tex/2500_source_pdf.tex,requires_complete_editable_statement_and_proof,,
2501,source_pdf_pages,tex/2501_source_pdf.tex,requires_complete_editable_statement_and_proof,,
2502,source_pdf_pages,tex/2502_source_pdf.tex,requires_complete_editable_statement_and_proof,,
2503,source_pdf_pages,tex/2503_source_pdf.tex,requires_complete_editable_statement_and_proof,,
2504,source_pdf_pages,tex/2504_source_pdf.tex,requires_complete_editable_statement_and_proof,,
2505,source_pdf_pages,tex/2505_source_pdf.tex,requires_complete_editable_statement_and_proof,,
2506,source_pdf_pages,tex/2506_source_pdf.tex,requires_complete_editable_statement_and_proof,,
2507,source_pdf_pages,tex/2507_source_pdf.tex,requires_complete_editable_statement_and_proof,,
2508,source_pdf_pages,tex/2508_source_pdf.tex,requires_complete_editable_statement_and_proof,,
2509,source_pdf_pages,tex/2509_source_pdf.tex,requires_complete_editable_statement_and_proof,,
2510,source_pdf_pages,tex/2510_source_pdf.tex,requires_complete_editable_statement_and_proof,,
2511,source_pdf_pages,tex/2511_source_pdf.tex,requires_complete_editable_statement_and_proof,,
2512,source_pdf_pages,tex/2512_source_pdf.tex,requires_complete_editable_statement_and_proof,,
2513,source_pdf_pages,tex/2513_source_pdf.tex,requires_complete_editable_statement_and_proof,,
2514,source_pdf_pages,tex/2514_source_pdf.tex,requires_complete_editable_statement_and_proof,,
2515,source_pdf_pages,tex/2515_source_pdf.tex,requires_complete_editable_statement_and_proof,,
2516,source_pdf_pages,tex/2516_source_pdf.tex,requires_complete_editable_statement_and_proof,,
2517,source_pdf_pages,tex/2517_source_pdf.tex,requires_complete_editable_statement_and_proof,,
2518,source_pdf_pages,tex/2518_source_pdf.tex,requires_complete_editable_statement_and_proof,,
2519,source_pdf_pages,tex/2519_source_pdf.tex,requires_complete_editable_statement_and_proof,,
2520,source_pdf_pages,tex/2520_source_pdf.tex,requires_complete_editable_statement_and_proof,,
2521,source_pdf_pages,tex/2521_source_pdf.tex,requires_complete_editable_statement_and_proof,,
2522,source_pdf_pages,tex/2522_source_pdf.tex,requires_complete_editable_statement_and_proof,,
2523,source_pdf_pages,tex/2523_source_pdf.tex,requires_complete_editable_statement_and_proof,,
2524,source_pdf_pages,tex/2524_source_pdf.tex,requires_complete_editable_statement_and_proof,,
2525,source_pdf_pages,tex/2525_source_pdf.tex,requires_complete_editable_statement_and_proof,,
2526,source_pdf_pages,tex/2526_source_pdf.tex,requires_complete_editable_statement_and_proof,,
2527,source_pdf_pages,tex/2527_source_pdf.tex,requires_complete_editable_statement_and_proof,,
2528,source_pdf_pages,tex/2528_source_pdf.tex,requires_complete_editable_statement_and_proof,,
2529,source_pdf_pages,tex/2529_source_pdf.tex,requires_complete_editable_statement_and_proof,,
2530,source_pdf_pages,tex/2530_source_pdf.tex,requires_complete_editable_statement_and_proof,,
2531,source_pdf_pages,tex/2531_source_pdf.tex,requires_complete_editable_statement_and_proof,,
2532,source_pdf_pages,tex/2532_source_pdf.tex,requires_complete_editable_statement_and_proof,,
2533,source_pdf_pages,tex/2533_source_pdf.tex,requires_complete_editable_statement_and_proof,,
2534,source_pdf_pages,tex/2534_source_pdf.tex,requires_complete_editable_statement_and_proof,,
2535,source_pdf_pages,tex/2535_source_pdf.tex,requires_complete_editable_statement_and_proof,,
2536,source_pdf_pages,tex/2536_source_pdf.tex,requires_complete_editable_statement_and_proof,,
2537,source_pdf_pages,tex/2537_source_pdf.tex,requires_complete_editable_statement_and_proof,,
2538,source_pdf_pages,tex/2538_source_pdf.tex,requires_complete_editable_statement_and_proof,,
2539,source_pdf_pages,tex/2539_source_pdf.tex,requires_complete_editable_statement_and_proof,,
2540,source_pdf_pages,tex/2540_source_pdf.tex,requires_complete_editable_statement_and_proof,,
2541,source_pdf_pages,tex/2541_source_pdf.tex,requires_complete_editable_statement_and_proof,,
2542,source_pdf_pages,tex/2542_source_pdf.tex,requires_complete_editable_statement_and_proof,,
2543,source_pdf_pages,tex/2543_source_pdf.tex,requires_complete_editable_statement_and_proof,,
2544,source_pdf_pages,tex/2544_source_pdf.tex,requires_complete_editable_statement_and_proof,,
2545,source_pdf_pages,tex/2545_source_pdf.tex,requires_complete_editable_statement_and_proof,,
2546,source_pdf_pages,tex/2546_source_pdf.tex,requires_complete_editable_statement_and_proof,,
2547,source_pdf_pages,tex/2547_source_pdf.tex,requires_complete_editable_statement_and_proof,,
2548,source_pdf_pages,tex/2548_source_pdf.tex,requires_complete_editable_statement_and_proof,,
2549,source_pdf_pages,tex/2549_source_pdf.tex,requires_complete_editable_statement_and_proof,,
2550,source_pdf_pages,tex/2550_source_pdf.tex,requires_complete_editable_statement_and_proof,,
2551,source_pdf_pages,tex/2551_source_pdf.tex,requires_complete_editable_statement_and_proof,,
2552,source_pdf_pages,tex/2552_source_pdf.tex,verified_editable_tex,items/2552_author_proof.tex,
2553,source_pdf_pages,tex/2553_source_pdf.tex,verified_editable_tex,items/2553_author_proof.tex,
2554,source_pdf_pages,tex/2554_source_pdf.tex,requires_complete_editable_statement_and_proof,,
2555,source_pdf_pages,tex/2555_source_pdf.tex,requires_complete_editable_statement_and_proof,,
2556,source_pdf_pages,tex/2556_source_pdf.tex,requires_complete_editable_statement_and_proof,,
2557,source_pdf_pages,tex/2557_source_pdf.tex,requires_complete_editable_statement_and_proof,,
2558,source_pdf_pages,tex/2558_source_pdf.tex,requires_complete_editable_statement_and_proof,,
2559,source_pdf_pages,tex/2559_source_pdf.tex,requires_complete_editable_statement_and_proof,,
2560,source_pdf_pages,tex/2560_source_pdf.tex,requires_complete_editable_statement_and_proof,,
2561,source_pdf_pages,tex/2561_source_pdf.tex,requires_complete_editable_statement_and_proof,,
2562,source_pdf_pages,tex/2562_source_pdf.tex,requires_complete_editable_statement_and_proof,,
2563,source_pdf_pages,tex/2563_source_pdf.tex,requires_complete_editable_statement_and_proof,,
2564,source_pdf_pages,tex/2564_source_pdf.tex,requires_complete_editable_statement_and_proof,,
2565,source_pdf_pages,tex/2565_source_pdf.tex,requires_complete_editable_statement_and_proof,,
2566,source_pdf_pages,tex/2566_source_pdf.tex,requires_complete_editable_statement_and_proof,,
2567,source_pdf_pages,tex/2567_source_pdf.tex,requires_complete_editable_statement_and_proof,,
2568,source_pdf_pages,tex/2568_source_pdf.tex,requires_complete_editable_statement_and_proof,,
2569,source_pdf_pages,tex/2569_source_pdf.tex,requires_complete_editable_statement_and_proof,,
2570,source_pdf_pages,tex/2570_source_pdf.tex,requires_complete_editable_statement_and_proof,,
2571,source_pdf_pages,tex/2571_source_pdf.tex,requires_complete_editable_statement_and_proof,,
2572,source_pdf_pages,tex/2572_source_pdf.tex,requires_complete_editable_statement_and_proof,,
2573,source_pdf_pages,tex/2573_source_pdf.tex,requires_complete_editable_statement_and_proof,,
2574,source_pdf_pages,tex/2574_source_pdf.tex,requires_complete_editable_statement_and_proof,,
2575,source_pdf_pages,tex/2575_source_pdf.tex,requires_complete_editable_statement_and_proof,,
2576,source_pdf_pages,tex/2576_source_pdf.tex,requires_complete_editable_statement_and_proof,,
2577,source_pdf_pages,tex/2577_source_pdf.tex,requires_complete_editable_statement_and_proof,,
2578,source_pdf_pages,tex/2578_source_pdf.tex,requires_complete_editable_statement_and_proof,,
2579,source_pdf_pages,tex/2579_source_pdf.tex,requires_complete_editable_statement_and_proof,,
2580,source_pdf_pages,tex/2580_source_pdf.tex,requires_complete_editable_statement_and_proof,,
2581,source_pdf_pages,tex/2581_source_pdf.tex,requires_complete_editable_statement_and_proof,,
2582,source_pdf_pages,tex/2582_source_pdf.tex,requires_complete_editable_statement_and_proof,,
2583,source_pdf_pages,tex/2583_source_pdf.tex,requires_complete_editable_statement_and_proof,,
2584,source_pdf_pages,tex/2584_source_pdf.tex,requires_complete_editable_statement_and_proof,,
2585,source_pdf_pages,tex/2585_source_pdf.tex,requires_complete_editable_statement_and_proof,,
2586,source_pdf_pages,tex/2586_source_pdf.tex,requires_complete_editable_statement_and_proof,,
2587,source_pdf_pages,tex/2587_source_pdf.tex,requires_complete_editable_statement_and_proof,,
2588,source_pdf_pages,tex/2588_source_pdf.tex,requires_complete_editable_statement_and_proof,,
2589,source_pdf_pages,tex/2589_source_pdf.tex,requires_complete_editable_statement_and_proof,,
2590,source_pdf_pages,tex/2590_source_pdf.tex,requires_complete_editable_statement_and_proof,,
2591,source_pdf_pages,tex/2591_source_pdf.tex,requires_complete_editable_statement_and_proof,,
2592,source_pdf_pages,tex/2592_source_pdf.tex,requires_complete_editable_statement_and_proof,,
2593,source_pdf_pages,tex/2593_source_pdf.tex,verified_editable_tex,items/2593_author_proof.tex,
2594,source_pdf_pages,tex/2594_source_pdf.tex,verified_editable_tex,items/2594_author_proof.tex,
2595,source_pdf_pages,tex/2595_source_pdf.tex,verified_editable_tex,items/2595_author_proof.tex,
2596,source_pdf_pages,tex/2596_source_pdf.tex,verified_editable_tex,items/2596_author_proof.tex,
2597,source_pdf_pages,tex/2597_source_pdf.tex,verified_editable_tex,items/2597_author_proof.tex,
2598,source_pdf_pages,tex/2598_source_pdf.tex,verified_editable_tex,items/2598_author_proof.tex,
2599,source_pdf_pages,tex/2599_source_pdf.tex,verified_editable_tex,items/2599_author_proof.tex,
2600,source_pdf_pages,tex/2600_source_pdf.tex,verified_editable_tex,items/2600_author_proof.tex,
2601,source_pdf_pages,tex/2601_source_pdf.tex,verified_editable_tex,items/2601_author_proof.tex,
2602,source_pdf_pages,tex/2602_source_pdf.tex,verified_editable_tex,items/2602_author_proof.tex,
2603,source_pdf_pages,tex/2603_source_pdf.tex,verified_editable_tex,items/2603_author_proof.tex,
2604,source_pdf_pages,tex/2604_source_pdf.tex,requires_complete_editable_statement_and_proof,,
2605,source_pdf_pages,tex/2605_source_pdf.tex,verified_editable_tex,items/2605_author_proof.tex,
2606,source_pdf_pages,tex/2606_source_pdf.tex,verified_editable_tex,items/2606_author_proof.tex,
2607,source_pdf_pages,tex/2607_source_pdf.tex,verified_editable_tex,items/2607_author_proof.tex,
2608,source_pdf_pages,tex/2608_source_pdf.tex,verified_editable_tex,items/2608_author_proof.tex,
2609,source_pdf_pages,tex/2609_source_pdf.tex,requires_complete_editable_statement_and_proof,,
2610,source_pdf_pages,tex/2610_source_pdf.tex,requires_complete_editable_statement_and_proof,,
2611,source_pdf_pages,tex/2611_source_pdf.tex,requires_complete_editable_statement_and_proof,,
2612,source_pdf_pages,tex/2612_source_pdf.tex,requires_complete_editable_statement_and_proof,,
2613,source_pdf_pages,tex/2613_source_pdf.tex,requires_complete_editable_statement_and_proof,,
2614,source_pdf_pages,tex/2614_source_pdf.tex,requires_complete_editable_statement_and_proof,,
2615,source_pdf_pages,tex/2615_source_pdf.tex,requires_complete_editable_statement_and_proof,,
2616,source_pdf_pages,tex/2616_source_pdf.tex,requires_complete_editable_statement_and_proof,,
2617,source_pdf_pages,tex/2617_source_pdf.tex,requires_complete_editable_statement_and_proof,,
2618,source_pdf_pages,tex/2618_source_pdf.tex,requires_complete_editable_statement_and_proof,,
2619,source_pdf_pages,tex/2619_source_pdf.tex,requires_complete_editable_statement_and_proof,,
2620,source_pdf_pages,tex/2620_source_pdf.tex,requires_complete_editable_statement_and_proof,,
2621,source_pdf_pages,tex/2621_source_pdf.tex,requires_complete_editable_statement_and_proof,,
2622,source_pdf_pages,tex/2622_source_pdf.tex,requires_complete_editable_statement_and_proof,,
2623,source_pdf_pages,tex/2623_source_pdf.tex,requires_complete_editable_statement_and_proof,,
2624,source_pdf_pages,tex/2624_source_pdf.tex,requires_complete_editable_statement_and_proof,,
2625,source_pdf_pages,tex/2625_source_pdf.tex,requires_complete_editable_statement_and_proof,,
2626,source_pdf_pages,tex/2626_source_pdf.tex,requires_complete_editable_statement_and_proof,,
2627,source_pdf_pages,tex/2627_source_pdf.tex,requires_complete_editable_statement_and_proof,,
2628,source_pdf_pages,tex/2628_source_pdf.tex,requires_complete_editable_statement_and_proof,,
2629,source_pdf_pages,tex/2629_source_pdf.tex,requires_complete_editable_statement_and_proof,,
2630,source_pdf_pages,tex/2630_source_pdf.tex,requires_complete_editable_statement_and_proof,,
2631,source_pdf_pages,tex/2631_source_pdf.tex,requires_complete_editable_statement_and_proof,,
2632,source_pdf_pages,tex/2632_source_pdf.tex,verified_editable_tex,items/2632_author_proof.tex,
2633,source_pdf_pages,tex/2633_source_pdf.tex,verified_editable_tex,items/2633_author_proof.tex,
2634,source_pdf_pages,tex/2634_source_pdf.tex,verified_editable_tex,items/2634_author_proof.tex,
2635,source_pdf_pages,tex/2635_source_pdf.tex,verified_editable_tex,items/2635_author_proof.tex,
2636,source_pdf_pages,tex/2636_source_pdf.tex,verified_editable_tex,items/2636_author_proof.tex,
2637,source_pdf_pages,tex/2637_source_pdf.tex,verified_editable_tex,items/2637_author_proof.tex,
2638,source_pdf_pages,tex/2638_source_pdf.tex,verified_editable_tex,items/2638_author_proof.tex,
2639,source_pdf_pages,tex/2639_source_pdf.tex,verified_editable_tex,items/2639_author_proof.tex,
2640,source_pdf_pages,tex/2640_source_pdf.tex,verified_editable_tex,items/2640_author_proof.tex,
2641,source_pdf_pages,tex/2641_source_pdf.tex,verified_editable_tex,items/2641_author_proof.tex,
2642,source_pdf_pages,tex/2642_source_pdf.tex,verified_editable_tex,items/2642_author_proof.tex,
2643,source_pdf_pages,tex/2643_source_pdf.tex,verified_editable_tex,items/2643_author_proof.tex,
2644,source_pdf_pages,tex/2644_source_pdf.tex,requires_complete_editable_statement_and_proof,,
2645,source_pdf_pages,tex/2645_source_pdf.tex,requires_complete_editable_statement_and_proof,,
2646,source_pdf_pages,tex/2646_source_pdf.tex,requires_complete_editable_statement_and_proof,,
2647,source_pdf_pages,tex/2647_source_pdf.tex,requires_complete_editable_statement_and_proof,,
2648,source_pdf_pages,tex/2648_source_pdf.tex,requires_complete_editable_statement_and_proof,,
2649,source_pdf_pages,tex/2649_source_pdf.tex,requires_complete_editable_statement_and_proof,,
2650,source_pdf_pages,tex/2650_source_pdf.tex,requires_complete_editable_statement_and_proof,,
2651,source_pdf_pages,tex/2651_source_pdf.tex,requires_complete_editable_statement_and_proof,,
2652,source_pdf_pages,tex/2652_source_pdf.tex,requires_complete_editable_statement_and_proof,,
2653,source_pdf_pages,tex/2653_source_pdf.tex,requires_complete_editable_statement_and_proof,,
2654,source_pdf_pages,tex/2654_source_pdf.tex,requires_complete_editable_statement_and_proof,,
2655,source_pdf_pages,tex/2655_source_pdf.tex,requires_complete_editable_statement_and_proof,,
2656,source_pdf_pages,tex/2656_source_pdf.tex,requires_complete_editable_statement_and_proof,,
2657,source_pdf_pages,tex/2657_source_pdf.tex,requires_complete_editable_statement_and_proof,,
2658,source_pdf_pages,tex/2658_source_pdf.tex,requires_complete_editable_statement_and_proof,,
2659,source_pdf_pages,tex/2659_source_pdf.tex,requires_complete_editable_statement_and_proof,,
2660,source_pdf_pages,tex/2660_source_pdf.tex,requires_complete_editable_statement_and_proof,,
2661,source_pdf_pages,tex/2661_source_pdf.tex,requires_complete_editable_statement_and_proof,,
2662,source_pdf_pages,tex/2662_source_pdf.tex,requires_complete_editable_statement_and_proof,,
2663,source_pdf_pages,tex/2663_source_pdf.tex,requires_complete_editable_statement_and_proof,,
2664,source_pdf_pages,tex/2664_source_pdf.tex,requires_complete_editable_statement_and_proof,,
2665,source_pdf_pages,tex/2665_source_pdf.tex,requires_complete_editable_statement_and_proof,,
2666,source_pdf_pages,tex/2666_source_pdf.tex,requires_complete_editable_statement_and_proof,,
2667,source_pdf_pages,tex/2667_source_pdf.tex,requires_complete_editable_statement_and_proof,,
2668,source_pdf_pages,tex/2668_source_pdf.tex,requires_complete_editable_statement_and_proof,,
2669,source_pdf_pages,tex/2669_source_pdf.tex,requires_complete_editable_statement_and_proof,,
2670,source_pdf_pages,tex/2670_source_pdf.tex,requires_complete_editable_statement_and_proof,,
2671,source_pdf_pages,tex/2671_source_pdf.tex,requires_complete_editable_statement_and_proof,,
2672,source_pdf_pages,tex/2672_source_pdf.tex,requires_complete_editable_statement_and_proof,,
2673,source_pdf_pages,tex/2673_source_pdf.tex,requires_complete_editable_statement_and_proof,,
2674,source_pdf_pages,tex/2674_source_pdf.tex,requires_complete_editable_statement_and_proof,,
2675,source_pdf_pages,tex/2675_source_pdf.tex,requires_complete_editable_statement_and_proof,,
2676,source_pdf_pages,tex/2676_source_pdf.tex,requires_complete_editable_statement_and_proof,,
2677,source_pdf_pages,tex/2677_source_pdf.tex,requires_complete_editable_statement_and_proof,,
2678,source_pdf_pages,tex/2678_source_pdf.tex,requires_complete_editable_statement_and_proof,,
2679,source_pdf_pages,tex/2679_source_pdf.tex,requires_complete_editable_statement_and_proof,,
2680,source_pdf_pages,tex/2680_source_pdf.tex,requires_complete_editable_statement_and_proof,,
2681,source_pdf_pages,tex/2681_source_pdf.tex,requires_complete_editable_statement_and_proof,,
2682,source_pdf_pages,tex/2682_source_pdf.tex,verified_editable_tex,items/2682_author_proof.tex,
2683,source_pdf_pages,tex/2683_source_pdf.tex,verified_editable_tex,items/2683_author_proof.tex,
2684,source_pdf_pages,tex/2684_source_pdf.tex,verified_editable_tex,items/2684_author_proof.tex,
2685,source_pdf_pages,tex/2685_source_pdf.tex,requires_complete_editable_statement_and_proof,,
2686,source_pdf_pages,tex/2686_source_pdf.tex,verified_editable_tex,items/2686_author_proof.tex,
2687,source_pdf_pages,tex/2687_source_pdf.tex,verified_editable_tex,items/2687_author_proof.tex,
2688,source_pdf_pages,tex/2688_source_pdf.tex,verified_editable_tex,items/2688_author_proof.tex,
2689,source_pdf_pages,tex/2689_source_pdf.tex,verified_editable_tex,items/2689_author_proof.tex,
2690,source_pdf_pages,tex/2690_source_pdf.tex,verified_editable_tex,items/2690_author_proof.tex,
2691,source_pdf_pages,tex/2691_source_pdf.tex,verified_editable_tex,items/2691_author_proof.tex,
2692,source_pdf_pages,tex/2692_source_pdf.tex,requires_complete_editable_statement_and_proof,,
2693,source_pdf_pages,tex/2693_source_pdf.tex,requires_complete_editable_statement_and_proof,,
2694,source_pdf_pages,tex/2694_source_pdf.tex,requires_complete_editable_statement_and_proof,,
2695,source_pdf_pages,tex/2695_source_pdf.tex,requires_complete_editable_statement_and_proof,,
2696,source_pdf_pages,tex/2696_source_pdf.tex,requires_complete_editable_statement_and_proof,,
2697,source_pdf_pages,tex/2697_source_pdf.tex,requires_complete_editable_statement_and_proof,,
2698,source_pdf_pages,tex/2698_source_pdf.tex,requires_complete_editable_statement_and_proof,,
2699,source_pdf_pages,tex/2699_source_pdf.tex,requires_complete_editable_statement_and_proof,,
2700,source_pdf_pages,tex/2700_source_pdf.tex,requires_complete_editable_statement_and_proof,,
2701,source_pdf_pages,tex/2701_source_pdf.tex,requires_complete_editable_statement_and_proof,,
2702,source_pdf_pages,tex/2702_source_pdf.tex,requires_complete_editable_statement_and_proof,,
2703,source_pdf_pages,tex/2703_source_pdf.tex,requires_complete_editable_statement_and_proof,,
2704,source_pdf_pages,tex/2704_source_pdf.tex,requires_complete_editable_statement_and_proof,,
2705,source_pdf_pages,tex/2705_source_pdf.tex,requires_complete_editable_statement_and_proof,,
2706,source_pdf_pages,tex/2706_source_pdf.tex,requires_complete_editable_statement_and_proof,,
2707,source_pdf_pages,tex/2707_source_pdf.tex,requires_complete_editable_statement_and_proof,,
2708,source_pdf_pages,tex/2708_source_pdf.tex,requires_complete_editable_statement_and_proof,,
2709,source_pdf_pages,tex/2709_source_pdf.tex,requires_complete_editable_statement_and_proof,,
2710,source_pdf_pages,tex/2710_source_pdf.tex,requires_complete_editable_statement_and_proof,,
2711,source_pdf_pages,tex/2711_source_pdf.tex,requires_complete_editable_statement_and_proof,,
2712,source_pdf_pages,tex/2712_source_pdf.tex,requires_complete_editable_statement_and_proof,,
2713,source_pdf_pages,tex/2713_source_pdf.tex,requires_complete_editable_statement_and_proof,,
2714,source_pdf_pages,tex/2714_source_pdf.tex,requires_complete_editable_statement_and_proof,,
2715,source_pdf_pages,tex/2715_source_pdf.tex,requires_complete_editable_statement_and_proof,,
2716,source_pdf_pages,tex/2716_source_pdf.tex,requires_complete_editable_statement_and_proof,,
2717,source_pdf_pages,tex/2717_source_pdf.tex,requires_complete_editable_statement_and_proof,,
2718,source_pdf_pages,tex/2718_source_pdf.tex,requires_complete_editable_statement_and_proof,,
2719,source_pdf_pages,tex/2719_source_pdf.tex,requires_complete_editable_statement_and_proof,,
2720,source_pdf_pages,tex/2720_source_pdf.tex,requires_complete_editable_statement_and_proof,,
2721,source_pdf_pages,tex/2721_source_pdf.tex,requires_complete_editable_statement_and_proof,,
2722,source_pdf_pages,tex/2722_source_pdf.tex,requires_complete_editable_statement_and_proof,,
2723,source_pdf_pages,tex/2723_source_pdf.tex,requires_complete_editable_statement_and_proof,,
2724,source_pdf_pages,tex/2724_source_pdf.tex,requires_complete_editable_statement_and_proof,,
2725,source_pdf_pages,tex/2725_source_pdf.tex,requires_complete_editable_statement_and_proof,,
2726,source_pdf_pages,tex/2726_source_pdf.tex,requires_complete_editable_statement_and_proof,,
2727,source_pdf_pages,tex/2727_source_pdf.tex,requires_complete_editable_statement_and_proof,,
2728,source_pdf_pages,tex/2728_source_pdf.tex,requires_complete_editable_statement_and_proof,,
2729,source_pdf_pages,tex/2729_source_pdf.tex,requires_complete_editable_statement_and_proof,,
2730,source_pdf_pages,tex/2730_source_pdf.tex,requires_complete_editable_statement_and_proof,,
2731,source_pdf_pages,tex/2731_source_pdf.tex,requires_complete_editable_statement_and_proof,,
2732,source_pdf_pages,tex/2732_source_pdf.tex,requires_complete_editable_statement_and_proof,,
2733,source_pdf_pages,tex/2733_source_pdf.tex,requires_complete_editable_statement_and_proof,,
2734,source_pdf_pages,tex/2734_source_pdf.tex,requires_complete_editable_statement_and_proof,,
2735,source_pdf_pages,tex/2735_source_pdf.tex,requires_complete_editable_statement_and_proof,,
2736,source_pdf_pages,tex/2736_source_pdf.tex,requires_complete_editable_statement_and_proof,,
2737,source_pdf_pages,tex/2737_source_pdf.tex,requires_complete_editable_statement_and_proof,,
2738,source_pdf_pages,tex/2738_source_pdf.tex,requires_complete_editable_statement_and_proof,,
2739,source_pdf_pages,tex/2739_source_pdf.tex,requires_complete_editable_statement_and_proof,,
2740,source_pdf_pages,tex/2740_source_pdf.tex,requires_complete_editable_statement_and_proof,,
2741,source_pdf_pages,tex/2741_source_pdf.tex,requires_complete_editable_statement_and_proof,,
2742,source_pdf_pages,tex/2742_source_pdf.tex,requires_complete_editable_statement_and_proof,,
2743,source_pdf_pages,tex/2743_source_pdf.tex,requires_complete_editable_statement_and_proof,,
2744,source_pdf_pages,tex/2744_source_pdf.tex,verified_editable_tex,items/2744_author_proof.tex,
2745,source_pdf_pages,tex/2745_source_pdf.tex,verified_editable_tex,items/2745_author_proof.tex,
2746,source_pdf_pages,tex/2746_source_pdf.tex,verified_editable_tex,items/2746_author_proof.tex,
2747,source_pdf_pages,tex/2747_source_pdf.tex,verified_editable_tex,items/2747_author_proof.tex,
2748,source_pdf_pages,tex/2748_source_pdf.tex,verified_editable_tex,items/2748_author_proof.tex,
2749,source_pdf_pages,tex/2749_source_pdf.tex,verified_editable_tex,items/2749_author_proof.tex,
2750,source_pdf_pages,tex/2750_source_pdf.tex,verified_editable_tex,items/2750_author_proof.tex,
2751,source_pdf_pages,tex/2751_source_pdf.tex,verified_editable_tex,items/2751_author_proof.tex,
2752,source_pdf_pages,tex/2752_source_pdf.tex,requires_complete_editable_statement_and_proof,,
2753,source_pdf_pages,tex/2753_source_pdf.tex,requires_complete_editable_statement_and_proof,,
2754,source_pdf_pages,tex/2754_source_pdf.tex,requires_complete_editable_statement_and_proof,,
2755,source_pdf_pages,tex/2755_source_pdf.tex,requires_complete_editable_statement_and_proof,,
2756,source_pdf_pages,tex/2756_source_pdf.tex,requires_complete_editable_statement_and_proof,,
2757,source_pdf_pages,tex/2757_source_pdf.tex,requires_complete_editable_statement_and_proof,,
2758,source_pdf_pages,tex/2758_source_pdf.tex,requires_complete_editable_statement_and_proof,,
2759,source_pdf_pages,tex/2759_source_pdf.tex,requires_complete_editable_statement_and_proof,,
2760,source_pdf_pages,tex/2760_source_pdf.tex,requires_complete_editable_statement_and_proof,,
2761,source_pdf_pages,tex/2761_source_pdf.tex,requires_complete_editable_statement_and_proof,,
2762,source_pdf_pages,tex/2762_source_pdf.tex,requires_complete_editable_statement_and_proof,,
2763,source_pdf_pages,tex/2763_source_pdf.tex,requires_complete_editable_statement_and_proof,,
2764,source_pdf_pages,tex/2764_source_pdf.tex,requires_complete_editable_statement_and_proof,,
2765,source_pdf_pages,tex/2765_source_pdf.tex,requires_complete_editable_statement_and_proof,,
2766,source_pdf_pages,tex/2766_source_pdf.tex,requires_complete_editable_statement_and_proof,,
2767,source_pdf_pages,tex/2767_source_pdf.tex,requires_complete_editable_statement_and_proof,,
2768,source_pdf_pages,tex/2768_source_pdf.tex,requires_complete_editable_statement_and_proof,,
2769,source_pdf_pages,tex/2769_source_pdf.tex,requires_complete_editable_statement_and_proof,,
2770,source_pdf_pages,tex/2770_source_pdf.tex,requires_complete_editable_statement_and_proof,,
2771,source_pdf_pages,tex/2771_source_pdf.tex,requires_complete_editable_statement_and_proof,,
2772,source_pdf_pages,tex/2772_source_pdf.tex,requires_complete_editable_statement_and_proof,,
2773,source_pdf_pages,tex/2773_source_pdf.tex,requires_complete_editable_statement_and_proof,,
2774,source_pdf_pages,tex/2774_source_pdf.tex,requires_complete_editable_statement_and_proof,,
2775,source_pdf_pages,tex/2775_source_pdf.tex,requires_complete_editable_statement_and_proof,,
2776,source_pdf_pages,tex/2776_source_pdf.tex,requires_complete_editable_statement_and_proof,,
2777,source_pdf_pages,tex/2777_source_pdf.tex,requires_complete_editable_statement_and_proof,,
2778,source_pdf_pages,tex/2778_source_pdf.tex,requires_complete_editable_statement_and_proof,,
2779,source_pdf_pages,tex/2779_source_pdf.tex,requires_complete_editable_statement_and_proof,,
2780,source_pdf_pages,tex/2780_source_pdf.tex,requires_complete_editable_statement_and_proof,,
2781,source_pdf_pages,tex/2781_source_pdf.tex,requires_complete_editable_statement_and_proof,,
2782,source_pdf_pages,tex/2782_source_pdf.tex,requires_complete_editable_statement_and_proof,,
2783,source_pdf_pages,tex/2783_source_pdf.tex,requires_complete_editable_statement_and_proof,,
2784,source_pdf_pages,tex/2784_source_pdf.tex,requires_complete_editable_statement_and_proof,,
2785,source_pdf_pages,tex/2785_source_pdf.tex,requires_complete_editable_statement_and_proof,,
2786,source_pdf_pages,tex/2786_source_pdf.tex,requires_complete_editable_statement_and_proof,,
2787,source_pdf_pages,tex/2787_source_pdf.tex,requires_complete_editable_statement_and_proof,,
2788,source_pdf_pages,tex/2788_source_pdf.tex,requires_complete_editable_statement_and_proof,,
2789,source_pdf_pages,tex/2789_source_pdf.tex,requires_complete_editable_statement_and_proof,,
2790,source_pdf_pages,tex/2790_source_pdf.tex,requires_complete_editable_statement_and_proof,,
2791,source_pdf_pages,tex/2791_source_pdf.tex,requires_complete_editable_statement_and_proof,,
2792,source_pdf_pages,tex/2792_source_pdf.tex,requires_complete_editable_statement_and_proof,,
2793,source_pdf_pages,tex/2793_source_pdf.tex,requires_complete_editable_statement_and_proof,,
2794,source_pdf_pages,tex/2794_source_pdf.tex,requires_complete_editable_statement_and_proof,,
2795,source_pdf_pages,tex/2795_source_pdf.tex,requires_complete_editable_statement_and_proof,,
2796,source_pdf_pages,tex/2796_source_pdf.tex,requires_complete_editable_statement_and_proof,,
2797,source_pdf_pages,tex/2797_source_pdf.tex,requires_complete_editable_statement_and_proof,,
2798,source_pdf_pages,tex/2798_source_pdf.tex,requires_complete_editable_statement_and_proof,,
2799,source_pdf_pages,tex/2799_source_pdf.tex,requires_complete_editable_statement_and_proof,,
2800,source_pdf_pages,tex/2800_source_pdf.tex,requires_complete_editable_statement_and_proof,,
2801,source_pdf_pages,tex/2801_source_pdf.tex,requires_complete_editable_statement_and_proof,,
2802,source_pdf_pages,tex/2802_source_pdf.tex,requires_complete_editable_statement_and_proof,,
2803,source_pdf_pages,tex/2803_source_pdf.tex,requires_complete_editable_statement_and_proof,,
2804,source_pdf_pages,tex/2804_source_pdf.tex,requires_complete_editable_statement_and_proof,,
2805,source_pdf_pages,tex/2805_source_pdf.tex,requires_complete_editable_statement_and_proof,,
2806,source_pdf_pages,tex/2806_source_pdf.tex,requires_complete_editable_statement_and_proof,,
2807,source_pdf_pages,tex/2807_source_pdf.tex,requires_complete_editable_statement_and_proof,,
2808,source_pdf_pages,tex/2808_source_pdf.tex,requires_complete_editable_statement_and_proof,,
2809,source_pdf_pages,tex/2809_source_pdf.tex,requires_complete_editable_statement_and_proof,,
2810,source_pdf_pages,tex/2810_source_pdf.tex,requires_complete_editable_statement_and_proof,,
2811,source_pdf_pages,tex/2811_source_pdf.tex,requires_complete_editable_statement_and_proof,,
2812,source_pdf_pages,tex/2812_source_pdf.tex,requires_complete_editable_statement_and_proof,,
2813,source_pdf_pages,tex/2813_source_pdf.tex,requires_complete_editable_statement_and_proof,,
2814,source_pdf_pages,tex/2814_source_pdf.tex,requires_complete_editable_statement_and_proof,,
2815,source_pdf_pages,tex/2815_source_pdf.tex,requires_complete_editable_statement_and_proof,,
2816,source_pdf_pages,tex/2816_source_pdf.tex,requires_complete_editable_statement_and_proof,,
2817,source_pdf_pages,tex/2817_source_pdf.tex,requires_complete_editable_statement_and_proof,,
2818,source_pdf_pages,tex/2818_source_pdf.tex,requires_complete_editable_statement_and_proof,,
2819,source_pdf_pages,tex/2819_source_pdf.tex,requires_complete_editable_statement_and_proof,,
2820,source_pdf_pages,tex/2820_source_pdf.tex,requires_complete_editable_statement_and_proof,,
2821,source_pdf_pages,tex/2821_source_pdf.tex,requires_complete_editable_statement_and_proof,,
2822,source_pdf_pages,tex/2822_source_pdf.tex,requires_complete_editable_statement_and_proof,,
2823,source_pdf_pages,tex/2823_source_pdf.tex,requires_complete_editable_statement_and_proof,,
2824,source_pdf_pages,tex/2824_source_pdf.tex,requires_complete_editable_statement_and_proof,,
2825,source_pdf_pages,tex/2825_source_pdf.tex,requires_complete_editable_statement_and_proof,,
2826,source_pdf_pages,tex/2826_source_pdf.tex,requires_complete_editable_statement_and_proof,,
2827,source_pdf_pages,tex/2827_source_pdf.tex,requires_complete_editable_statement_and_proof,,
2828,source_pdf_pages,tex/2828_source_pdf.tex,requires_complete_editable_statement_and_proof,,
2829,source_pdf_pages,tex/2829_source_pdf.tex,requires_complete_editable_statement_and_proof,,
2830,source_pdf_pages,tex/2830_source_pdf.tex,requires_complete_editable_statement_and_proof,,
2831,source_pdf_pages,tex/2831_source_pdf.tex,requires_complete_editable_statement_and_proof,,
2832,source_pdf_pages,tex/2832_source_pdf.tex,requires_complete_editable_statement_and_proof,,
2833,source_pdf_pages,tex/2833_source_pdf.tex,requires_complete_editable_statement_and_proof,,
2834,source_pdf_pages,tex/2834_source_pdf.tex,requires_complete_editable_statement_and_proof,,
2835,source_pdf_pages,tex/2835_source_pdf.tex,requires_complete_editable_statement_and_proof,,
2836,source_pdf_pages,tex/2836_source_pdf.tex,requires_complete_editable_statement_and_proof,,
2837,source_pdf_pages,tex/2837_source_pdf.tex,requires_complete_editable_statement_and_proof,,
2838,source_pdf_pages,tex/2838_source_pdf.tex,requires_complete_editable_statement_and_proof,,
2839,source_pdf_pages,tex/2839_source_pdf.tex,verified_editable_tex,items/2839_author_proof.tex,
2840,source_pdf_pages,tex/2840_source_pdf.tex,requires_complete_editable_statement_and_proof,,
2841,source_pdf_pages,tex/2841_source_pdf.tex,requires_complete_editable_statement_and_proof,,
2842,source_pdf_pages,tex/2842_source_pdf.tex,requires_complete_editable_statement_and_proof,,
2843,source_pdf_pages,tex/2843_source_pdf.tex,requires_complete_editable_statement_and_proof,,
2844,source_pdf_pages,tex/2844_source_pdf.tex,requires_complete_editable_statement_and_proof,,
2845,source_pdf_pages,tex/2845_source_pdf.tex,requires_complete_editable_statement_and_proof,,
2846,source_pdf_pages,tex/2846_source_pdf.tex,requires_complete_editable_statement_and_proof,,
2847,source_pdf_pages,tex/2847_source_pdf.tex,requires_complete_editable_statement_and_proof,,
2848,source_pdf_pages,tex/2848_source_pdf.tex,requires_complete_editable_statement_and_proof,,
2849,source_pdf_pages,tex/2849_source_pdf.tex,requires_complete_editable_statement_and_proof,,
2850,source_pdf_pages,tex/2850_source_pdf.tex,requires_complete_editable_statement_and_proof,,
2851,source_pdf_pages,tex/2851_source_pdf.tex,requires_complete_editable_statement_and_proof,,
2852,source_pdf_pages,tex/2852_source_pdf.tex,requires_complete_editable_statement_and_proof,,
2853,source_pdf_pages,tex/2853_source_pdf.tex,requires_complete_editable_statement_and_proof,,
2854,source_pdf_pages,tex/2854_source_pdf.tex,requires_complete_editable_statement_and_proof,,
2855,source_pdf_pages,tex/2855_source_pdf.tex,requires_complete_editable_statement_and_proof,,
2856,source_pdf_pages,tex/2856_source_pdf.tex,requires_complete_editable_statement_and_proof,,
2857,source_pdf_pages,tex/2857_source_pdf.tex,requires_complete_editable_statement_and_proof,,
2858,source_pdf_pages,tex/2858_source_pdf.tex,requires_complete_editable_statement_and_proof,,
2859,source_pdf_pages,tex/2859_source_pdf.tex,requires_complete_editable_statement_and_proof,,
2860,source_pdf_pages,tex/2860_source_pdf.tex,requires_complete_editable_statement_and_proof,,
2861,source_pdf_pages,tex/2861_source_pdf.tex,requires_complete_editable_statement_and_proof,,
2862,source_pdf_pages,tex/2862_source_pdf.tex,requires_complete_editable_statement_and_proof,,
2863,source_pdf_pages,tex/2863_source_pdf.tex,requires_complete_editable_statement_and_proof,,
2864,source_pdf_pages,tex/2864_source_pdf.tex,requires_complete_editable_statement_and_proof,,
2865,source_pdf_pages,tex/2865_source_pdf.tex,requires_complete_editable_statement_and_proof,,
2866,source_pdf_pages,tex/2866_source_pdf.tex,requires_complete_editable_statement_and_proof,,
2867,source_pdf_pages,tex/2867_source_pdf.tex,requires_complete_editable_statement_and_proof,,
2868,source_pdf_pages,tex/2868_source_pdf.tex,requires_complete_editable_statement_and_proof,,
2869,native_tex,tex/2869_stacks_0728.tex,verified_editable_tex,items/2869_stacks_0728.tex,
2870,source_pdf_pages,tex/2870_source_pdf.tex,requires_complete_editable_statement_and_proof,,
2871,source_pdf_pages,tex/2871_source_pdf.tex,requires_complete_editable_statement_and_proof,,
2872,source_pdf_pages,tex/2872_source_pdf.tex,requires_complete_editable_statement_and_proof,,
2873,source_pdf_pages,tex/2873_source_pdf.tex,requires_complete_editable_statement_and_proof,,
2874,source_pdf_pages,tex/2874_source_pdf.tex,requires_complete_editable_statement_and_proof,,
2875,source_pdf_pages,tex/2875_source_pdf.tex,requires_complete_editable_statement_and_proof,,
2876,source_pdf_pages,tex/2876_source_pdf.tex,requires_complete_editable_statement_and_proof,,
2877,source_pdf_pages,tex/2877_source_pdf.tex,requires_complete_editable_statement_and_proof,,
2878,source_pdf_pages,tex/2878_source_pdf.tex,requires_complete_editable_statement_and_proof,,
2879,source_pdf_pages,tex/2879_source_pdf.tex,requires_complete_editable_statement_and_proof,,
2880,source_pdf_pages,tex/2880_source_pdf.tex,requires_complete_editable_statement_and_proof,,
2881,source_pdf_pages,tex/2881_source_pdf.tex,requires_complete_editable_statement_and_proof,,
2882,source_pdf_pages,tex/2882_source_pdf.tex,requires_complete_editable_statement_and_proof,,
2883,source_pdf_pages,tex/2883_source_pdf.tex,requires_complete_editable_statement_and_proof,,
2884,source_pdf_pages,tex/2884_source_pdf.tex,requires_complete_editable_statement_and_proof,,
2885,source_pdf_pages,tex/2885_source_pdf.tex,requires_complete_editable_statement_and_proof,,
2886,source_pdf_pages,tex/2886_source_pdf.tex,requires_complete_editable_statement_and_proof,,
2887,source_pdf_pages,tex/2887_source_pdf.tex,requires_complete_editable_statement_and_proof,,
2888,source_pdf_pages,tex/2888_source_pdf.tex,requires_complete_editable_statement_and_proof,,
2889,source_pdf_pages,tex/2889_source_pdf.tex,requires_complete_editable_statement_and_proof,,
2890,source_pdf_pages,tex/2890_source_pdf.tex,requires_complete_editable_statement_and_proof,,
2891,source_pdf_pages,tex/2891_source_pdf.tex,requires_complete_editable_statement_and_proof,,
2892,source_pdf_pages,tex/2892_source_pdf.tex,requires_complete_editable_statement_and_proof,,
2893,source_pdf_pages,tex/2893_source_pdf.tex,requires_complete_editable_statement_and_proof,,
2894,source_pdf_pages,tex/2894_source_pdf.tex,requires_complete_editable_statement_and_proof,,
2895,source_pdf_pages,tex/2895_source_pdf.tex,requires_complete_editable_statement_and_proof,,
2896,source_pdf_pages,tex/2896_source_pdf.tex,requires_complete_editable_statement_and_proof,,
2897,source_pdf_pages,tex/2897_source_pdf.tex,requires_complete_editable_statement_and_proof,,
2898,source_pdf_pages,tex/2898_source_pdf.tex,requires_complete_editable_statement_and_proof,,
2899,source_pdf_pages,tex/2899_source_pdf.tex,requires_complete_editable_statement_and_proof,,
2900,source_pdf_pages,tex/2900_source_pdf.tex,requires_complete_editable_statement_and_proof,,
2901,source_pdf_pages,tex/2901_source_pdf.tex,requires_complete_editable_statement_and_proof,,
2902,source_pdf_pages,tex/2902_source_pdf.tex,requires_complete_editable_statement_and_proof,,
2903,source_pdf_pages,tex/2903_source_pdf.tex,requires_complete_editable_statement_and_proof,,
2904,source_pdf_pages,tex/2904_source_pdf.tex,requires_complete_editable_statement_and_proof,,
2905,source_pdf_pages,tex/2905_source_pdf.tex,requires_complete_editable_statement_and_proof,,
2906,source_pdf_pages,tex/2906_source_pdf.tex,requires_complete_editable_statement_and_proof,,
2907,source_pdf_pages,tex/2907_source_pdf.tex,requires_complete_editable_statement_and_proof,,
2908,source_pdf_pages,tex/2908_source_pdf.tex,requires_complete_editable_statement_and_proof,,
2909,source_pdf_pages,tex/2909_source_pdf.tex,requires_complete_editable_statement_and_proof,,
2910,source_pdf_pages,tex/2910_source_pdf.tex,requires_complete_editable_statement_and_proof,,
2911,source_pdf_pages,tex/2911_source_pdf.tex,requires_complete_editable_statement_and_proof,,
2912,source_pdf_pages,tex/2912_source_pdf.tex,requires_complete_editable_statement_and_proof,,
2913,source_pdf_pages,tex/2913_source_pdf.tex,requires_complete_editable_statement_and_proof,,
2914,source_pdf_pages,tex/2914_source_pdf.tex,requires_complete_editable_statement_and_proof,,
2915,source_pdf_pages,tex/2915_source_pdf.tex,requires_complete_editable_statement_and_proof,,
2916,source_pdf_pages,tex/2916_source_pdf.tex,requires_complete_editable_statement_and_proof,,
2917,source_pdf_pages,tex/2917_source_pdf.tex,requires_complete_editable_statement_and_proof,,
2918,source_pdf_pages,tex/2918_source_pdf.tex,requires_complete_editable_statement_and_proof,,
2919,source_pdf_pages,tex/2919_source_pdf.tex,requires_complete_editable_statement_and_proof,,
2920,source_pdf_pages,tex/2920_source_pdf.tex,requires_complete_editable_statement_and_proof,,
2921,source_pdf_pages,tex/2921_source_pdf.tex,requires_complete_editable_statement_and_proof,,
2922,source_pdf_pages,tex/2922_source_pdf.tex,requires_complete_editable_statement_and_proof,,
2923,source_pdf_pages,tex/2923_source_pdf.tex,requires_complete_editable_statement_and_proof,,
2924,source_pdf_pages,tex/2924_source_pdf.tex,requires_complete_editable_statement_and_proof,,
2925,source_pdf_pages,tex/2925_source_pdf.tex,requires_complete_editable_statement_and_proof,,
2926,source_pdf_pages,tex/2926_source_pdf.tex,requires_complete_editable_statement_and_proof,,
2927,source_pdf_pages,tex/2927_source_pdf.tex,requires_complete_editable_statement_and_proof,,
2928,source_pdf_pages,tex/2928_source_pdf.tex,requires_complete_editable_statement_and_proof,,
2929,source_pdf_pages,tex/2929_source_pdf.tex,requires_complete_editable_statement_and_proof,,
2930,source_pdf_pages,tex/2930_source_pdf.tex,requires_complete_editable_statement_and_proof,,
2931,source_pdf_pages,tex/2931_source_pdf.tex,requires_complete_editable_statement_and_proof,,
2932,source_pdf_pages,tex/2932_source_pdf.tex,requires_complete_editable_statement_and_proof,,
2933,source_pdf_pages,tex/2933_source_pdf.tex,requires_complete_editable_statement_and_proof,,
2934,source_pdf_pages,tex/2934_source_pdf.tex,requires_complete_editable_statement_and_proof,,
2935,source_pdf_pages,tex/2935_source_pdf.tex,requires_complete_editable_statement_and_proof,,
2936,source_pdf_pages,tex/2936_source_pdf.tex,requires_complete_editable_statement_and_proof,,
2937,source_pdf_pages,tex/2937_source_pdf.tex,requires_complete_editable_statement_and_proof,,
2938,source_pdf_pages,tex/2938_source_pdf.tex,requires_complete_editable_statement_and_proof,,
2939,source_pdf_pages,tex/2939_source_pdf.tex,requires_complete_editable_statement_and_proof,,
2940,source_pdf_pages,tex/2940_source_pdf.tex,requires_complete_editable_statement_and_proof,,
2941,source_pdf_pages,tex/2941_source_pdf.tex,requires_complete_editable_statement_and_proof,,
2942,source_pdf_pages,tex/2942_source_pdf.tex,requires_complete_editable_statement_and_proof,,
2943,source_pdf_pages,tex/2943_source_pdf.tex,requires_complete_editable_statement_and_proof,,
2944,source_pdf_pages,tex/2944_source_pdf.tex,requires_complete_editable_statement_and_proof,,
2945,source_pdf_pages,tex/2945_source_pdf.tex,requires_complete_editable_statement_and_proof,,
2946,source_pdf_pages,tex/2946_source_pdf.tex,requires_complete_editable_statement_and_proof,,
2947,source_pdf_pages,tex/2947_source_pdf.tex,requires_complete_editable_statement_and_proof,,
2948,source_pdf_pages,tex/2948_source_pdf.tex,requires_complete_editable_statement_and_proof,,
2949,source_pdf_pages,tex/2949_source_pdf.tex,requires_complete_editable_statement_and_proof,,
2950,source_pdf_pages,tex/2950_source_pdf.tex,requires_complete_editable_statement_and_proof,,
2951,source_pdf_pages,tex/2951_source_pdf.tex,requires_complete_editable_statement_and_proof,,
2952,source_pdf_pages,tex/2952_source_pdf.tex,requires_complete_editable_statement_and_proof,,
2953,source_pdf_pages,tex/2953_source_pdf.tex,requires_complete_editable_statement_and_proof,,
2954,source_pdf_pages,tex/2954_source_pdf.tex,requires_complete_editable_statement_and_proof,,
2955,source_pdf_pages,tex/2955_source_pdf.tex,requires_complete_editable_statement_and_proof,,
2956,source_pdf_pages,tex/2956_source_pdf.tex,requires_complete_editable_statement_and_proof,,
2957,source_pdf_pages,tex/2957_source_pdf.tex,requires_complete_editable_statement_and_proof,,
2958,source_pdf_pages,tex/2958_source_pdf.tex,requires_complete_editable_statement_and_proof,,
2959,source_pdf_pages,tex/2959_source_pdf.tex,requires_complete_editable_statement_and_proof,,
2960,source_pdf_pages,tex/2960_source_pdf.tex,requires_complete_editable_statement_and_proof,,
2961,source_pdf_pages,tex/2961_source_pdf.tex,requires_complete_editable_statement_and_proof,,
2962,source_pdf_pages,tex/2962_source_pdf.tex,requires_complete_editable_statement_and_proof,,
2963,source_pdf_pages,tex/2963_source_pdf.tex,requires_complete_editable_statement_and_proof,,
2964,source_pdf_pages,tex/2964_source_pdf.tex,requires_complete_editable_statement_and_proof,,
2965,source_pdf_pages,tex/2965_source_pdf.tex,requires_complete_editable_statement_and_proof,,
2966,source_pdf_pages,tex/2966_source_pdf.tex,requires_complete_editable_statement_and_proof,,
2967,source_pdf_pages,tex/2967_source_pdf.tex,requires_complete_editable_statement_and_proof,,
2968,source_pdf_pages,tex/2968_source_pdf.tex,requires_complete_editable_statement_and_proof,,
2969,source_pdf_pages,tex/2969_source_pdf.tex,requires_complete_editable_statement_and_proof,,
2970,source_pdf_pages,tex/2970_source_pdf.tex,requires_complete_editable_statement_and_proof,,
2971,source_pdf_pages,tex/2971_source_pdf.tex,requires_complete_editable_statement_and_proof,,
2972,source_pdf_pages,tex/2972_source_pdf.tex,requires_complete_editable_statement_and_proof,,
2973,source_pdf_pages,tex/2973_source_pdf.tex,requires_complete_editable_statement_and_proof,,
2974,source_pdf_pages,tex/2974_source_pdf.tex,requires_complete_editable_statement_and_proof,,
2975,source_pdf_pages,tex/2975_source_pdf.tex,requires_complete_editable_statement_and_proof,,
2976,source_pdf_pages,tex/2976_source_pdf.tex,requires_complete_editable_statement_and_proof,,
2977,source_pdf_pages,tex/2977_source_pdf.tex,requires_complete_editable_statement_and_proof,,
2978,source_pdf_pages,tex/2978_source_pdf.tex,requires_complete_editable_statement_and_proof,,
2979,source_pdf_pages,tex/2979_source_pdf.tex,requires_complete_editable_statement_and_proof,,
2980,source_pdf_pages,tex/2980_source_pdf.tex,requires_complete_editable_statement_and_proof,,
2981,source_pdf_pages,tex/2981_source_pdf.tex,requires_complete_editable_statement_and_proof,,
2982,source_pdf_pages,tex/2982_source_pdf.tex,requires_complete_editable_statement_and_proof,,
2983,source_pdf_pages,tex/2983_source_pdf.tex,requires_complete_editable_statement_and_proof,,
2984,source_pdf_pages,tex/2984_source_pdf.tex,requires_complete_editable_statement_and_proof,,
2985,source_pdf_pages,tex/2985_source_pdf.tex,requires_complete_editable_statement_and_proof,,
2986,source_pdf_pages,tex/2986_source_pdf.tex,requires_complete_editable_statement_and_proof,,
2987,source_pdf_pages,tex/2987_source_pdf.tex,requires_complete_editable_statement_and_proof,,
2988,source_pdf_pages,tex/2988_source_pdf.tex,requires_complete_editable_statement_and_proof,,
2989,source_pdf_pages,tex/2989_source_pdf.tex,requires_complete_editable_statement_and_proof,,
2990,source_pdf_pages,tex/2990_source_pdf.tex,requires_complete_editable_statement_and_proof,,
2991,source_pdf_pages,tex/2991_source_pdf.tex,requires_complete_editable_statement_and_proof,,
2992,source_pdf_pages,tex/2992_source_pdf.tex,requires_complete_editable_statement_and_proof,,
2993,source_pdf_pages,tex/2993_source_pdf.tex,requires_complete_editable_statement_and_proof,,
2994,source_pdf_pages,tex/2994_source_pdf.tex,requires_complete_editable_statement_and_proof,,
2995,source_pdf_pages,tex/2995_source_pdf.tex,requires_complete_editable_statement_and_proof,,
2996,source_pdf_pages,tex/2996_source_pdf.tex,requires_complete_editable_statement_and_proof,,
2997,source_pdf_pages,tex/2997_source_pdf.tex,requires_complete_editable_statement_and_proof,,
2998,source_pdf_pages,tex/2998_source_pdf.tex,requires_complete_editable_statement_and_proof,,
2999,source_pdf_pages,tex/2999_source_pdf.tex,requires_complete_editable_statement_and_proof,,
3000,source_pdf_pages,tex/3000_source_pdf.tex,requires_complete_editable_statement_and_proof,,
3001,source_pdf_pages,tex/3001_source_pdf.tex,requires_complete_editable_statement_and_proof,,
3002,source_pdf_pages,tex/3002_source_pdf.tex,requires_complete_editable_statement_and_proof,,
3003,source_pdf_pages,tex/3003_source_pdf.tex,requires_complete_editable_statement_and_proof,,
3004,source_pdf_pages,tex/3004_source_pdf.tex,requires_complete_editable_statement_and_proof,,
3005,source_pdf_pages,tex/3005_source_pdf.tex,verified_editable_tex,items/3005_author_proof.tex,
3006,source_pdf_pages,tex/3006_source_pdf.tex,requires_complete_editable_statement_and_proof,,
3007,source_pdf_pages,tex/3007_source_pdf.tex,requires_complete_editable_statement_and_proof,,
3008,source_pdf_pages,tex/3008_source_pdf.tex,requires_complete_editable_statement_and_proof,,
3009,source_pdf_pages,tex/3009_source_pdf.tex,requires_complete_editable_statement_and_proof,,
3010,source_pdf_pages,tex/3010_source_pdf.tex,requires_complete_editable_statement_and_proof,,
3011,source_pdf_pages,tex/3011_source_pdf.tex,requires_complete_editable_statement_and_proof,,
3012,source_pdf_pages,tex/3012_source_pdf.tex,requires_complete_editable_statement_and_proof,,
3013,source_pdf_pages,tex/3013_source_pdf.tex,requires_complete_editable_statement_and_proof,,
3014,source_pdf_pages,tex/3014_source_pdf.tex,requires_complete_editable_statement_and_proof,,
3015,source_pdf_pages,tex/3015_source_pdf.tex,requires_complete_editable_statement_and_proof,,
3016,source_pdf_pages,tex/3016_source_pdf.tex,requires_complete_editable_statement_and_proof,,
3017,source_pdf_pages,tex/3017_source_pdf.tex,requires_complete_editable_statement_and_proof,,
3018,source_pdf_pages,tex/3018_source_pdf.tex,requires_complete_editable_statement_and_proof,,
3019,source_pdf_pages,tex/3019_source_pdf.tex,requires_complete_editable_statement_and_proof,,
3020,source_pdf_pages,tex/3020_source_pdf.tex,requires_complete_editable_statement_and_proof,,
3021,source_pdf_pages,tex/3021_source_pdf.tex,requires_complete_editable_statement_and_proof,,
3022,source_pdf_pages,tex/3022_source_pdf.tex,requires_complete_editable_statement_and_proof,,
3023,source_pdf_pages,tex/3023_source_pdf.tex,requires_complete_editable_statement_and_proof,,
3024,source_pdf_pages,tex/3024_source_pdf.tex,requires_complete_editable_statement_and_proof,,
3025,source_pdf_pages,tex/3025_source_pdf.tex,requires_complete_editable_statement_and_proof,,
3026,source_pdf_pages,tex/3026_source_pdf.tex,requires_complete_editable_statement_and_proof,,
3027,source_pdf_pages,tex/3027_source_pdf.tex,requires_complete_editable_statement_and_proof,,
3028,source_pdf_pages,tex/3028_source_pdf.tex,requires_complete_editable_statement_and_proof,,
3029,source_pdf_pages,tex/3029_source_pdf.tex,requires_complete_editable_statement_and_proof,,
3030,source_pdf_pages,tex/3030_source_pdf.tex,requires_complete_editable_statement_and_proof,,
3031,source_pdf_pages,tex/3031_source_pdf.tex,requires_complete_editable_statement_and_proof,,
3032,source_pdf_pages,tex/3032_source_pdf.tex,requires_complete_editable_statement_and_proof,,
3033,source_pdf_pages,tex/3033_source_pdf.tex,requires_complete_editable_statement_and_proof,,
3034,source_pdf_pages,tex/3034_source_pdf.tex,requires_complete_editable_statement_and_proof,,
3035,source_pdf_pages,tex/3035_source_pdf.tex,requires_complete_editable_statement_and_proof,,
3036,source_pdf_pages,tex/3036_source_pdf.tex,requires_complete_editable_statement_and_proof,,
3037,source_pdf_pages,tex/3037_source_pdf.tex,requires_complete_editable_statement_and_proof,,
3038,source_pdf_pages,tex/3038_source_pdf.tex,requires_complete_editable_statement_and_proof,,
3039,source_pdf_pages,tex/3039_source_pdf.tex,requires_complete_editable_statement_and_proof,,
3040,source_pdf_pages,tex/3040_source_pdf.tex,requires_complete_editable_statement_and_proof,,
3041,source_pdf_pages,tex/3041_source_pdf.tex,requires_complete_editable_statement_and_proof,,
3042,source_pdf_pages,tex/3042_source_pdf.tex,requires_complete_editable_statement_and_proof,,
3043,source_pdf_pages,tex/3043_source_pdf.tex,requires_complete_editable_statement_and_proof,,
3044,source_pdf_pages,tex/3044_source_pdf.tex,requires_complete_editable_statement_and_proof,,
3045,source_pdf_pages,tex/3045_source_pdf.tex,requires_complete_editable_statement_and_proof,,
3046,source_pdf_pages,tex/3046_source_pdf.tex,requires_complete_editable_statement_and_proof,,
3047,source_pdf_pages,tex/3047_source_pdf.tex,requires_complete_editable_statement_and_proof,,
3048,source_pdf_pages,tex/3048_source_pdf.tex,requires_complete_editable_statement_and_proof,,
3049,source_pdf_pages,tex/3049_source_pdf.tex,requires_complete_editable_statement_and_proof,,
3050,source_pdf_pages,tex/3050_source_pdf.tex,requires_complete_editable_statement_and_proof,,
3051,source_pdf_pages,tex/3051_source_pdf.tex,requires_complete_editable_statement_and_proof,,
3052,source_pdf_pages,tex/3052_source_pdf.tex,requires_complete_editable_statement_and_proof,,
3053,source_pdf_pages,tex/3053_source_pdf.tex,requires_complete_editable_statement_and_proof,,
3054,source_pdf_pages,tex/3054_source_pdf.tex,requires_complete_editable_statement_and_proof,,
3055,source_pdf_pages,tex/3055_source_pdf.tex,requires_complete_editable_statement_and_proof,,
3056,source_pdf_pages,tex/3056_source_pdf.tex,requires_complete_editable_statement_and_proof,,
3057,source_pdf_pages,tex/3057_source_pdf.tex,requires_complete_editable_statement_and_proof,,
3058,source_pdf_pages,tex/3058_source_pdf.tex,requires_complete_editable_statement_and_proof,,
3059,source_pdf_pages,tex/3059_source_pdf.tex,requires_complete_editable_statement_and_proof,,
3060,source_pdf_pages,tex/3060_source_pdf.tex,requires_complete_editable_statement_and_proof,,
3061,source_pdf_pages,tex/3061_source_pdf.tex,requires_complete_editable_statement_and_proof,,
3062,source_pdf_pages,tex/3062_source_pdf.tex,requires_complete_editable_statement_and_proof,,
3063,source_pdf_pages,tex/3063_source_pdf.tex,requires_complete_editable_statement_and_proof,,
3064,source_pdf_pages,tex/3064_source_pdf.tex,requires_complete_editable_statement_and_proof,,
3065,source_pdf_pages,tex/3065_source_pdf.tex,requires_complete_editable_statement_and_proof,,
3066,source_pdf_pages,tex/3066_source_pdf.tex,requires_complete_editable_statement_and_proof,,
3067,source_pdf_pages,tex/3067_source_pdf.tex,requires_complete_editable_statement_and_proof,,
3068,source_pdf_pages,tex/3068_source_pdf.tex,requires_complete_editable_statement_and_proof,,
3069,source_pdf_pages,tex/3069_source_pdf.tex,requires_complete_editable_statement_and_proof,,
3070,source_pdf_pages,tex/3070_source_pdf.tex,requires_complete_editable_statement_and_proof,,
3071,source_pdf_pages,tex/3071_source_pdf.tex,requires_complete_editable_statement_and_proof,,
3072,source_pdf_pages,tex/3072_source_pdf.tex,requires_complete_editable_statement_and_proof,,
3073,source_pdf_pages,tex/3073_source_pdf.tex,requires_complete_editable_statement_and_proof,,
3074,source_pdf_pages,tex/3074_source_pdf.tex,requires_complete_editable_statement_and_proof,,
3075,source_pdf_pages,tex/3075_source_pdf.tex,requires_complete_editable_statement_and_proof,,
3076,source_pdf_pages,tex/3076_source_pdf.tex,requires_complete_editable_statement_and_proof,,
3077,source_pdf_pages,tex/3077_source_pdf.tex,requires_complete_editable_statement_and_proof,,
3078,source_pdf_pages,tex/3078_source_pdf.tex,requires_complete_editable_statement_and_proof,,
3079,source_pdf_pages,tex/3079_source_pdf.tex,requires_complete_editable_statement_and_proof,,
3080,source_pdf_pages,tex/3080_source_pdf.tex,requires_complete_editable_statement_and_proof,,
3081,source_pdf_pages,tex/3081_source_pdf.tex,requires_complete_editable_statement_and_proof,,
3082,source_pdf_pages,tex/3082_source_pdf.tex,requires_complete_editable_statement_and_proof,,
3083,source_pdf_pages,tex/3083_source_pdf.tex,requires_complete_editable_statement_and_proof,,
3084,source_pdf_pages,tex/3084_source_pdf.tex,requires_complete_editable_statement_and_proof,,
3085,source_pdf_pages,tex/3085_source_pdf.tex,requires_complete_editable_statement_and_proof,,
3086,source_pdf_pages,tex/3086_source_pdf.tex,requires_complete_editable_statement_and_proof,,
3087,source_pdf_pages,tex/3087_source_pdf.tex,requires_complete_editable_statement_and_proof,,
3088,source_pdf_pages,tex/3088_source_pdf.tex,requires_complete_editable_statement_and_proof,,
3089,source_pdf_pages,tex/3089_source_pdf.tex,requires_complete_editable_statement_and_proof,,
3090,source_pdf_pages,tex/3090_source_pdf.tex,requires_complete_editable_statement_and_proof,,
3091,source_pdf_pages,tex/3091_source_pdf.tex,requires_complete_editable_statement_and_proof,,
3092,source_pdf_pages,tex/3092_source_pdf.tex,requires_complete_editable_statement_and_proof,,
3093,source_pdf_pages,tex/3093_source_pdf.tex,requires_complete_editable_statement_and_proof,,
3094,source_pdf_pages,tex/3094_source_pdf.tex,requires_complete_editable_statement_and_proof,,
3095,source_pdf_pages,tex/3095_source_pdf.tex,requires_complete_editable_statement_and_proof,,
3096,source_pdf_pages,tex/3096_source_pdf.tex,requires_complete_editable_statement_and_proof,,
3097,source_pdf_pages,tex/3097_source_pdf.tex,requires_complete_editable_statement_and_proof,,
3098,source_pdf_pages,tex/3098_source_pdf.tex,requires_complete_editable_statement_and_proof,,
3099,source_pdf_pages,tex/3099_source_pdf.tex,requires_complete_editable_statement_and_proof,,
3100,source_pdf_pages,tex/3100_source_pdf.tex,requires_complete_editable_statement_and_proof,,
3101,source_pdf_pages,tex/3101_source_pdf.tex,requires_complete_editable_statement_and_proof,,
3102,source_pdf_pages,tex/3102_source_pdf.tex,requires_complete_editable_statement_and_proof,,
3103,source_pdf_pages,tex/3103_source_pdf.tex,requires_complete_editable_statement_and_proof,,
3104,source_pdf_pages,tex/3104_source_pdf.tex,requires_complete_editable_statement_and_proof,,
3105,source_pdf_pages,tex/3105_source_pdf.tex,requires_complete_editable_statement_and_proof,,
3106,source_pdf_pages,tex/3106_source_pdf.tex,requires_complete_editable_statement_and_proof,,
3107,source_pdf_pages,tex/3107_source_pdf.tex,requires_complete_editable_statement_and_proof,,
3108,source_pdf_pages,tex/3108_source_pdf.tex,requires_complete_editable_statement_and_proof,,
3109,source_pdf_pages,tex/3109_source_pdf.tex,requires_complete_editable_statement_and_proof,,
3110,source_pdf_pages,tex/3110_source_pdf.tex,requires_complete_editable_statement_and_proof,,
3111,source_pdf_pages,tex/3111_source_pdf.tex,requires_complete_editable_statement_and_proof,,
3112,source_pdf_pages,tex/3112_source_pdf.tex,requires_complete_editable_statement_and_proof,,
3113,source_pdf_pages,tex/3113_source_pdf.tex,requires_complete_editable_statement_and_proof,,
3114,source_pdf_pages,tex/3114_source_pdf.tex,requires_complete_editable_statement_and_proof,,
3115,source_pdf_pages,tex/3115_source_pdf.tex,requires_complete_editable_statement_and_proof,,
3116,source_pdf_pages,tex/3116_source_pdf.tex,requires_complete_editable_statement_and_proof,,
3117,source_pdf_pages,tex/3117_source_pdf.tex,requires_complete_editable_statement_and_proof,,
3118,source_pdf_pages,tex/3118_source_pdf.tex,requires_complete_editable_statement_and_proof,,
3119,source_pdf_pages,tex/3119_source_pdf.tex,requires_complete_editable_statement_and_proof,,
3120,source_pdf_pages,tex/3120_source_pdf.tex,requires_complete_editable_statement_and_proof,,
3121,source_pdf_pages,tex/3121_source_pdf.tex,requires_complete_editable_statement_and_proof,,
3122,source_pdf_pages,tex/3122_source_pdf.tex,requires_complete_editable_statement_and_proof,,
3123,source_pdf_pages,tex/3123_source_pdf.tex,requires_complete_editable_statement_and_proof,,
3124,source_pdf_pages,tex/3124_source_pdf.tex,requires_complete_editable_statement_and_proof,,
3125,source_pdf_pages,tex/3125_source_pdf.tex,requires_complete_editable_statement_and_proof,,
3126,source_pdf_pages,tex/3126_source_pdf.tex,requires_complete_editable_statement_and_proof,,
3127,source_pdf_pages,tex/3127_source_pdf.tex,requires_complete_editable_statement_and_proof,,
3128,source_pdf_pages,tex/3128_source_pdf.tex,requires_complete_editable_statement_and_proof,,
3129,source_pdf_pages,tex/3129_source_pdf.tex,requires_complete_editable_statement_and_proof,,
3130,source_pdf_pages,tex/3130_source_pdf.tex,requires_complete_editable_statement_and_proof,,
3131,source_pdf_pages,tex/3131_source_pdf.tex,requires_complete_editable_statement_and_proof,,
3132,source_pdf_pages,tex/3132_source_pdf.tex,requires_complete_editable_statement_and_proof,,
3133,source_pdf_pages,tex/3133_source_pdf.tex,requires_complete_editable_statement_and_proof,,
3134,source_pdf_pages,tex/3134_source_pdf.tex,requires_complete_editable_statement_and_proof,,
3135,source_pdf_pages,tex/3135_source_pdf.tex,requires_complete_editable_statement_and_proof,,
3136,source_pdf_pages,tex/3136_source_pdf.tex,requires_complete_editable_statement_and_proof,,
3137,source_pdf_pages,tex/3137_source_pdf.tex,requires_complete_editable_statement_and_proof,,
3138,source_pdf_pages,tex/3138_source_pdf.tex,requires_complete_editable_statement_and_proof,,
3139,source_pdf_pages,tex/3139_source_pdf.tex,requires_complete_editable_statement_and_proof,,
3140,source_pdf_pages,tex/3140_source_pdf.tex,requires_complete_editable_statement_and_proof,,
3141,source_pdf_pages,tex/3141_source_pdf.tex,requires_complete_editable_statement_and_proof,,
3142,source_pdf_pages,tex/3142_source_pdf.tex,requires_complete_editable_statement_and_proof,,
3143,source_pdf_pages,tex/3143_source_pdf.tex,requires_complete_editable_statement_and_proof,,
3144,source_pdf_pages,tex/3144_source_pdf.tex,requires_complete_editable_statement_and_proof,,
3145,source_pdf_pages,tex/3145_source_pdf.tex,requires_complete_editable_statement_and_proof,,
3146,source_pdf_pages,tex/3146_source_pdf.tex,requires_complete_editable_statement_and_proof,,
3147,source_pdf_pages,tex/3147_source_pdf.tex,requires_complete_editable_statement_and_proof,,
3148,source_pdf_pages,tex/3148_source_pdf.tex,requires_complete_editable_statement_and_proof,,
3149,source_pdf_pages,tex/3149_source_pdf.tex,requires_complete_editable_statement_and_proof,,
3150,source_pdf_pages,tex/3150_source_pdf.tex,requires_complete_editable_statement_and_proof,,
3151,source_pdf_pages,tex/3151_source_pdf.tex,requires_complete_editable_statement_and_proof,,
3152,source_pdf_pages,tex/3152_source_pdf.tex,requires_complete_editable_statement_and_proof,,
3153,source_pdf_pages,tex/3153_source_pdf.tex,requires_complete_editable_statement_and_proof,,
3154,source_pdf_pages,tex/3154_source_pdf.tex,requires_complete_editable_statement_and_proof,,
3155,source_pdf_pages,tex/3155_source_pdf.tex,requires_complete_editable_statement_and_proof,,
3156,source_pdf_pages,tex/3156_source_pdf.tex,requires_complete_editable_statement_and_proof,,
3157,source_pdf_pages,tex/3157_source_pdf.tex,requires_complete_editable_statement_and_proof,,
3158,source_pdf_pages,tex/3158_source_pdf.tex,requires_complete_editable_statement_and_proof,,
3159,source_pdf_pages,tex/3159_source_pdf.tex,requires_complete_editable_statement_and_proof,,
3160,source_pdf_pages,tex/3160_source_pdf.tex,requires_complete_editable_statement_and_proof,,
3161,source_pdf_pages,tex/3161_source_pdf.tex,requires_complete_editable_statement_and_proof,,
3162,source_pdf_pages,tex/3162_source_pdf.tex,requires_complete_editable_statement_and_proof,,
3163,source_pdf_pages,tex/3163_source_pdf.tex,requires_complete_editable_statement_and_proof,,
3164,source_pdf_pages,tex/3164_source_pdf.tex,requires_complete_editable_statement_and_proof,,
3165,source_pdf_pages,tex/3165_source_pdf.tex,requires_complete_editable_statement_and_proof,,
3166,source_pdf_pages,tex/3166_source_pdf.tex,requires_complete_editable_statement_and_proof,,
3167,source_pdf_pages,tex/3167_source_pdf.tex,requires_complete_editable_statement_and_proof,,
3168,source_pdf_pages,tex/3168_source_pdf.tex,requires_complete_editable_statement_and_proof,,
3169,source_pdf_pages,tex/3169_source_pdf.tex,requires_complete_editable_statement_and_proof,,
3170,source_pdf_pages,tex/3170_source_pdf.tex,requires_complete_editable_statement_and_proof,,
3171,source_pdf_pages,tex/3171_source_pdf.tex,requires_complete_editable_statement_and_proof,,
3172,source_pdf_pages,tex/3172_source_pdf.tex,requires_complete_editable_statement_and_proof,,
3173,source_pdf_pages,tex/3173_source_pdf.tex,requires_complete_editable_statement_and_proof,,
3174,source_pdf_pages,tex/3174_source_pdf.tex,requires_complete_editable_statement_and_proof,,
3175,source_pdf_pages,tex/3175_source_pdf.tex,requires_complete_editable_statement_and_proof,,
3176,source_pdf_pages,tex/3176_source_pdf.tex,requires_complete_editable_statement_and_proof,,
3177,source_pdf_pages,tex/3177_source_pdf.tex,requires_complete_editable_statement_and_proof,,
3178,source_pdf_pages,tex/3178_source_pdf.tex,requires_complete_editable_statement_and_proof,,
3179,source_pdf_pages,tex/3179_source_pdf.tex,requires_complete_editable_statement_and_proof,,
3180,source_pdf_pages,tex/3180_source_pdf.tex,requires_complete_editable_statement_and_proof,,
3181,source_pdf_pages,tex/3181_source_pdf.tex,requires_complete_editable_statement_and_proof,,
3182,source_pdf_pages,tex/3182_source_pdf.tex,requires_complete_editable_statement_and_proof,,
3183,source_pdf_pages,tex/3183_source_pdf.tex,requires_complete_editable_statement_and_proof,,
3184,source_pdf_pages,tex/3184_source_pdf.tex,requires_complete_editable_statement_and_proof,,
3185,source_pdf_pages,tex/3185_source_pdf.tex,requires_complete_editable_statement_and_proof,,
3186,source_pdf_pages,tex/3186_source_pdf.tex,requires_complete_editable_statement_and_proof,,
3187,source_pdf_pages,tex/3187_source_pdf.tex,requires_complete_editable_statement_and_proof,,
3188,source_pdf_pages,tex/3188_source_pdf.tex,requires_complete_editable_statement_and_proof,,
3189,source_pdf_pages,tex/3189_source_pdf.tex,requires_complete_editable_statement_and_proof,,
3190,source_pdf_pages,tex/3190_source_pdf.tex,requires_complete_editable_statement_and_proof,,
3191,source_pdf_pages,tex/3191_source_pdf.tex,requires_complete_editable_statement_and_proof,,
3192,source_pdf_pages,tex/3192_source_pdf.tex,requires_complete_editable_statement_and_proof,,
3193,source_pdf_pages,tex/3193_source_pdf.tex,requires_complete_editable_statement_and_proof,,
3194,source_pdf_pages,tex/3194_source_pdf.tex,requires_complete_editable_statement_and_proof,,
3195,source_pdf_pages,tex/3195_source_pdf.tex,requires_complete_editable_statement_and_proof,,
3196,source_pdf_pages,tex/3196_source_pdf.tex,requires_complete_editable_statement_and_proof,,
3197,source_pdf_pages,tex/3197_source_pdf.tex,requires_complete_editable_statement_and_proof,,
3198,source_pdf_pages,tex/3198_source_pdf.tex,verified_editable_tex,items/3198_author_proof.tex,
3199,source_pdf_pages,tex/3199_source_pdf.tex,requires_complete_editable_statement_and_proof,,
3200,source_pdf_pages,tex/3200_source_pdf.tex,requires_complete_editable_statement_and_proof,,
3201,source_pdf_pages,tex/3201_source_pdf.tex,requires_complete_editable_statement_and_proof,,
3202,source_pdf_pages,tex/3202_source_pdf.tex,requires_complete_editable_statement_and_proof,,
3203,source_pdf_pages,tex/3203_source_pdf.tex,requires_complete_editable_statement_and_proof,,
3204,source_pdf_pages,tex/3204_source_pdf.tex,requires_complete_editable_statement_and_proof,,
3205,source_pdf_pages,tex/3205_source_pdf.tex,requires_complete_editable_statement_and_proof,,
3206,source_pdf_pages,tex/3206_source_pdf.tex,requires_complete_editable_statement_and_proof,,
3207,source_pdf_pages,tex/3207_source_pdf.tex,requires_complete_editable_statement_and_proof,,
3208,source_pdf_pages,tex/3208_source_pdf.tex,requires_complete_editable_statement_and_proof,,
3209,source_pdf_pages,tex/3209_source_pdf.tex,requires_complete_editable_statement_and_proof,,
3210,source_pdf_pages,tex/3210_source_pdf.tex,requires_complete_editable_statement_and_proof,,
3215,source_pdf_pages,historical-source-record-not-in-restored-checkpoint,verified_editable_tex,items/3215_author_proof.tex,
3406,source_pdf_pages,new_selected_primary,verified_editable_tex,items/3406_author_proof.tex,
